committee,committee_id,side,race,candidate_name,candidate_id,candidate_party,office,state,district,support_oppose,amount,expenditure_date,dissemination_date,date_used,date_source,week_start,payee,purpose,filing_id,filing_form,report_type,is_notice,source,election_type,election_basis,transaction_id,filing_date,filing_url,pdf_url
SLF,C00571703,R,NC-SEN,"WHATLEY, MICHAEL",S6NC00415,REP,S,NC,00,S,59163.26,2026-02-19,2026-02-19,2026-02-19,dissemination,2026-02-16,FINANCE STRATEGIES GROUP LLC,POSTAGE / PRINTING / PRODUCTION,1986757,F3X,Q1,False,processed,G2026,G2026,SE24.25046,2026-06-26,https://docquery.fec.gov/cgi-bin/forms/C00571703/1986757/,https://docquery.fec.gov/cgi-bin/fecimg/?202606269874270204
SLF,C00571703,R,NC-SEN,"COOPER, ROY",S6NC00407,DEM,S,NC,00,O,256666.67,2026-02-19,2026-02-19,2026-02-19,dissemination,2026-02-16,FINANCE STRATEGIES GROUP LLC,ONLINE ADVERTISING,1986757,F3X,Q1,False,processed,G2026,G2026,SE24.25045,2026-06-26,https://docquery.fec.gov/cgi-bin/forms/C00571703/1986757/,https://docquery.fec.gov/cgi-bin/fecimg/?202606269874270204
SLF,C00571703,R,NC-SEN,"WHATLEY, MICHAEL",S6NC00415,REP,S,NC,00,S,84059.3,2026-03-31,2026-03-31,2026-03-31,dissemination,2026-03-30,FINANCE STRATEGIES GROUP LLC,POSTAGE / PRINTING / PRODUCTION,1986757,F3X,Q1,False,processed,G2026,G2026,SE24.25180,2026-06-26,https://docquery.fec.gov/cgi-bin/forms/C00571703/1986757/,https://docquery.fec.gov/cgi-bin/fecimg/?202606269874270212
SLF,C00571703,R,NC-SEN,"WHATLEY, MICHAEL",S6NC00415,REP,S,NC,00,S,181000.0,2026-03-31,2026-03-31,2026-03-31,dissemination,2026-03-30,FINANCE STRATEGIES GROUP LLC,ONLINE ADVERTISING,1986757,F3X,Q1,False,processed,G2026,G2026,SE24.25179,2026-06-26,https://docquery.fec.gov/cgi-bin/forms/C00571703/1986757/,https://docquery.fec.gov/cgi-bin/fecimg/?202606269874270211
SLF,C00571703,R,IA-SEN,"ARENHOLZ, ASHLEY HINSON",S6IA00314,REP,S,IA,00,S,25043.25,2026-06-04,2026-06-04,2026-06-04,dissemination,2026-06-01,FINANCE STRATEGIES GROUP LLC,POSTAGE / PRINTING / PRODUCTION,1996156,F3X,Q2,False,processed,G2026,G2026,SE24.25640,2026-07-15,https://docquery.fec.gov/cgi-bin/forms/C00571703/1996156/,https://docquery.fec.gov/cgi-bin/fecimg/?202607159875820247
SLF,C00571703,R,IA-SEN,"TUREK, JOSHUA",S6IA00298,DEM,S,IA,00,O,11166.0,2026-06-04,2026-06-04,2026-06-04,dissemination,2026-06-01,FINANCE STRATEGIES GROUP LLC,POSTAGE / PRINTING / PRODUCTION,1996156,F3X,Q2,False,processed,G2026,G2026,SE24.25639,2026-07-15,https://docquery.fec.gov/cgi-bin/forms/C00571703/1996156/,https://docquery.fec.gov/cgi-bin/fecimg/?202607159875820246
SLF,C00571703,R,IA-SEN,"ARENHOLZ, ASHLEY HINSON",S6IA00314,REP,S,IA,00,S,165000.0,2026-06-04,2026-06-04,2026-06-04,dissemination,2026-06-01,FINANCE STRATEGIES GROUP LLC,ONLINE ADVERTISING,1996156,F3X,Q2,False,processed,G2026,G2026,SE24.25638,2026-07-15,https://docquery.fec.gov/cgi-bin/forms/C00571703/1996156/,https://docquery.fec.gov/cgi-bin/fecimg/?202607159875820246
SLF,C00571703,R,NC-SEN,"COOPER, ROY",S6NC00407,DEM,S,NC,00,O,36209.25,2026-06-04,2026-06-04,2026-06-04,dissemination,2026-06-01,FINANCE STRATEGIES GROUP LLC,POSTAGE / PRINTING / PRODUCTION,1996156,F3X,Q2,False,processed,G2026,G2026,SE24.25645,2026-07-15,https://docquery.fec.gov/cgi-bin/forms/C00571703/1996156/,https://docquery.fec.gov/cgi-bin/fecimg/?202607159875820249
SLF,C00571703,R,NC-SEN,"WHATLEY, MICHAEL",S6NC00415,REP,S,NC,00,S,40000.0,2026-06-04,2026-06-04,2026-06-04,dissemination,2026-06-01,FINANCE STRATEGIES GROUP LLC,ONLINE ADVERTISING,1996156,F3X,Q2,False,processed,G2026,G2026,SE24.25644,2026-07-15,https://docquery.fec.gov/cgi-bin/forms/C00571703/1996156/,https://docquery.fec.gov/cgi-bin/fecimg/?202607159875820249
SLF,C00571703,R,NC-SEN,"COOPER, ROY",S6NC00407,DEM,S,NC,00,O,75000.0,2026-06-04,2026-06-04,2026-06-04,dissemination,2026-06-01,FINANCE STRATEGIES GROUP LLC,ONLINE ADVERTISING,1996156,F3X,Q2,False,processed,G2026,G2026,SE24.25643,2026-07-15,https://docquery.fec.gov/cgi-bin/forms/C00571703/1996156/,https://docquery.fec.gov/cgi-bin/fecimg/?202607159875820248
SLF,C00571703,R,NE-SEN,"OSBORN, DAN",S4NE00207,IND,S,NE,00,O,100000.0,2026-06-04,2026-06-04,2026-06-04,dissemination,2026-06-01,FINANCE STRATEGIES GROUP LLC,ONLINE ADVERTISING,1996156,F3X,Q2,False,processed,G2026,G2026,SE24.25646,2026-07-15,https://docquery.fec.gov/cgi-bin/forms/C00571703/1996156/,https://docquery.fec.gov/cgi-bin/fecimg/?202607159875820250
SLF,C00571703,R,OH-SEN,"BROWN, SHERROD",S6OH00163,DEM,S,OH,00,O,107075.75,2026-06-04,2026-06-04,2026-06-04,dissemination,2026-06-01,FINANCE STRATEGIES GROUP LLC,POSTAGE / PRINTING / PRODUCTION,1996156,F3X,Q2,False,processed,G2026,G2026,SE24.25649,2026-07-15,https://docquery.fec.gov/cgi-bin/forms/C00571703/1996156/,https://docquery.fec.gov/cgi-bin/fecimg/?202607159875820251
SLF,C00571703,R,OH-SEN,"HUSTED, JON",S6OH00304,REP,S,OH,00,S,40000.0,2026-06-04,2026-06-04,2026-06-04,dissemination,2026-06-01,FINANCE STRATEGIES GROUP LLC,ONLINE ADVERTISING,1996156,F3X,Q2,False,processed,G2026,G2026,SE24.25648,2026-07-15,https://docquery.fec.gov/cgi-bin/forms/C00571703/1996156/,https://docquery.fec.gov/cgi-bin/fecimg/?202607159875820251
WinSenate,C00865444,D,NC-SEN,"WHATLEY, MICHAEL",S6NC00415,REP,S,NC,00,O,19689.7,2026-07-30,2026-07-24,2026-07-24,dissemination,2026-07-20,WATERFRONT STRATEGIES,MEDIA PRODUCTION,2008995,F3X,M8,False,processed,G2026,G2026,500195525,2026-08-20,https://docquery.fec.gov/cgi-bin/forms/C00865444/2008995/,https://docquery.fec.gov/cgi-bin/fecimg/?202608209899779434
WinSenate,C00865444,D,NC-SEN,"WHATLEY, MICHAEL",S6NC00415,REP,S,NC,00,O,13590.48,2026-07-30,2026-07-24,2026-07-24,dissemination,2026-07-20,C PLUS K LLC,MEDIA PRODUCTION,2008995,F3X,M8,False,processed,G2026,G2026,500195413,2026-08-20,https://docquery.fec.gov/cgi-bin/forms/C00865444/2008995/,https://docquery.fec.gov/cgi-bin/fecimg/?202608209899779433
WinSenate,C00865444,D,NC-SEN,"WHATLEY, MICHAEL",S6NC00415,REP,S,NC,00,O,749383.33,2026-07-24,2026-07-24,2026-07-24,dissemination,2026-07-20,C PLUS K LLC,DIGITAL MEDIA BUY,2008995,F3X,M8,False,processed,G2026,G2026,500195412,2026-08-20,https://docquery.fec.gov/cgi-bin/forms/C00865444/2008995/,https://docquery.fec.gov/cgi-bin/fecimg/?202608209899779433
SLF,C00571703,R,ME-SEN,"JACKSON, TROY DALE",S6ME00464,DEM,S,ME,00,O,17500.0,2026-07-27,2026-07-25,2026-07-25,dissemination,2026-07-20,DREAM AMERICA MEDIA,WEB AD,2002312,F24,48,True,processed,G2026,G2026,SE.2,2026-07-27,https://docquery.fec.gov/cgi-bin/forms/C00571703/2002312/,https://docquery.fec.gov/cgi-bin/fecimg/?202607279894479596
SLF,C00571703,R,ME-SEN,"JACKSON, TROY DALE",S6ME00464,DEM,S,ME,00,O,100000.0,2026-07-27,2026-07-25,2026-07-25,dissemination,2026-07-20,ALAMO INTELLIGENCE LLC,ONLINE ADVERTISING,2002312,F24,48,True,processed,G2026,G2026,SE.1,2026-07-27,https://docquery.fec.gov/cgi-bin/forms/C00571703/2002312/,https://docquery.fec.gov/cgi-bin/fecimg/?202607279894479596
SLF,C00571703,R,NC-SEN,"COOPER, ROY",S6NC00407,DEM,S,NC,00,O,17500.0,2026-07-29,2026-07-29,2026-07-29,dissemination,2026-07-27,PRIME MEDIA PARTNERS LLC,MEDIA PRODUCTION,2003171,F24,48,True,processed,G2026,G2026,SE.3,2026-07-31,https://docquery.fec.gov/cgi-bin/forms/C00571703/2003171/,https://docquery.fec.gov/cgi-bin/fecimg/?202607319899259683
SLF,C00571703,R,NC-SEN,"COOPER, ROY",S6NC00407,DEM,S,NC,00,O,1100000.0,2026-07-28,2026-07-29,2026-07-29,dissemination,2026-07-27,FLEXPOINT MEDIA,ONLINE ADVERTISING,2003171,F24,48,True,processed,G2026,G2026,SE.2,2026-07-31,https://docquery.fec.gov/cgi-bin/forms/C00571703/2003171/,https://docquery.fec.gov/cgi-bin/fecimg/?202607319899259682
SLF,C00571703,R,NC-SEN,"COOPER, ROY",S6NC00407,DEM,S,NC,00,O,1267320.0,2026-07-27,2026-07-29,2026-07-29,dissemination,2026-07-27,FLEXPOINT MEDIA,MEDIA PLACEMENT,2003171,F24,48,True,processed,G2026,G2026,SE.1,2026-07-31,https://docquery.fec.gov/cgi-bin/forms/C00571703/2003171/,https://docquery.fec.gov/cgi-bin/fecimg/?202607319899259682
WinSenate,C00865444,D,NC-SEN,"WHATLEY, MICHAEL",S6NC00415,REP,S,NC,00,O,749383.33,2026-07-30,2026-07-30,2026-07-30,dissemination,2026-07-27,C PLUS K LLC,DIGITAL MEDIA BUY,2008995,F3X,M8,False,processed,G2026,G2026,500195659,2026-08-20,https://docquery.fec.gov/cgi-bin/forms/C00865444/2008995/,https://docquery.fec.gov/cgi-bin/fecimg/?202608209899779434
SLF,C00571703,R,NC-SEN,"COOPER, ROY",S6NC00407,DEM,S,NC,00,O,291993.74,2026-07-30,2026-07-31,2026-07-31,dissemination,2026-07-27,CALIBER CONTACT,POSTAGE / PRINTING / PRODUCTION,2003171,F24,48,True,processed,G2026,G2026,SE.4,2026-07-31,https://docquery.fec.gov/cgi-bin/forms/C00571703/2003171/,https://docquery.fec.gov/cgi-bin/fecimg/?202607319899259683
WinSenate,C00865444,D,NC-SEN,"WHATLEY, MICHAEL",S6NC00415,REP,S,NC,00,O,4902.84,2026-08-28,2026-08-01,2026-08-01,dissemination,2026-07-27,WATERFRONT STRATEGIES,MEDIA PRODUCTION,2014552,F3X,M9,False,processed,G2026,G2026,500195665,2026-09-20,https://docquery.fec.gov/cgi-bin/forms/C00865444/2014552/,https://docquery.fec.gov/cgi-bin/fecimg/?202609209908328679
WinSenate,C00865444,D,NC-SEN,"WHATLEY, MICHAEL",S6NC00415,REP,S,NC,00,O,1583845.19,2026-08-01,2026-08-01,2026-08-01,dissemination,2026-07-27,WATERFRONT STRATEGIES,MEDIA BUY,2014552,F3X,M9,False,processed,G2026,G2026,500195664,2026-09-20,https://docquery.fec.gov/cgi-bin/forms/C00865444/2014552/,https://docquery.fec.gov/cgi-bin/fecimg/?202609209908328675
SLF,C00571703,R,ME-SEN,"JACKSON, TROY DALE",S6ME00464,DEM,S,ME,00,O,175000.0,2026-08-04,2026-08-04,2026-08-04,dissemination,2026-08-03,ALAMO INTELLIGENCE LLC,ONLINE ADVERTISING,2004713,F24,48,True,processed,G2026,G2026,SE.1,2026-08-06,https://docquery.fec.gov/cgi-bin/forms/C00571703/2004713/,https://docquery.fec.gov/cgi-bin/fecimg/?202608069899389726
SLF,C00571703,R,MI-SEN,"EL-SAYED, ABDUL",S6MI00418,DEM,S,MI,00,O,17500.0,2026-08-05,2026-08-05,2026-08-05,dissemination,2026-08-03,ONMESSAGE INC.,MEDIA PRODUCTION,2005045,F24,48,True,processed,G2026,G2026,SE.2,2026-08-07,https://docquery.fec.gov/cgi-bin/forms/C00571703/2005045/,https://docquery.fec.gov/cgi-bin/fecimg/?202608079899421309
SLF,C00571703,R,MI-SEN,"EL-SAYED, ABDUL",S6MI00418,DEM,S,MI,00,O,250000.0,2026-08-05,2026-08-05,2026-08-05,dissemination,2026-08-03,MAJORITY STRATEGIES LLC,ONLINE ADVERTISING,2005045,F24,48,True,processed,G2026,G2026,SE.1,2026-08-07,https://docquery.fec.gov/cgi-bin/forms/C00571703/2005045/,https://docquery.fec.gov/cgi-bin/fecimg/?202608079899421309
SLF,C00571703,R,NC-SEN,"COOPER, ROY",S6NC00407,DEM,S,NC,00,O,19966.66,2026-08-05,2026-08-05,2026-08-05,dissemination,2026-08-03,THM CONSULTING LLC,TEXT MESSAGING,2005045,F24,48,True,processed,G2026,G2026,SE.7,2026-08-07,https://docquery.fec.gov/cgi-bin/forms/C00571703/2005045/,https://docquery.fec.gov/cgi-bin/fecimg/?202608079899421312
SLF,C00571703,R,NC-SEN,"COOPER, ROY",S6NC00407,DEM,S,NC,00,O,17500.0,2026-08-05,2026-08-05,2026-08-05,dissemination,2026-08-03,PRIME MEDIA PARTNERS LLC,MEDIA PRODUCTION,2005045,F24,48,True,processed,G2026,G2026,SE.5,2026-08-07,https://docquery.fec.gov/cgi-bin/forms/C00571703/2005045/,https://docquery.fec.gov/cgi-bin/fecimg/?202608079899421311
SLF,C00571703,R,NC-SEN,"COOPER, ROY",S6NC00407,DEM,S,NC,00,O,1100000.0,2026-08-04,2026-08-05,2026-08-05,dissemination,2026-08-03,FLEXPOINT MEDIA,ONLINE ADVERTISING,2005045,F24,48,True,processed,G2026,G2026,SE.4,2026-08-07,https://docquery.fec.gov/cgi-bin/forms/C00571703/2005045/,https://docquery.fec.gov/cgi-bin/fecimg/?202608079899421310
SLF,C00571703,R,NC-SEN,"COOPER, ROY",S6NC00407,DEM,S,NC,00,O,1354806.25,2026-08-04,2026-08-05,2026-08-05,dissemination,2026-08-03,FLEXPOINT MEDIA,MEDIA PLACEMENT,2005045,F24,48,True,processed,G2026,G2026,SE.3,2026-08-07,https://docquery.fec.gov/cgi-bin/forms/C00571703/2005045/,https://docquery.fec.gov/cgi-bin/fecimg/?202608079899421310
SLF,C00571703,R,NC-SEN,"COOPER, ROY",S6NC00407,DEM,S,NC,00,O,29850.0,2026-07-16,2026-08-05,2026-08-05,dissemination,2026-08-03,PRIME MEDIA PARTNERS LLC,MEDIA PRODUCTION,2005045,F24,48,True,processed,G2026,G2026,SE.6,2026-08-07,https://docquery.fec.gov/cgi-bin/forms/C00571703/2005045/,https://docquery.fec.gov/cgi-bin/fecimg/?202608079899421311
SLF,C00571703,R,NC-SEN,"COOPER, ROY",S6NC00407,DEM,S,NC,00,O,246323.73,2026-08-06,2026-08-06,2026-08-06,dissemination,2026-08-03,CALIBER CONTACT,POSTAGE / PRINTING / PRODUCTION,2005045,F24,48,True,processed,G2026,G2026,SE.8,2026-08-07,https://docquery.fec.gov/cgi-bin/forms/C00571703/2005045/,https://docquery.fec.gov/cgi-bin/fecimg/?202608079899421312
WinSenate,C00865444,D,NC-SEN,"WHATLEY, MICHAEL",S6NC00415,REP,S,NC,00,O,749383.33,2026-08-06,2026-08-06,2026-08-06,dissemination,2026-08-03,C PLUS K LLC,DIGITAL MEDIA BUY,2014552,F3X,M9,False,processed,G2026,G2026,500195736,2026-09-20,https://docquery.fec.gov/cgi-bin/forms/C00865444/2014552/,https://docquery.fec.gov/cgi-bin/fecimg/?202609209908328666
WinSenate,C00865444,D,NC-SEN,"WHATLEY, MICHAEL",S6NC00415,REP,S,NC,00,O,1012448.63,2026-08-06,2026-08-11,2026-08-11,dissemination,2026-08-10,WATERFRONT STRATEGIES,MEDIA BUY,2014552,F3X,M9,False,processed,G2026,G2026,500195762,2026-09-20,https://docquery.fec.gov/cgi-bin/forms/C00865444/2014552/,https://docquery.fec.gov/cgi-bin/fecimg/?202609209908328676
SLF,C00571703,R,ME-SEN,"JACKSON, TROY DALE",S6ME00464,DEM,S,ME,00,O,17500.0,2026-08-12,2026-08-12,2026-08-12,dissemination,2026-08-10,DREAM AMERICA MEDIA,MEDIA PRODUCTION,2006495,F24,48,True,processed,G2026,G2026,SE.3,2026-08-14,https://docquery.fec.gov/cgi-bin/forms/C00571703/2006495/,https://docquery.fec.gov/cgi-bin/fecimg/?202608149899518939
SLF,C00571703,R,ME-SEN,"JACKSON, TROY DALE",S6ME00464,DEM,S,ME,00,O,350000.0,2026-08-12,2026-08-12,2026-08-12,dissemination,2026-08-10,ALAMO INTELLIGENCE LLC,ONLINE ADVERTISING,2006495,F24,48,True,processed,G2026,G2026,SE.2,2026-08-14,https://docquery.fec.gov/cgi-bin/forms/C00571703/2006495/,https://docquery.fec.gov/cgi-bin/fecimg/?202608149899518938
SLF,C00571703,R,ME-SEN,"JACKSON, TROY DALE",S6ME00464,DEM,S,ME,00,O,1055224.42,2026-08-10,2026-08-12,2026-08-12,dissemination,2026-08-10,MHB MEDIA INC,MEDIA PLACEMENT,2006495,F24,48,True,processed,G2026,G2026,SE.1,2026-08-14,https://docquery.fec.gov/cgi-bin/forms/C00571703/2006495/,https://docquery.fec.gov/cgi-bin/fecimg/?202608149899518938
SLF,C00571703,R,MI-SEN,"EL-SAYED, ABDUL",S6MI00418,DEM,S,MI,00,O,500000.0,2026-08-12,2026-08-12,2026-08-12,dissemination,2026-08-10,MAJORITY STRATEGIES LLC,ONLINE ADVERTISING,2006495,F24,48,True,processed,G2026,G2026,SE.7,2026-08-14,https://docquery.fec.gov/cgi-bin/forms/C00571703/2006495/,https://docquery.fec.gov/cgi-bin/fecimg/?202608149899518941
SLF,C00571703,R,MI-SEN,"EL-SAYED, ABDUL",S6MI00418,DEM,S,MI,00,O,1397235.63,2026-08-11,2026-08-12,2026-08-12,dissemination,2026-08-10,MHB MEDIA INC,MEDIA PLACEMENT,2006495,F24,48,True,processed,G2026,G2026,SE.6,2026-08-14,https://docquery.fec.gov/cgi-bin/forms/C00571703/2006495/,https://docquery.fec.gov/cgi-bin/fecimg/?202608149899518940
SLF,C00571703,R,NC-SEN,"COOPER, ROY",S6NC00407,DEM,S,NC,00,O,1100000.0,2026-08-12,2026-08-12,2026-08-12,dissemination,2026-08-10,FLEXPOINT MEDIA,ONLINE ADVERTISING,2006495,F24,48,True,processed,G2026,G2026,SE.9,2026-08-14,https://docquery.fec.gov/cgi-bin/forms/C00571703/2006495/,https://docquery.fec.gov/cgi-bin/fecimg/?202608149899518942
SLF,C00571703,R,NC-SEN,"COOPER, ROY",S6NC00407,DEM,S,NC,00,O,17527.55,2026-08-11,2026-08-12,2026-08-12,dissemination,2026-08-10,THM CONSULTING LLC,TEXT MESSAGING,2006495,F24,48,True,processed,G2026,G2026,SE.11,2026-08-14,https://docquery.fec.gov/cgi-bin/forms/C00571703/2006495/,https://docquery.fec.gov/cgi-bin/fecimg/?202608149899518943
SLF,C00571703,R,NC-SEN,"COOPER, ROY",S6NC00407,DEM,S,NC,00,O,291993.74,2026-08-11,2026-08-12,2026-08-12,dissemination,2026-08-10,CALIBER CONTACT,POSTAGE / PRINTING / PRODUCTION,2006495,F24,48,True,processed,G2026,G2026,SE.10,2026-08-14,https://docquery.fec.gov/cgi-bin/forms/C00571703/2006495/,https://docquery.fec.gov/cgi-bin/fecimg/?202608149899518942
SLF,C00571703,R,NC-SEN,"COOPER, ROY",S6NC00407,DEM,S,NC,00,O,1255708.8,2026-08-10,2026-08-12,2026-08-12,dissemination,2026-08-10,FLEXPOINT MEDIA,MEDIA PLACEMENT,2006495,F24,48,True,processed,G2026,G2026,SE.8,2026-08-14,https://docquery.fec.gov/cgi-bin/forms/C00571703/2006495/,https://docquery.fec.gov/cgi-bin/fecimg/?202608149899518941
WinSenate,C00865444,D,NC-SEN,"WHATLEY, MICHAEL",S6NC00415,REP,S,NC,00,O,29128.66,2026-08-28,2026-08-13,2026-08-13,dissemination,2026-08-10,WATERFRONT STRATEGIES,MEDIA PRODUCTION,2014552,F3X,M9,False,processed,G2026,G2026,500195764,2026-09-20,https://docquery.fec.gov/cgi-bin/forms/C00865444/2014552/,https://docquery.fec.gov/cgi-bin/fecimg/?202609209908328679
SLF,C00571703,R,IA-SEN,"TUREK, JOSHUA",S6IA00298,DEM,S,IA,00,O,17880.0,2026-08-11,2026-08-14,2026-08-14,dissemination,2026-08-10,AIRADS WORLDWIDE INC,AERIAL ADVERTISEMENT,2006495,F24,48,True,processed,G2026,G2026,SE.12,2026-08-14,https://docquery.fec.gov/cgi-bin/forms/C00571703/2006495/,https://docquery.fec.gov/cgi-bin/fecimg/?202608149899518943
SLF,C00571703,R,ME-SEN,"JACKSON, TROY DALE",S6ME00464,DEM,S,ME,00,O,2500.0,2026-08-14,2026-08-14,2026-08-14,dissemination,2026-08-10,DREAM AMERICA MEDIA,MEDIA PRODUCTION,2006495,F24,48,True,processed,G2026,G2026,SE.5,2026-08-14,https://docquery.fec.gov/cgi-bin/forms/C00571703/2006495/,https://docquery.fec.gov/cgi-bin/fecimg/?202608149899518940
SLF,C00571703,R,ME-SEN,"JACKSON, TROY DALE",S6ME00464,DEM,S,ME,00,O,78321.62,2026-08-10,2026-08-14,2026-08-14,dissemination,2026-08-10,MHB MEDIA INC,MEDIA PLACEMENT,2006495,F24,48,True,processed,G2026,G2026,SE.4,2026-08-14,https://docquery.fec.gov/cgi-bin/forms/C00571703/2006495/,https://docquery.fec.gov/cgi-bin/fecimg/?202608149899518939
WinSenate,C00865444,D,NC-SEN,"WHATLEY, MICHAEL",S6NC00415,REP,S,NC,00,O,24000.0,2026-08-31,2026-08-14,2026-08-14,dissemination,2026-08-10,C PLUS K LLC,"MEDIA PRODUCTION, REVISED FROM ESTIMATE OF $11,537.96",2014552,F3X,M9,False,processed,G2026,G2026,500195794,2026-09-20,https://docquery.fec.gov/cgi-bin/forms/C00865444/2014552/,https://docquery.fec.gov/cgi-bin/fecimg/?202609209908328669
WinSenate,C00865444,D,NC-SEN,"WHATLEY, MICHAEL",S6NC00415,REP,S,NC,00,O,605000.0,2026-08-14,2026-08-14,2026-08-14,dissemination,2026-08-10,C PLUS K LLC,DIGITAL MEDIA BUY,2014552,F3X,M9,False,processed,G2026,G2026,500195793,2026-09-20,https://docquery.fec.gov/cgi-bin/forms/C00865444/2014552/,https://docquery.fec.gov/cgi-bin/fecimg/?202609209908328666
SLF,C00571703,R,ME-SEN,"JACKSON, TROY DALE",S6ME00464,DEM,S,ME,00,O,5000.0,2026-08-18,2026-08-18,2026-08-18,dissemination,2026-08-17,DREAM AMERICA MEDIA,MEDIA PRODUCTION,2007281,F24,48,True,processed,G2026,G2026,SE.1,2026-08-18,https://docquery.fec.gov/cgi-bin/forms/C00571703/2007281/,https://docquery.fec.gov/cgi-bin/fecimg/?202608189899554594
WinSenate,C00865444,D,NC-SEN,"WHATLEY, MICHAEL",S6NC00415,REP,S,NC,00,O,1012448.63,2026-08-13,2026-08-18,2026-08-18,dissemination,2026-08-17,WATERFRONT STRATEGIES,MEDIA BUY,2014552,F3X,M9,False,processed,G2026,G2026,500195763,2026-09-20,https://docquery.fec.gov/cgi-bin/forms/C00865444/2014552/,https://docquery.fec.gov/cgi-bin/fecimg/?202609209908328676
SLF,C00571703,R,AK-SEN,"PELTOLA, MARY",S6AK00276,DEM,S,AK,00,O,485.59,2026-08-19,2026-08-19,2026-08-19,dissemination,2026-08-17,THM CONSULTING LLC,TEXT MESSAGING,2009380,F24,48,True,processed,G2026,G2026,SE.5,2026-08-21,https://docquery.fec.gov/cgi-bin/forms/C00571703/2009380/,https://docquery.fec.gov/cgi-bin/fecimg/?202608219903381238
SLF,C00571703,R,AK-SEN,"PELTOLA, MARY",S6AK00276,DEM,S,AK,00,O,20500.0,2026-08-19,2026-08-19,2026-08-19,dissemination,2026-08-17,PRIME MEDIA PARTNERS LLC,MEDIA PRODUCTION,2009380,F24,48,True,processed,G2026,G2026,SE.4,2026-08-21,https://docquery.fec.gov/cgi-bin/forms/C00571703/2009380/,https://docquery.fec.gov/cgi-bin/fecimg/?202608219903381237
SLF,C00571703,R,AK-SEN,"PELTOLA, MARY",S6AK00276,DEM,S,AK,00,O,150000.0,2026-08-19,2026-08-19,2026-08-19,dissemination,2026-08-17,FLEXPOINT MEDIA,MEDIA PLACEMENT,2009380,F24,48,True,processed,G2026,G2026,SE.3,2026-08-21,https://docquery.fec.gov/cgi-bin/forms/C00571703/2009380/,https://docquery.fec.gov/cgi-bin/fecimg/?202608219903381237
SLF,C00571703,R,AK-SEN,"PELTOLA, MARY",S6AK00276,DEM,S,AK,00,O,200000.0,2026-08-19,2026-08-19,2026-08-19,dissemination,2026-08-17,FLEXPOINT MEDIA,MEDIA PLACEMENT,2009380,F24,48,True,processed,G2026,G2026,SE.2,2026-08-21,https://docquery.fec.gov/cgi-bin/forms/C00571703/2009380/,https://docquery.fec.gov/cgi-bin/fecimg/?202608219903381236
SLF,C00571703,R,AK-SEN,"PELTOLA, MARY",S6AK00276,DEM,S,AK,00,O,570043.85,2026-08-17,2026-08-19,2026-08-19,dissemination,2026-08-17,FLEXPOINT MEDIA,MEDIA PLACEMENT,2009380,F24,48,True,processed,G2026,G2026,SE.1,2026-08-21,https://docquery.fec.gov/cgi-bin/forms/C00571703/2009380/,https://docquery.fec.gov/cgi-bin/fecimg/?202608219903381236
SLF,C00571703,R,IA-SEN,"TUREK, JOSHUA",S6IA00298,DEM,S,IA,00,O,200000.0,2026-08-20,2026-08-19,2026-08-19,dissemination,2026-08-17,MAJORITY STRATEGIES LLC,MEDIA PLACEMENT,2009380,F24,48,True,processed,G2026,G2026,SE.9,2026-08-21,https://docquery.fec.gov/cgi-bin/forms/C00571703/2009380/,https://docquery.fec.gov/cgi-bin/fecimg/?202608219903381234
SLF,C00571703,R,IA-SEN,"TUREK, JOSHUA",S6IA00298,DEM,S,IA,00,O,600000.0,2026-08-19,2026-08-19,2026-08-19,dissemination,2026-08-17,MAJORITY STRATEGIES LLC,MEDIA PLACEMENT,2009380,F24,48,True,processed,G2026,G2026,SE.8,2026-08-21,https://docquery.fec.gov/cgi-bin/forms/C00571703/2009380/,https://docquery.fec.gov/cgi-bin/fecimg/?202608219903381247
SLF,C00571703,R,IA-SEN,"TUREK, JOSHUA",S6IA00298,DEM,S,IA,00,O,7800.0,2026-08-19,2026-08-19,2026-08-19,dissemination,2026-08-17,RED ELEPHANT STRATEGY LLC,MEDIA PRODUCTION,2009380,F24,48,True,processed,G2026,G2026,SE.10,2026-08-21,https://docquery.fec.gov/cgi-bin/forms/C00571703/2009380/,https://docquery.fec.gov/cgi-bin/fecimg/?202608219903381234
SLF,C00571703,R,IA-SEN,"TUREK, JOSHUA",S6IA00298,DEM,S,IA,00,O,1052843.79,2026-08-17,2026-08-19,2026-08-19,dissemination,2026-08-17,FLEXPOINT MEDIA,MEDIA PLACEMENT,2009380,F24,48,True,processed,G2026,G2026,SE.7,2026-08-21,https://docquery.fec.gov/cgi-bin/forms/C00571703/2009380/,https://docquery.fec.gov/cgi-bin/fecimg/?202608219903381247
SLF,C00571703,R,ME-SEN,"JACKSON, TROY DALE",S6ME00464,DEM,S,ME,00,O,200000.0,2026-08-19,2026-08-19,2026-08-19,dissemination,2026-08-17,ALAMO INTELLIGENCE LLC,MEDIA PLACEMENT,2009380,F24,48,True,processed,G2026,G2026,SE.14,2026-08-21,https://docquery.fec.gov/cgi-bin/forms/C00571703/2009380/,https://docquery.fec.gov/cgi-bin/fecimg/?202608219903381244
SLF,C00571703,R,ME-SEN,"JACKSON, TROY DALE",S6ME00464,DEM,S,ME,00,O,350000.0,2026-08-19,2026-08-19,2026-08-19,dissemination,2026-08-17,ALAMO INTELLIGENCE LLC,MEDIA PLACEMENT,2009380,F24,48,True,processed,G2026,G2026,SE.13,2026-08-21,https://docquery.fec.gov/cgi-bin/forms/C00571703/2009380/,https://docquery.fec.gov/cgi-bin/fecimg/?202608219903381244
SLF,C00571703,R,ME-SEN,"JACKSON, TROY DALE",S6ME00464,DEM,S,ME,00,O,1133546.04,2026-08-14,2026-08-19,2026-08-19,dissemination,2026-08-17,MHB MEDIA INC,MEDIA PLACEMENT,2009380,F24,48,True,processed,G2026,G2026,SE.12,2026-08-21,https://docquery.fec.gov/cgi-bin/forms/C00571703/2009380/,https://docquery.fec.gov/cgi-bin/fecimg/?202608219903381235
SLF,C00571703,R,MI-SEN,"EL-SAYED, ABDUL",S6MI00418,DEM,S,MI,00,O,250000.0,2026-08-19,2026-08-19,2026-08-19,dissemination,2026-08-17,MAJORITY STRATEGIES LLC,MEDIA PLACEMENT,2009380,F24,48,True,processed,G2026,G2026,SE.20,2026-08-21,https://docquery.fec.gov/cgi-bin/forms/C00571703/2009380/,https://docquery.fec.gov/cgi-bin/fecimg/?202608219903381241
SLF,C00571703,R,MI-SEN,"EL-SAYED, ABDUL",S6MI00418,DEM,S,MI,00,O,500000.0,2026-08-19,2026-08-19,2026-08-19,dissemination,2026-08-17,MAJORITY STRATEGIES LLC,MEDIA PLACEMENT,2009380,F24,48,True,processed,G2026,G2026,SE.19,2026-08-21,https://docquery.fec.gov/cgi-bin/forms/C00571703/2009380/,https://docquery.fec.gov/cgi-bin/fecimg/?202608219903381241
SLF,C00571703,R,MI-SEN,"EL-SAYED, ABDUL",S6MI00418,DEM,S,MI,00,O,69472.5,2026-08-18,2026-08-19,2026-08-19,dissemination,2026-08-17,MHB MEDIA INC,MEDIA PLACEMENT,2009380,F24,48,True,processed,G2026,G2026,SE.18,2026-08-21,https://docquery.fec.gov/cgi-bin/forms/C00571703/2009380/,https://docquery.fec.gov/cgi-bin/fecimg/?202608219903381246
SLF,C00571703,R,MI-SEN,"EL-SAYED, ABDUL",S6MI00418,DEM,S,MI,00,O,1396740.63,2026-08-17,2026-08-19,2026-08-19,dissemination,2026-08-17,MHB MEDIA INC,MEDIA PLACEMENT,2009380,F24,48,True,processed,G2026,G2026,SE.17,2026-08-21,https://docquery.fec.gov/cgi-bin/forms/C00571703/2009380/,https://docquery.fec.gov/cgi-bin/fecimg/?202608219903381246
SLF,C00571703,R,NC-SEN,"COOPER, ROY",S6NC00407,DEM,S,NC,00,O,246323.73,2026-08-21,2026-08-19,2026-08-19,dissemination,2026-08-17,CALIBER CONTACT,POSTAGE / PRINTING / PRODUCTION,2009380,F24,48,True,processed,G2026,G2026,SE.27,2026-08-21,https://docquery.fec.gov/cgi-bin/forms/C00571703/2009380/,https://docquery.fec.gov/cgi-bin/fecimg/?202608219903381240
SLF,C00571703,R,NC-SEN,"COOPER, ROY",S6NC00407,DEM,S,NC,00,O,250000.0,2026-08-19,2026-08-19,2026-08-19,dissemination,2026-08-17,FLEXPOINT MEDIA,MEDIA PLACEMENT,2009380,F24,48,True,processed,G2026,G2026,SE.24,2026-08-21,https://docquery.fec.gov/cgi-bin/forms/C00571703/2009380/,https://docquery.fec.gov/cgi-bin/fecimg/?202608219903381243
SLF,C00571703,R,NC-SEN,"COOPER, ROY",S6NC00407,DEM,S,NC,00,O,1100000.0,2026-08-19,2026-08-19,2026-08-19,dissemination,2026-08-17,FLEXPOINT MEDIA,MEDIA PLACEMENT,2009380,F24,48,True,processed,G2026,G2026,SE.23,2026-08-21,https://docquery.fec.gov/cgi-bin/forms/C00571703/2009380/,https://docquery.fec.gov/cgi-bin/fecimg/?202608219903381243
SLF,C00571703,R,NC-SEN,"COOPER, ROY",S6NC00407,DEM,S,NC,00,O,16820.86,2026-08-19,2026-08-19,2026-08-19,dissemination,2026-08-17,THM CONSULTING LLC,TEXT MESSAGING,2009380,F24,48,True,processed,G2026,G2026,SE.26,2026-08-21,https://docquery.fec.gov/cgi-bin/forms/C00571703/2009380/,https://docquery.fec.gov/cgi-bin/fecimg/?202608219903381239
SLF,C00571703,R,NC-SEN,"COOPER, ROY",S6NC00407,DEM,S,NC,00,O,17500.0,2026-08-19,2026-08-19,2026-08-19,dissemination,2026-08-17,PRIME MEDIA PARTNERS LLC,MEDIA PRODUCTION,2009380,F24,48,True,processed,G2026,G2026,SE.25,2026-08-21,https://docquery.fec.gov/cgi-bin/forms/C00571703/2009380/,https://docquery.fec.gov/cgi-bin/fecimg/?202608219903381239
SLF,C00571703,R,NC-SEN,"COOPER, ROY",S6NC00407,DEM,S,NC,00,O,1255177.8,2026-08-17,2026-08-19,2026-08-19,dissemination,2026-08-17,FLEXPOINT MEDIA,MEDIA PLACEMENT,2009380,F24,48,True,processed,G2026,G2026,SE.22,2026-08-21,https://docquery.fec.gov/cgi-bin/forms/C00571703/2009380/,https://docquery.fec.gov/cgi-bin/fecimg/?202608219903381242
WinSenate,C00865444,D,MI-SEN,"ROGERS, MICHAEL",S4MI00595,REP,S,MI,00,O,22819.0,2026-08-28,2026-08-19,2026-08-19,dissemination,2026-08-17,DIXON/DAVIS MEDIA GROUP LLC,MEDIA PRODUCTION,2014552,F3X,M9,False,processed,G2026,G2026,500195973,2026-09-20,https://docquery.fec.gov/cgi-bin/forms/C00865444/2014552/,https://docquery.fec.gov/cgi-bin/fecimg/?202609209908328670
WinSenate,C00865444,D,MI-SEN,"ROGERS, MICHAEL",S4MI00595,REP,S,MI,00,O,928955.45,2026-08-18,2026-08-19,2026-08-19,dissemination,2026-08-17,WATERFRONT STRATEGIES,MEDIA BUY,2014552,F3X,M9,False,processed,G2026,G2026,500195970,2026-09-20,https://docquery.fec.gov/cgi-bin/forms/C00865444/2014552/,https://docquery.fec.gov/cgi-bin/fecimg/?202609209908328677
WinSenate,C00865444,D,NC-SEN,"WHATLEY, MICHAEL",S6NC00415,REP,S,NC,00,O,1000.0,2026-08-28,2026-08-19,2026-08-19,dissemination,2026-08-17,C PLUS K LLC,MEDIA PRODUCTION,2014552,F3X,M9,False,processed,G2026,G2026,500195977,2026-09-20,https://docquery.fec.gov/cgi-bin/forms/C00865444/2014552/,https://docquery.fec.gov/cgi-bin/fecimg/?202609209908328667
SLF,C00571703,R,IA-SEN,"TUREK, JOSHUA",S6IA00298,DEM,S,IA,00,O,4550.0,2026-08-21,2026-08-20,2026-08-20,dissemination,2026-08-17,RED ELEPHANT STRATEGY LLC,MEDIA PRODUCTION,2009380,F24,48,True,processed,G2026,G2026,SE.11,2026-08-21,https://docquery.fec.gov/cgi-bin/forms/C00571703/2009380/,https://docquery.fec.gov/cgi-bin/fecimg/?202608219903381235
SLF,C00571703,R,ME-SEN,"JACKSON, TROY DALE",S6ME00464,DEM,S,ME,00,O,17500.0,2026-08-20,2026-08-20,2026-08-20,dissemination,2026-08-17,DREAM AMERICA MEDIA,MEDIA PRODUCTION,2009380,F24,48,True,processed,G2026,G2026,SE.15,2026-08-21,https://docquery.fec.gov/cgi-bin/forms/C00571703/2009380/,https://docquery.fec.gov/cgi-bin/fecimg/?202608219903381245
WinSenate,C00865444,D,NC-SEN,"WHATLEY, MICHAEL",S6NC00415,REP,S,NC,00,O,2500.0,2026-08-28,2026-08-20,2026-08-20,dissemination,2026-08-17,SOCIAL CURRANT,ONLINE CONTENT & PRODUCTION,2014552,F3X,M9,False,processed,G2026,G2026,500195981,2026-09-20,https://docquery.fec.gov/cgi-bin/forms/C00865444/2014552/,https://docquery.fec.gov/cgi-bin/fecimg/?202609209908328672
WinSenate,C00865444,D,NC-SEN,"WHATLEY, MICHAEL",S6NC00415,REP,S,NC,00,O,1000.0,2026-08-28,2026-08-20,2026-08-20,dissemination,2026-08-17,C PLUS K LLC,MEDIA PRODUCTION,2014552,F3X,M9,False,processed,G2026,G2026,500195982,2026-09-20,https://docquery.fec.gov/cgi-bin/forms/C00865444/2014552/,https://docquery.fec.gov/cgi-bin/fecimg/?202609209908328668
SLF,C00571703,R,AK-SEN,"PELTOLA, MARY",S6AK00276,DEM,S,AK,00,O,2775.71,2026-08-21,2026-08-21,2026-08-21,dissemination,2026-08-17,THM CONSULTING LLC,TEXT MESSAGING,2009380,F24,48,True,processed,G2026,G2026,SE.6,2026-08-21,https://docquery.fec.gov/cgi-bin/forms/C00571703/2009380/,https://docquery.fec.gov/cgi-bin/fecimg/?202608219903381238
SLF,C00571703,R,ME-SEN,"JACKSON, TROY DALE",S6ME00464,DEM,S,ME,00,O,1790.08,2026-08-21,2026-08-21,2026-08-21,dissemination,2026-08-17,THM CONSULTING LLC,TEXT MESSAGING,2009380,F24,48,True,processed,G2026,G2026,SE.16,2026-08-21,https://docquery.fec.gov/cgi-bin/forms/C00571703/2009380/,https://docquery.fec.gov/cgi-bin/fecimg/?202608219903381245
SLF,C00571703,R,MI-SEN,"EL-SAYED, ABDUL",S6MI00418,DEM,S,MI,00,O,11463.03,2026-08-21,2026-08-21,2026-08-21,dissemination,2026-08-17,THM CONSULTING LLC,TEXT MESSAGING,2009380,F24,48,True,processed,G2026,G2026,SE.21,2026-08-21,https://docquery.fec.gov/cgi-bin/forms/C00571703/2009380/,https://docquery.fec.gov/cgi-bin/fecimg/?202608219903381242
SLF,C00571703,R,NC-SEN,"COOPER, ROY",S6NC00407,DEM,S,NC,00,O,16306.15,2026-08-21,2026-08-21,2026-08-21,dissemination,2026-08-17,THM CONSULTING LLC,TEXT MESSAGING,2009380,F24,48,True,processed,G2026,G2026,SE.28,2026-08-21,https://docquery.fec.gov/cgi-bin/forms/C00571703/2009380/,https://docquery.fec.gov/cgi-bin/fecimg/?202608219903381240
WinSenate,C00865444,D,NC-SEN,"WHATLEY, MICHAEL",S6NC00415,REP,S,NC,00,O,600000.0,2026-08-21,2026-08-21,2026-08-21,dissemination,2026-08-17,C PLUS K LLC,DIGITAL MEDIA BUY,2014552,F3X,M9,False,processed,G2026,G2026,500195990,2026-09-20,https://docquery.fec.gov/cgi-bin/forms/C00865444/2014552/,https://docquery.fec.gov/cgi-bin/fecimg/?202609209908328667
WinSenate,C00865444,D,IA-SEN,"ARENHOLZ, ASHLEY HINSON",S6IA00314,REP,S,IA,00,O,4250.0,2026-08-28,2026-08-22,2026-08-22,dissemination,2026-08-17,TRILOGY INTERACTIVE LLC,MEDIA PRODUCTION,2014552,F3X,M9,False,processed,G2026,G2026,500196000,2026-09-20,https://docquery.fec.gov/cgi-bin/forms/C00865444/2014552/,https://docquery.fec.gov/cgi-bin/fecimg/?202609209908328674
WinSenate,C00865444,D,IA-SEN,"ARENHOLZ, ASHLEY HINSON",S6IA00314,REP,S,IA,00,O,11124.07,2026-08-28,2026-08-22,2026-08-22,dissemination,2026-08-17,MPWR MEDIA STRATEGIES LLC,MEDIA PRODUCTION,2014552,F3X,M9,False,processed,G2026,G2026,500195998,2026-09-20,https://docquery.fec.gov/cgi-bin/forms/C00865444/2014552/,https://docquery.fec.gov/cgi-bin/fecimg/?202609209908328671
WinSenate,C00865444,D,IA-SEN,"ARENHOLZ, ASHLEY HINSON",S6IA00314,REP,S,IA,00,O,177984.0,2026-08-24,2026-08-22,2026-08-22,dissemination,2026-08-17,TRILOGY INTERACTIVE LLC,DIGITAL MEDIA BUY,2014552,F3X,M9,False,processed,G2026,G2026,500195999,2026-09-20,https://docquery.fec.gov/cgi-bin/forms/C00865444/2014552/,https://docquery.fec.gov/cgi-bin/fecimg/?202609209908328673
WinSenate,C00865444,D,IA-SEN,"ARENHOLZ, ASHLEY HINSON",S6IA00314,REP,S,IA,00,O,1110042.75,2026-08-21,2026-08-22,2026-08-22,dissemination,2026-08-17,WATERFRONT STRATEGIES,MEDIA BUY,2014552,F3X,M9,False,processed,G2026,G2026,500195983,2026-09-20,https://docquery.fec.gov/cgi-bin/forms/C00865444/2014552/,https://docquery.fec.gov/cgi-bin/fecimg/?202609209908328678
SLF,C00571703,R,AK-SEN,"PELTOLA, MARY",S6AK00276,DEM,S,AK,00,O,69820.32,2026-08-24,2026-08-24,2026-08-24,dissemination,2026-08-24,RIVAL STRATEGY GROUP LLC,POSTAGE / PRINTING / PRODUCTION,2009822,F24,48,True,processed,G2026,G2026,SE.1,2026-08-26,https://docquery.fec.gov/cgi-bin/forms/C00571703/2009822/,https://docquery.fec.gov/cgi-bin/fecimg/?202608269903401404
WinSenate,C00865444,D,IA-SEN,"ARENHOLZ, ASHLEY HINSON",S6IA00314,REP,S,IA,00,O,11000.0,2026-08-28,2026-08-24,2026-08-24,dissemination,2026-08-24,TRILOGY INTERACTIVE LLC,MEDIA PRODUCTION,2014552,F3X,M9,False,processed,G2026,G2026,500196021,2026-09-20,https://docquery.fec.gov/cgi-bin/forms/C00865444/2014552/,https://docquery.fec.gov/cgi-bin/fecimg/?202609209908328675
WinSenate,C00865444,D,IA-SEN,"ARENHOLZ, ASHLEY HINSON",S6IA00314,REP,S,IA,00,O,472016.0,2026-08-26,2026-08-25,2026-08-25,dissemination,2026-08-24,TRILOGY INTERACTIVE LLC,DIGITAL MEDIA BUY,2014552,F3X,M9,False,processed,G2026,G2026,500196023,2026-09-20,https://docquery.fec.gov/cgi-bin/forms/C00865444/2014552/,https://docquery.fec.gov/cgi-bin/fecimg/?202609209908328674
WinSenate,C00865444,D,MI-SEN,"ROGERS, MICHAEL",S4MI00595,REP,S,MI,00,O,928955.45,2026-08-20,2026-08-25,2026-08-25,dissemination,2026-08-24,WATERFRONT STRATEGIES,MEDIA BUY,2014552,F3X,M9,False,processed,G2026,G2026,500195978,2026-09-20,https://docquery.fec.gov/cgi-bin/forms/C00865444/2014552/,https://docquery.fec.gov/cgi-bin/fecimg/?202609209908328677
WinSenate,C00865444,D,NC-SEN,"WHATLEY, MICHAEL",S6NC00415,REP,S,NC,00,O,1012448.63,2026-08-20,2026-08-25,2026-08-25,dissemination,2026-08-24,WATERFRONT STRATEGIES,MEDIA BUY,2014552,F3X,M9,False,processed,G2026,G2026,500195979,2026-09-20,https://docquery.fec.gov/cgi-bin/forms/C00865444/2014552/,https://docquery.fec.gov/cgi-bin/fecimg/?202609209908328678
SLF,C00571703,R,AK-SEN,"PELTOLA, MARY",S6AK00276,DEM,S,AK,00,O,2518.22,2026-08-26,2026-08-26,2026-08-26,dissemination,2026-08-24,FCG MEDIA STRATEGIES LLC,TEXT MESSAGING,2010141,F24,48,True,processed,G2026,G2026,SE.3,2026-08-28,https://docquery.fec.gov/cgi-bin/forms/C00571703/2010141/,https://docquery.fec.gov/cgi-bin/fecimg/?202608289904046542
SLF,C00571703,R,AK-SEN,"PELTOLA, MARY",S6AK00276,DEM,S,AK,00,O,200000.0,2026-08-25,2026-08-26,2026-08-26,dissemination,2026-08-24,FLEXPOINT MEDIA,MEDIA PLACEMENT,2010141,F24,48,True,processed,G2026,G2026,SE.2,2026-08-28,https://docquery.fec.gov/cgi-bin/forms/C00571703/2010141/,https://docquery.fec.gov/cgi-bin/fecimg/?202608289904046541
SLF,C00571703,R,AK-SEN,"PELTOLA, MARY",S6AK00276,DEM,S,AK,00,O,645146.12,2026-08-24,2026-08-26,2026-08-26,dissemination,2026-08-24,FLEXPOINT MEDIA,MEDIA PLACEMENT,2010141,F24,48,True,processed,G2026,G2026,SE.1,2026-08-28,https://docquery.fec.gov/cgi-bin/forms/C00571703/2010141/,https://docquery.fec.gov/cgi-bin/fecimg/?202608289904046541
SLF,C00571703,R,IA-SEN,"TUREK, JOSHUA",S6IA00298,DEM,S,IA,00,O,600000.0,2026-08-26,2026-08-26,2026-08-26,dissemination,2026-08-24,MAJORITY STRATEGIES LLC,MEDIA PLACEMENT,2010141,F24,48,True,processed,G2026,G2026,SE.5,2026-08-28,https://docquery.fec.gov/cgi-bin/forms/C00571703/2010141/,https://docquery.fec.gov/cgi-bin/fecimg/?202608289904046543
SLF,C00571703,R,IA-SEN,"TUREK, JOSHUA",S6IA00298,DEM,S,IA,00,O,1229206.59,2026-08-24,2026-08-26,2026-08-26,dissemination,2026-08-24,FLEXPOINT MEDIA,MEDIA PLACEMENT,2010141,F24,48,True,processed,G2026,G2026,SE.4,2026-08-28,https://docquery.fec.gov/cgi-bin/forms/C00571703/2010141/,https://docquery.fec.gov/cgi-bin/fecimg/?202608289904046542
SLF,C00571703,R,ME-SEN,"JACKSON, TROY DALE",S6ME00464,DEM,S,ME,00,O,1606.82,2026-08-26,2026-08-26,2026-08-26,dissemination,2026-08-24,FCG MEDIA STRATEGIES LLC,TEXT MESSAGING,2010141,F24,48,True,processed,G2026,G2026,SE.8,2026-08-28,https://docquery.fec.gov/cgi-bin/forms/C00571703/2010141/,https://docquery.fec.gov/cgi-bin/fecimg/?202608289904046546
SLF,C00571703,R,ME-SEN,"JACKSON, TROY DALE",S6ME00464,DEM,S,ME,00,O,350000.0,2026-08-25,2026-08-26,2026-08-26,dissemination,2026-08-24,ALAMO INTELLIGENCE LLC,MEDIA PLACEMENT,2010141,F24,48,True,processed,G2026,G2026,SE.7,2026-08-28,https://docquery.fec.gov/cgi-bin/forms/C00571703/2010141/,https://docquery.fec.gov/cgi-bin/fecimg/?202608289904046545
SLF,C00571703,R,ME-SEN,"JACKSON, TROY DALE",S6ME00464,DEM,S,ME,00,O,1133546.04,2026-08-21,2026-08-26,2026-08-26,dissemination,2026-08-24,MHB MEDIA INC,MEDIA PLACEMENT,2010141,F24,48,True,processed,G2026,G2026,SE.6,2026-08-28,https://docquery.fec.gov/cgi-bin/forms/C00571703/2010141/,https://docquery.fec.gov/cgi-bin/fecimg/?202608289904046543
SLF,C00571703,R,MI-SEN,"EL-SAYED, ABDUL",S6MI00418,DEM,S,MI,00,O,9544.75,2026-08-26,2026-08-26,2026-08-26,dissemination,2026-08-24,FCG MEDIA STRATEGIES LLC,TEXT MESSAGING,2010141,F24,48,True,processed,G2026,G2026,SE.11,2026-08-28,https://docquery.fec.gov/cgi-bin/forms/C00571703/2010141/,https://docquery.fec.gov/cgi-bin/fecimg/?202608289904046547
SLF,C00571703,R,MI-SEN,"EL-SAYED, ABDUL",S6MI00418,DEM,S,MI,00,O,500000.0,2026-08-26,2026-08-26,2026-08-26,dissemination,2026-08-24,MAJORITY STRATEGIES LLC,MEDIA PLACEMENT,2010141,F24,48,True,processed,G2026,G2026,SE.10,2026-08-28,https://docquery.fec.gov/cgi-bin/forms/C00571703/2010141/,https://docquery.fec.gov/cgi-bin/fecimg/?202608289904046547
SLF,C00571703,R,MI-SEN,"EL-SAYED, ABDUL",S6MI00418,DEM,S,MI,00,O,1678691.9,2026-08-21,2026-08-26,2026-08-26,dissemination,2026-08-24,MHB MEDIA INC,MEDIA PLACEMENT,2010141,F24,48,True,processed,G2026,G2026,SE.9,2026-08-28,https://docquery.fec.gov/cgi-bin/forms/C00571703/2010141/,https://docquery.fec.gov/cgi-bin/fecimg/?202608289904046546
SLF,C00571703,R,NC-SEN,"COOPER, ROY",S6NC00407,DEM,S,NC,00,O,1209325.95,2026-08-25,2026-08-26,2026-08-26,dissemination,2026-08-24,FLEXPOINT MEDIA,MEDIA PLACEMENT,2010141,F24,48,True,processed,G2026,G2026,SE.12,2026-08-28,https://docquery.fec.gov/cgi-bin/forms/C00571703/2010141/,https://docquery.fec.gov/cgi-bin/fecimg/?202608289904046548
SLF,C00571703,R,NC-SEN,"COOPER, ROY",S6NC00407,DEM,S,NC,00,O,291993.74,2026-08-25,2026-08-26,2026-08-26,dissemination,2026-08-24,CALIBER CONTACT,POSTAGE / PRINTING / PRODUCTION,2010141,F24,48,True,processed,G2026,G2026,SE.15,2026-08-28,https://docquery.fec.gov/cgi-bin/forms/C00571703/2010141/,https://docquery.fec.gov/cgi-bin/fecimg/?202608289904046545
SLF,C00571703,R,NC-SEN,"COOPER, ROY",S6NC00407,DEM,S,NC,00,O,15799.07,2026-08-25,2026-08-26,2026-08-26,dissemination,2026-08-24,FCG MEDIA STRATEGIES LLC,TEXT MESSAGING,2010141,F24,48,True,processed,G2026,G2026,SE.14,2026-08-28,https://docquery.fec.gov/cgi-bin/forms/C00571703/2010141/,https://docquery.fec.gov/cgi-bin/fecimg/?202608289904046544
SLF,C00571703,R,NC-SEN,"COOPER, ROY",S6NC00407,DEM,S,NC,00,O,1100000.0,2026-08-25,2026-08-26,2026-08-26,dissemination,2026-08-24,FLEXPOINT MEDIA,MEDIA PLACEMENT,2010141,F24,48,True,processed,G2026,G2026,SE.13,2026-08-28,https://docquery.fec.gov/cgi-bin/forms/C00571703/2010141/,https://docquery.fec.gov/cgi-bin/fecimg/?202608289904046544
WinSenate,C00865444,D,NC-SEN,"WHATLEY, MICHAEL",S6NC00415,REP,S,NC,00,O,5000.0,2026-08-28,2026-08-26,2026-08-26,dissemination,2026-08-24,SOCIAL CURRANT,ONLINE CONTENT & PRODUCTION,2014552,F3X,M9,False,processed,G2026,G2026,500196028,2026-09-20,https://docquery.fec.gov/cgi-bin/forms/C00865444/2014552/,https://docquery.fec.gov/cgi-bin/fecimg/?202609209908328673
WinSenate,C00865444,D,NC-SEN,"WHATLEY, MICHAEL",S6NC00415,REP,S,NC,00,O,1000.0,2026-08-28,2026-08-27,2026-08-27,dissemination,2026-08-24,C PLUS K LLC,MEDIA PRODUCTION,2014552,F3X,M9,False,processed,G2026,G2026,500196118,2026-09-20,https://docquery.fec.gov/cgi-bin/forms/C00865444/2014552/,https://docquery.fec.gov/cgi-bin/fecimg/?202609209908328669
WinSenate,C00865444,D,NC-SEN,"WHATLEY, MICHAEL",S6NC00415,REP,S,NC,00,O,600000.0,2026-08-28,2026-08-28,2026-08-28,dissemination,2026-08-24,C PLUS K LLC,DIGITAL MEDIA BUY,2014552,F3X,M9,False,processed,G2026,G2026,500196115,2026-09-20,https://docquery.fec.gov/cgi-bin/forms/C00865444/2014552/,https://docquery.fec.gov/cgi-bin/fecimg/?202609209908328668
SLF,C00571703,R,ME-SEN,"JACKSON, TROY DALE",S6ME00464,DEM,S,ME,00,O,17500.0,2026-08-28,2026-08-29,2026-08-29,dissemination,2026-08-24,DREAM AMERICA MEDIA,MEDIA PRODUCTION,2010314,F24,48,True,processed,G2026,G2026,SE.2,2026-08-31,https://docquery.fec.gov/cgi-bin/forms/C00571703/2010314/,https://docquery.fec.gov/cgi-bin/fecimg/?202608319904052558
WinSenate,C00865444,D,MI-SEN,"ROGERS, MICHAEL",S4MI00595,REP,S,MI,00,O,12090.0,2026-08-31,2026-08-29,2026-08-29,dissemination,2026-08-24,DIXON/DAVIS MEDIA GROUP LLC,MEDIA PRODUCTION,2014552,F3X,M9,False,processed,G2026,G2026,500196119,2026-09-20,https://docquery.fec.gov/cgi-bin/forms/C00865444/2014552/,https://docquery.fec.gov/cgi-bin/fecimg/?202609209908328671
SLF,C00571703,R,AK-SEN,"PELTOLA, MARY",S6AK00276,DEM,S,AK,00,O,55711.84,2026-08-31,2026-08-31,2026-08-31,dissemination,2026-08-31,RIVAL STRATEGY GROUP LLC,POSTAGE / PRINTING / PRODUCTION,2010314,F24,48,True,processed,G2026,G2026,SE.1,2026-08-31,https://docquery.fec.gov/cgi-bin/forms/C00571703/2010314/,https://docquery.fec.gov/cgi-bin/fecimg/?202608319904052558
WinSenate,C00865444,D,ME-SEN,"COLLINS, SUSAN",S6ME00159,REP,S,ME,00,O,3026.1,2026-08-31,2026-08-31,2026-08-31,dissemination,2026-08-31,"MVAR MEDIA, LLC",MEDIA PRODUCTION,2014552,F3X,M9,False,processed,G2026,G2026,500196173,2026-09-20,https://docquery.fec.gov/cgi-bin/forms/C00865444/2014552/,https://docquery.fec.gov/cgi-bin/fecimg/?202609209908328672
WinSenate,C00865444,D,OH-SEN,"HUSTED, JON",S6OH00304,REP,S,OH,00,O,5625.0,2026-08-31,2026-08-31,2026-08-31,dissemination,2026-08-31,C PLUS K LLC,MEDIA PRODUCTION,2014552,F3X,M9,False,processed,G2026,G2026,500196174,2026-09-20,https://docquery.fec.gov/cgi-bin/forms/C00865444/2014552/,https://docquery.fec.gov/cgi-bin/fecimg/?202609209908328670
HMP,C00495028,D,AZ-06,"CISCOMANI, JUAN",H2AZ02360,REP,H,AZ,06,O,14688.0,2026-09-01,2026-09-01,2026-09-01,dissemination,2026-08-31,WATERFRONT STRATEGIES INC.,RADIO ADVERTISING - ESTIMATE,2010758,F24,48,True,processed,G2026,G2026,500676635,2026-09-03,https://docquery.fec.gov/cgi-bin/forms/C00495028/2010758/,https://docquery.fec.gov/cgi-bin/fecimg/?202609039904087365
HMP,C00495028,D,AZ-06,"CISCOMANI, JUAN",H2AZ02360,REP,H,AZ,06,O,3500.0,2026-09-01,2026-09-01,2026-09-01,dissemination,2026-08-31,SOLIDARITY STRATEGIES LLC,MEDIA PRODUCTION - ESTIMATE,2010758,F24,48,True,processed,G2026,G2026,500676629,2026-09-03,https://docquery.fec.gov/cgi-bin/forms/C00495028/2010758/,https://docquery.fec.gov/cgi-bin/fecimg/?202609039904087362
HMP,C00495028,D,CA-22,"VALADAO, DAVID",H2CA20094,REP,H,CA,22,O,25920.0,2026-09-01,2026-09-01,2026-09-01,dissemination,2026-08-31,WATERFRONT STRATEGIES INC.,RADIO ADVERTISING - ESTIMATE,2010758,F24,48,True,processed,G2026,G2026,500676631,2026-09-03,https://docquery.fec.gov/cgi-bin/forms/C00495028/2010758/,https://docquery.fec.gov/cgi-bin/fecimg/?202609039904087363
HMP,C00495028,D,CA-22,"VALADAO, DAVID",H2CA20094,REP,H,CA,22,O,4756.21,2026-09-01,2026-09-01,2026-09-01,dissemination,2026-08-31,"CONEXION POLITICAL, LLC",MEDIA PRODUCTION - ESTIMATE,2010758,F24,48,True,processed,G2026,G2026,500676623,2026-09-03,https://docquery.fec.gov/cgi-bin/forms/C00495028/2010758/,https://docquery.fec.gov/cgi-bin/fecimg/?202609039904087360
HMP,C00495028,D,CO-08,"EVANS, TIMOTHY GABRIEL JOSEPH",H4CO08034,REP,H,CO,08,O,21600.0,2026-09-01,2026-09-01,2026-09-01,dissemination,2026-08-31,WATERFRONT STRATEGIES INC.,RADIO ADVERTISING - ESTIMATE,2010758,F24,48,True,processed,G2026,G2026,500676634,2026-09-03,https://docquery.fec.gov/cgi-bin/forms/C00495028/2010758/,https://docquery.fec.gov/cgi-bin/fecimg/?202609039904087364
HMP,C00495028,D,CO-08,"EVANS, TIMOTHY GABRIEL JOSEPH",H4CO08034,REP,H,CO,08,O,3500.0,2026-09-01,2026-09-01,2026-09-01,dissemination,2026-08-31,SOLIDARITY STRATEGIES LLC,MEDIA PRODUCTION - ESTIMATE,2010758,F24,48,True,processed,G2026,G2026,500676628,2026-09-03,https://docquery.fec.gov/cgi-bin/forms/C00495028/2010758/,https://docquery.fec.gov/cgi-bin/fecimg/?202609039904087362
HMP,C00495028,D,OH-09,"MERRIN, DEREK",H4OH09169,REP,H,OH,09,O,259053.0,2026-09-01,2026-09-01,2026-09-01,dissemination,2026-08-31,WATERFRONT STRATEGIES INC.,TELEVISION ADVERTISING - ESTIMATE,2010758,F24,48,True,processed,G2026,G2026,500676632,2026-09-03,https://docquery.fec.gov/cgi-bin/forms/C00495028/2010758/,https://docquery.fec.gov/cgi-bin/fecimg/?202609039904087364
HMP,C00495028,D,OH-09,"MERRIN, DEREK",H4OH09169,REP,H,OH,09,O,103000.0,2026-09-01,2026-09-01,2026-09-01,dissemination,2026-08-31,MVAR MEDIA LLC,DIGITAL ADVERTISING - ESTIMATE,2010758,F24,48,True,processed,G2026,G2026,500676627,2026-09-03,https://docquery.fec.gov/cgi-bin/forms/C00495028/2010758/,https://docquery.fec.gov/cgi-bin/fecimg/?202609039904087361
HMP,C00495028,D,OH-09,"MERRIN, DEREK",H4OH09169,REP,H,OH,09,O,20420.52,2026-09-01,2026-09-01,2026-09-01,dissemination,2026-08-31,MVAR MEDIA LLC,MEDIA PRODUCTION - ESTIMATE,2010758,F24,48,True,processed,G2026,G2026,500676626,2026-09-03,https://docquery.fec.gov/cgi-bin/forms/C00495028/2010758/,https://docquery.fec.gov/cgi-bin/fecimg/?202609039904087361
HMP,C00495028,D,TX-15,"DE LA CRUZ, MONICA",H0TX15124,REP,H,TX,15,O,13824.0,2026-09-01,2026-09-01,2026-09-01,dissemination,2026-08-31,WATERFRONT STRATEGIES INC.,RADIO ADVERTISING - ESTIMATE,2010758,F24,48,True,processed,G2026,G2026,500676636,2026-09-03,https://docquery.fec.gov/cgi-bin/forms/C00495028/2010758/,https://docquery.fec.gov/cgi-bin/fecimg/?202609039904087365
HMP,C00495028,D,TX-15,"DE LA CRUZ, MONICA",H0TX15124,REP,H,TX,15,O,3500.0,2026-09-01,2026-09-01,2026-09-01,dissemination,2026-08-31,SOLIDARITY STRATEGIES LLC,MEDIA PRODUCTION - ESTIMATE,2010758,F24,48,True,processed,G2026,G2026,500676630,2026-09-03,https://docquery.fec.gov/cgi-bin/forms/C00495028/2010758/,https://docquery.fec.gov/cgi-bin/fecimg/?202609039904087363
HMP,C00495028,D,TX-34,"FLORES, ERIC",H6TX34080,REP,H,TX,34,O,25920.0,2026-09-01,2026-09-01,2026-09-01,dissemination,2026-08-31,WATERFRONT STRATEGIES INC.,RADIO ADVERTISING - ESTIMATE,2010758,F24,48,True,processed,G2026,G2026,500676637,2026-09-03,https://docquery.fec.gov/cgi-bin/forms/C00495028/2010758/,https://docquery.fec.gov/cgi-bin/fecimg/?202609039904087366
HMP,C00495028,D,TX-34,"FLORES, ERIC",H6TX34080,REP,H,TX,34,O,4010.33,2026-09-01,2026-09-01,2026-09-01,dissemination,2026-08-31,"CONEXION POLITICAL, LLC",MEDIA PRODUCTION - ESTIMATE,2010758,F24,48,True,processed,G2026,G2026,500676624,2026-09-03,https://docquery.fec.gov/cgi-bin/forms/C00495028/2010758/,https://docquery.fec.gov/cgi-bin/fecimg/?202609039904087360
SLF,C00571703,R,MI-SEN,"EL-SAYED, ABDUL",S6MI00418,DEM,S,MI,00,O,26250.0,2026-09-01,2026-09-01,2026-09-01,dissemination,2026-08-31,ONMESSAGE INC.,MEDIA PRODUCTION,2010755,F24,48,True,processed,G2026,G2026,SE.1,2026-09-03,https://docquery.fec.gov/cgi-bin/forms/C00571703/2010755/,https://docquery.fec.gov/cgi-bin/fecimg/?202609039904087102
WinSenate,C00865444,D,AK-SEN,"SULLIVAN, DAN",S4AK00214,REP,S,AK,00,O,512076.14,2026-09-01,2026-09-01,2026-09-01,dissemination,2026-08-31,WATERFRONT STRATEGIES,MEDIA BUY - ESTIMATE,2010726,F24,24,True,processed,G2026,G2026,500196204,2026-09-03,https://docquery.fec.gov/cgi-bin/forms/C00865444/2010726/,https://docquery.fec.gov/cgi-bin/fecimg/?202609039904085451
WinSenate,C00865444,D,AK-SEN,"SULLIVAN, DAN",S4AK00214,REP,S,AK,00,O,11826.51,2026-09-01,2026-09-01,2026-09-01,dissemination,2026-08-31,ALIGNCO LLC,MEDIA PRODUCTION - ESTIMATE,2010726,F24,24,True,processed,G2026,G2026,500196190,2026-09-03,https://docquery.fec.gov/cgi-bin/forms/C00865444/2010726/,https://docquery.fec.gov/cgi-bin/fecimg/?202609039904085444
WinSenate,C00865444,D,IA-SEN,"ARENHOLZ, ASHLEY HINSON",S6IA00314,REP,S,IA,00,O,994444.96,2026-09-01,2026-09-01,2026-09-01,dissemination,2026-08-31,WATERFRONT STRATEGIES,MEDIA BUY - ESTIMATE,2010726,F24,24,True,processed,G2026,G2026,500196203,2026-09-03,https://docquery.fec.gov/cgi-bin/forms/C00865444/2010726/,https://docquery.fec.gov/cgi-bin/fecimg/?202609039904085450
WinSenate,C00865444,D,IA-SEN,"TUREK, JOSHUA",S6IA00298,DEM,S,IA,00,S,50000.0,2026-09-01,2026-09-01,2026-09-01,dissemination,2026-08-31,ACTIVATE HQ,ONLINE CONTENT & PRODUCTION - ESTIMATE,2010726,F24,24,True,processed,G2026,G2026,500196187,2026-09-03,https://docquery.fec.gov/cgi-bin/forms/C00865444/2010726/,https://docquery.fec.gov/cgi-bin/fecimg/?202609039904085441
WinSenate,C00865444,D,ME-SEN,"COLLINS, SUSAN",S6ME00159,REP,S,ME,00,O,1494521.59,2026-09-01,2026-09-01,2026-09-01,dissemination,2026-08-31,WATERFRONT STRATEGIES,MEDIA BUY - ESTIMATE,2010726,F24,24,True,processed,G2026,G2026,500196205,2026-09-03,https://docquery.fec.gov/cgi-bin/forms/C00865444/2010726/,https://docquery.fec.gov/cgi-bin/fecimg/?202609039904085451
WinSenate,C00865444,D,ME-SEN,"JACKSON, TROY DALE",S6ME00464,DEM,S,ME,00,S,50000.0,2026-09-01,2026-09-01,2026-09-01,dissemination,2026-08-31,SOCIAL CURRANT,ONLINE CONTENT & PRODUCTION - ESTIMATE,2010726,F24,24,True,processed,G2026,G2026,500196201,2026-09-03,https://docquery.fec.gov/cgi-bin/forms/C00865444/2010726/,https://docquery.fec.gov/cgi-bin/fecimg/?202609039904085449
WinSenate,C00865444,D,ME-SEN,"COLLINS, SUSAN",S6ME00159,REP,S,ME,00,O,1375.0,2026-09-01,2026-09-01,2026-09-01,dissemination,2026-08-31,"MVAR MEDIA, LLC",MEDIA PRODUCTION - ESTIMATE,2010726,F24,24,True,processed,G2026,G2026,500196198,2026-09-03,https://docquery.fec.gov/cgi-bin/forms/C00865444/2010726/,https://docquery.fec.gov/cgi-bin/fecimg/?202609039904085448
WinSenate,C00865444,D,ME-SEN,"COLLINS, SUSAN",S6ME00159,REP,S,ME,00,O,5388.01,2026-09-01,2026-09-01,2026-09-01,dissemination,2026-08-31,"MVAR MEDIA, LLC",MEDIA PRODUCTION - ESTIMATE,2010726,F24,24,True,processed,G2026,G2026,500196197,2026-09-03,https://docquery.fec.gov/cgi-bin/forms/C00865444/2010726/,https://docquery.fec.gov/cgi-bin/fecimg/?202609039904085447
WinSenate,C00865444,D,ME-SEN,"COLLINS, SUSAN",S6ME00159,REP,S,ME,00,O,19102.12,2026-09-01,2026-09-01,2026-09-01,dissemination,2026-08-31,"MVAR MEDIA, LLC",MEDIA PRODUCTION - ESTIMATE,2010726,F24,24,True,processed,G2026,G2026,500196196,2026-09-03,https://docquery.fec.gov/cgi-bin/forms/C00865444/2010726/,https://docquery.fec.gov/cgi-bin/fecimg/?202609039904085447
WinSenate,C00865444,D,ME-SEN,"COLLINS, SUSAN",S6ME00159,REP,S,ME,00,O,3088.18,2026-09-01,2026-09-01,2026-09-01,dissemination,2026-08-31,"MVAR MEDIA, LLC",DIGITAL MEDIA BUY - ESTIMATE,2010726,F24,24,True,processed,G2026,G2026,500196195,2026-09-03,https://docquery.fec.gov/cgi-bin/forms/C00865444/2010726/,https://docquery.fec.gov/cgi-bin/fecimg/?202609039904085446
WinSenate,C00865444,D,ME-SEN,"COLLINS, SUSAN",S6ME00159,REP,S,ME,00,O,659000.0,2026-09-01,2026-09-01,2026-09-01,dissemination,2026-08-31,"MVAR MEDIA, LLC",DIGITAL MEDIA BUY - ESTIMATE,2010726,F24,24,True,processed,G2026,G2026,500196194,2026-09-03,https://docquery.fec.gov/cgi-bin/forms/C00865444/2010726/,https://docquery.fec.gov/cgi-bin/fecimg/?202609039904085446
WinSenate,C00865444,D,MI-SEN,"ROGERS, MICHAEL",S4MI00595,REP,S,MI,00,O,928955.45,2026-09-01,2026-09-01,2026-09-01,dissemination,2026-08-31,WATERFRONT STRATEGIES,MEDIA BUY - ESTIMATE,2010726,F24,24,True,processed,G2026,G2026,500196206,2026-09-03,https://docquery.fec.gov/cgi-bin/forms/C00865444/2010726/,https://docquery.fec.gov/cgi-bin/fecimg/?202609039904085452
WinSenate,C00865444,D,MI-SEN,"ROGERS, MICHAEL",S4MI00595,REP,S,MI,00,O,8864.0,2026-09-01,2026-09-01,2026-09-01,dissemination,2026-08-31,DIXON/DAVIS MEDIA GROUP LLC,MEDIA PRODUCTION - ESTIMATE,2010726,F24,24,True,processed,G2026,G2026,500196193,2026-09-03,https://docquery.fec.gov/cgi-bin/forms/C00865444/2010726/,https://docquery.fec.gov/cgi-bin/fecimg/?202609039904085445
WinSenate,C00865444,D,MI-SEN,"ROGERS, MICHAEL",S4MI00595,REP,S,MI,00,O,1000.0,2026-09-01,2026-09-01,2026-09-01,dissemination,2026-08-31,AL MEDIA LLC,MEDIA PRODUCTION - ESTIMATE,2010726,F24,24,True,processed,G2026,G2026,500196189,2026-09-03,https://docquery.fec.gov/cgi-bin/forms/C00865444/2010726/,https://docquery.fec.gov/cgi-bin/fecimg/?202609039904085442
WinSenate,C00865444,D,MI-SEN,"ROGERS, MICHAEL",S4MI00595,REP,S,MI,00,O,802632.0,2026-09-01,2026-09-01,2026-09-01,dissemination,2026-08-31,AL MEDIA LLC,DIGITAL MEDIA BUY - ESTIMATE,2010726,F24,24,True,processed,G2026,G2026,500196188,2026-09-03,https://docquery.fec.gov/cgi-bin/forms/C00865444/2010726/,https://docquery.fec.gov/cgi-bin/fecimg/?202609039904085442
WinSenate,C00865444,D,MI-SEN,"EL-SAYED, ABDUL",S6MI00418,DEM,S,MI,00,S,50000.0,2026-09-01,2026-09-01,2026-09-01,dissemination,2026-08-31,ACTIVATE HQ,ONLINE CONTENT & PRODUCTION - ESTIMATE,2010726,F24,24,True,processed,G2026,G2026,500196186,2026-09-03,https://docquery.fec.gov/cgi-bin/forms/C00865444/2010726/,https://docquery.fec.gov/cgi-bin/fecimg/?202609039904085441
WinSenate,C00865444,D,NC-SEN,"WHATLEY, MICHAEL",S6NC00415,REP,S,NC,00,O,1288105.37,2026-09-01,2026-09-01,2026-09-01,dissemination,2026-08-31,WATERFRONT STRATEGIES,MEDIA BUY - ESTIMATE,2010726,F24,24,True,processed,G2026,G2026,500196207,2026-09-03,https://docquery.fec.gov/cgi-bin/forms/C00865444/2010726/,https://docquery.fec.gov/cgi-bin/fecimg/?202609039904085452
WinSenate,C00865444,D,NC-SEN,"COOPER, ROY",S6NC00407,DEM,S,NC,00,S,50000.0,2026-09-01,2026-09-01,2026-09-01,dissemination,2026-08-31,SOCIAL CURRANT,ONLINE CONTENT & PRODUCTION - ESTIMATE,2010726,F24,24,True,processed,G2026,G2026,500196200,2026-09-03,https://docquery.fec.gov/cgi-bin/forms/C00865444/2010726/,https://docquery.fec.gov/cgi-bin/fecimg/?202609039904085449
WinSenate,C00865444,D,NC-SEN,"WHATLEY, MICHAEL",S6NC00415,REP,S,NC,00,O,2200000.0,2026-09-01,2026-09-01,2026-09-01,dissemination,2026-08-31,C PLUS K LLC,DIGITAL MEDIA BUY - ESTIMATE,2010726,F24,24,True,processed,G2026,G2026,500196191,2026-09-03,https://docquery.fec.gov/cgi-bin/forms/C00865444/2010726/,https://docquery.fec.gov/cgi-bin/fecimg/?202609039904085444
WinSenate,C00865444,D,OH-SEN,"HUSTED, JON",S6OH00304,REP,S,OH,00,O,2209746.64,2026-09-01,2026-09-01,2026-09-01,dissemination,2026-08-31,WATERFRONT STRATEGIES,MEDIA BUY - ESTIMATE,2010726,F24,24,True,processed,G2026,G2026,500196208,2026-09-03,https://docquery.fec.gov/cgi-bin/forms/C00865444/2010726/,https://docquery.fec.gov/cgi-bin/fecimg/?202609039904085453
WinSenate,C00865444,D,OH-SEN,"BROWN, SHERROD",S6OH00163,DEM,S,OH,00,S,50000.0,2026-09-01,2026-09-01,2026-09-01,dissemination,2026-08-31,SOCIAL CURRANT,ONLINE CONTENT & PRODUCTION - ESTIMATE,2010726,F24,24,True,processed,G2026,G2026,500196202,2026-09-03,https://docquery.fec.gov/cgi-bin/forms/C00865444/2010726/,https://docquery.fec.gov/cgi-bin/fecimg/?202609039904085450
WinSenate,C00865444,D,OH-SEN,"HUSTED, JON",S6OH00304,REP,S,OH,00,O,13037.44,2026-09-01,2026-09-01,2026-09-01,dissemination,2026-08-31,DECLARATION MEDIA LLC,MEDIA PRODUCTION - ESTIMATE,2010726,F24,24,True,processed,G2026,G2026,500196192,2026-09-03,https://docquery.fec.gov/cgi-bin/forms/C00865444/2010726/,https://docquery.fec.gov/cgi-bin/fecimg/?202609039904085445
WinSenate,C00865444,D,TX-SEN,"TALARICO, JAMES",S6TX00479,DEM,S,TX,00,S,50000.0,2026-09-01,2026-09-01,2026-09-01,dissemination,2026-08-31,RYEGRASS,ONLINE CONTENT & PRODUCTION - ESTIMATE,2010726,F24,24,True,processed,G2026,G2026,500196199,2026-09-03,https://docquery.fec.gov/cgi-bin/forms/C00865444/2010726/,https://docquery.fec.gov/cgi-bin/fecimg/?202609039904085448
CLF,C00504530,R,AZ-06,"MENDOZA, JOANNA",,,H,AZ,06,O,10000.0,2026-09-03,2026-09-02,2026-09-02,dissemination,2026-08-31,RED ELEPHANT STRATEGY,MEDIA PRODUCTION,2010878,F24,48,True,processed,G2026,G2026,SE24.3704,2026-09-04,https://docquery.fec.gov/cgi-bin/forms/C00504530/2010878/,https://docquery.fec.gov/cgi-bin/fecimg/?202609049904103593
CLF,C00504530,R,AZ-06,"MENDOZA, JOANNA",,,H,AZ,06,O,235795.61,2026-09-01,2026-09-02,2026-09-02,dissemination,2026-08-31,FLEXPOINT MEDIA,MEDIA PLACEMENT,2010878,F24,48,True,processed,G2026,G2026,SE24.3701,2026-09-04,https://docquery.fec.gov/cgi-bin/forms/C00504530/2010878/,https://docquery.fec.gov/cgi-bin/fecimg/?202609049904103592
CLF,C00504530,R,AZ-06,"MENDOZA, JOANNA",,,H,AZ,06,O,160000.0,2026-08-31,2026-09-02,2026-09-02,dissemination,2026-08-31,FLEXPOINT MEDIA,DIGITAL PLACEMENT,2010878,F24,48,True,processed,G2026,G2026,SE24.3694,2026-09-04,https://docquery.fec.gov/cgi-bin/forms/C00504530/2010878/,https://docquery.fec.gov/cgi-bin/fecimg/?202609049904103592
CLF,C00504530,R,CO-08,"RUTINEL, MANNY",,,H,CO,08,O,13000.0,2026-08-31,2026-09-02,2026-09-02,dissemination,2026-08-31,PRIME MEDIA PARTNERS,MEDIA PRODUCTION,2010878,F24,48,True,processed,G2026,G2026,SE24.3700,2026-09-04,https://docquery.fec.gov/cgi-bin/forms/C00504530/2010878/,https://docquery.fec.gov/cgi-bin/fecimg/?202609049904103594
CLF,C00504530,R,CO-08,"RUTINEL, MANNY",,,H,CO,08,O,250000.0,2026-08-31,2026-09-02,2026-09-02,dissemination,2026-08-31,FLEXPOINT MEDIA,DIGITAL PLACEMENT,2010878,F24,48,True,processed,G2026,G2026,SE24.3693,2026-09-04,https://docquery.fec.gov/cgi-bin/forms/C00504530/2010878/,https://docquery.fec.gov/cgi-bin/fecimg/?202609049904103593
CLF,C00504530,R,IA-01,"BOHANNAN, CHRISTINA",,,H,IA,01,O,10000.0,2026-09-03,2026-09-02,2026-09-02,dissemination,2026-08-31,RED ELEPHANT STRATEGY,MEDIA PRODUCTION,2010878,F24,48,True,processed,G2026,G2026,SE24.3703,2026-09-04,https://docquery.fec.gov/cgi-bin/forms/C00504530/2010878/,https://docquery.fec.gov/cgi-bin/fecimg/?202609049904103595
CLF,C00504530,R,IA-01,"BOHANNAN, CHRISTINA",,,H,IA,01,O,200035.0,2026-08-31,2026-09-02,2026-09-02,dissemination,2026-08-31,DEL RAY MEDIA LLC,DIGITAL PLACEMENT,2010878,F24,48,True,processed,G2026,G2026,SE24.3692,2026-09-04,https://docquery.fec.gov/cgi-bin/forms/C00504530/2010878/,https://docquery.fec.gov/cgi-bin/fecimg/?202609049904103595
CLF,C00504530,R,IA-01,"BOHANNAN, CHRISTINA",,,H,IA,01,O,537085.35,2026-08-31,2026-09-02,2026-09-02,dissemination,2026-08-31,DEL RAY MEDIA LLC,MEDIA PLACEMENT,2010878,F24,48,True,processed,G2026,G2026,SE24.3689,2026-09-04,https://docquery.fec.gov/cgi-bin/forms/C00504530/2010878/,https://docquery.fec.gov/cgi-bin/fecimg/?202609049904103594
CLF,C00504530,R,IA-03,"TRONE GARRIOTT, SARAH",,,H,IA,03,O,13000.0,2026-09-03,2026-09-02,2026-09-02,dissemination,2026-08-31,ON MESSAGE INC.,MEDIA PRODUCTION,2010878,F24,48,True,processed,G2026,G2026,SE24.3702,2026-09-04,https://docquery.fec.gov/cgi-bin/forms/C00504530/2010878/,https://docquery.fec.gov/cgi-bin/fecimg/?202609049904103597
CLF,C00504530,R,IA-03,"TRONE GARRIOTT, SARAH",,,H,IA,03,O,175035.0,2026-08-31,2026-09-02,2026-09-02,dissemination,2026-08-31,DEL RAY MEDIA LLC,DIGITAL PLACEMENT,2010878,F24,48,True,processed,G2026,G2026,SE24.3691,2026-09-04,https://docquery.fec.gov/cgi-bin/forms/C00504530/2010878/,https://docquery.fec.gov/cgi-bin/fecimg/?202609049904103596
CLF,C00504530,R,IA-03,"TRONE GARRIOTT, SARAH",,,H,IA,03,O,222613.4,2026-08-31,2026-09-02,2026-09-02,dissemination,2026-08-31,DEL RAY MEDIA LLC,MEDIA PLACEMENT,2010878,F24,48,True,processed,G2026,G2026,SE24.3690,2026-09-04,https://docquery.fec.gov/cgi-bin/forms/C00504530/2010878/,https://docquery.fec.gov/cgi-bin/fecimg/?202609049904103596
CLF,C00504530,R,NY-17,"CONLEY, CAIT",,,H,NY,17,O,13000.0,2026-09-03,2026-09-02,2026-09-02,dissemination,2026-08-31,SOMETHING ELSE STRATEGIES,MEDIA PRODUCTION,2010878,F24,48,True,processed,G2026,G2026,SE24.3705,2026-09-04,https://docquery.fec.gov/cgi-bin/forms/C00504530/2010878/,https://docquery.fec.gov/cgi-bin/fecimg/?202609049904103598
CLF,C00504530,R,NY-17,"CONLEY, CAIT",,,H,NY,17,O,225000.0,2026-08-31,2026-09-02,2026-09-02,dissemination,2026-08-31,FLEXPOINT MEDIA,DIGITAL PLACEMENT,2010878,F24,48,True,processed,G2026,G2026,SE24.3695,2026-09-04,https://docquery.fec.gov/cgi-bin/forms/C00504530/2010878/,https://docquery.fec.gov/cgi-bin/fecimg/?202609049904103597
CLF,C00504530,R,OH-09,"KAPTUR, HON. M.C. MARCY",,,H,OH,09,O,13000.0,2026-08-31,2026-09-02,2026-09-02,dissemination,2026-08-31,HONOLD COMMUNICATIONS,MEDIA PRODUCTION,2010878,F24,48,True,processed,G2026,G2026,SE24.3697,2026-09-04,https://docquery.fec.gov/cgi-bin/forms/C00504530/2010878/,https://docquery.fec.gov/cgi-bin/fecimg/?202609049904103599
CLF,C00504530,R,OH-09,"KAPTUR, HON. M.C. MARCY",,,H,OH,09,O,175000.0,2026-08-31,2026-09-02,2026-09-02,dissemination,2026-08-31,FLEXPOINT MEDIA,DIGITAL PLACEMENT,2010878,F24,48,True,processed,G2026,G2026,SE24.3696,2026-09-04,https://docquery.fec.gov/cgi-bin/forms/C00504530/2010878/,https://docquery.fec.gov/cgi-bin/fecimg/?202609049904103599
CLF,C00504530,R,OH-09,"KAPTUR, HON. M.C. MARCY",,,H,OH,09,O,287298.79,2026-08-31,2026-09-02,2026-09-02,dissemination,2026-08-31,FLEXPOINT MEDIA,MEDIA PLACEMENT,2010878,F24,48,True,processed,G2026,G2026,SE24.3686,2026-09-04,https://docquery.fec.gov/cgi-bin/forms/C00504530/2010878/,https://docquery.fec.gov/cgi-bin/fecimg/?202609049904103598
CLF,C00504530,R,TX-28,"CUELLAR, HENRY R.",,,H,TX,28,O,13000.0,2026-08-31,2026-09-02,2026-09-02,dissemination,2026-08-31,PRIME MEDIA PARTNERS,MEDIA PRODUCTION,2010878,F24,48,True,processed,G2026,G2026,SE24.3699,2026-09-04,https://docquery.fec.gov/cgi-bin/forms/C00504530/2010878/,https://docquery.fec.gov/cgi-bin/fecimg/?202609049904103601
CLF,C00504530,R,TX-28,"CUELLAR, HENRY R.",,,H,TX,28,O,175000.0,2026-08-31,2026-09-02,2026-09-02,dissemination,2026-08-31,FLEXPOINT MEDIA,DIGITAL PLACEMENT,2010878,F24,48,True,processed,G2026,G2026,SE24.3698,2026-09-04,https://docquery.fec.gov/cgi-bin/forms/C00504530/2010878/,https://docquery.fec.gov/cgi-bin/fecimg/?202609049904103600
CLF,C00504530,R,TX-28,"CUELLAR, HENRY R.",,,H,TX,28,O,75133.01,2026-08-31,2026-09-02,2026-09-02,dissemination,2026-08-31,FLEXPOINT MEDIA,MEDIA PLACEMENT,2010878,F24,48,True,processed,G2026,G2026,SE24.3688,2026-09-04,https://docquery.fec.gov/cgi-bin/forms/C00504530/2010878/,https://docquery.fec.gov/cgi-bin/fecimg/?202609049904103600
SLF,C00571703,R,AK-SEN,"PELTOLA, MARY",S6AK00276,DEM,S,AK,00,O,2379.51,2026-09-02,2026-09-02,2026-09-02,dissemination,2026-08-31,FCG MEDIA STRATEGIES LLC,TEXT MESSAGING,2010882,F24,48,True,processed,G2026,G2026,SE.3,2026-09-04,https://docquery.fec.gov/cgi-bin/forms/C00571703/2010882/,https://docquery.fec.gov/cgi-bin/fecimg/?202609049904103608
SLF,C00571703,R,AK-SEN,"PELTOLA, MARY",S6AK00276,DEM,S,AK,00,O,17500.0,2026-09-02,2026-09-02,2026-09-02,dissemination,2026-08-31,PRIME MEDIA PARTNERS LLC,MEDIA PRODUCTION,2010882,F24,48,True,processed,G2026,G2026,SE.2,2026-09-04,https://docquery.fec.gov/cgi-bin/forms/C00571703/2010882/,https://docquery.fec.gov/cgi-bin/fecimg/?202609049904103607
SLF,C00571703,R,AK-SEN,"PELTOLA, MARY",S6AK00276,DEM,S,AK,00,O,375000.0,2026-09-02,2026-09-02,2026-09-02,dissemination,2026-08-31,FLEXPOINT MEDIA,MEDIA PLACEMENT,2010882,F24,48,True,processed,G2026,G2026,SE.1,2026-09-04,https://docquery.fec.gov/cgi-bin/forms/C00571703/2010882/,https://docquery.fec.gov/cgi-bin/fecimg/?202609049904103607
SLF,C00571703,R,IA-SEN,"TUREK, JOSHUA",S6IA00298,DEM,S,IA,00,O,4187.16,2026-09-02,2026-09-02,2026-09-02,dissemination,2026-08-31,FCG MEDIA STRATEGIES LLC,TEXT MESSAGING,2010882,F24,48,True,processed,G2026,G2026,SE.10,2026-09-04,https://docquery.fec.gov/cgi-bin/forms/C00571703/2010882/,https://docquery.fec.gov/cgi-bin/fecimg/?202609049904103618
SLF,C00571703,R,IA-SEN,"TUREK, JOSHUA",S6IA00298,DEM,S,IA,00,O,152243.34,2026-09-02,2026-09-02,2026-09-02,dissemination,2026-08-31,KAP PRINT LLC,POSTAGE / PRINTING / PRODUCTION,2010882,F24,48,True,processed,G2026,G2026,SE.9,2026-09-04,https://docquery.fec.gov/cgi-bin/forms/C00571703/2010882/,https://docquery.fec.gov/cgi-bin/fecimg/?202609049904103618
SLF,C00571703,R,IA-SEN,"TUREK, JOSHUA",S6IA00298,DEM,S,IA,00,O,800000.0,2026-09-02,2026-09-02,2026-09-02,dissemination,2026-08-31,MAJORITY STRATEGIES LLC,MEDIA PLACEMENT,2010882,F24,48,True,processed,G2026,G2026,SE.8,2026-09-04,https://docquery.fec.gov/cgi-bin/forms/C00571703/2010882/,https://docquery.fec.gov/cgi-bin/fecimg/?202609049904103617
SLF,C00571703,R,ME-SEN,"JACKSON, TROY DALE",S6ME00464,DEM,S,ME,00,O,500000.0,2026-09-02,2026-09-02,2026-09-02,dissemination,2026-08-31,ALAMO INTELLIGENCE LLC,MEDIA PLACEMENT,2010882,F24,48,True,processed,G2026,G2026,SE.12,2026-09-04,https://docquery.fec.gov/cgi-bin/forms/C00571703/2010882/,https://docquery.fec.gov/cgi-bin/fecimg/?202609049904103619
SLF,C00571703,R,ME-SEN,"JACKSON, TROY DALE",S6ME00464,DEM,S,ME,00,O,1507.31,2026-09-02,2026-09-02,2026-09-02,dissemination,2026-08-31,FCG MEDIA STRATEGIES LLC,TEXT MESSAGING,2010882,F24,48,True,processed,G2026,G2026,SE.15,2026-09-04,https://docquery.fec.gov/cgi-bin/forms/C00571703/2010882/,https://docquery.fec.gov/cgi-bin/fecimg/?202609049904103615
SLF,C00571703,R,ME-SEN,"JACKSON, TROY DALE",S6ME00464,DEM,S,ME,00,O,138280.31,2026-09-02,2026-09-02,2026-09-02,dissemination,2026-08-31,CREATIVE DIRECT,POSTAGE / PRINTING / PRODUCTION,2010882,F24,48,True,processed,G2026,G2026,SE.14,2026-09-04,https://docquery.fec.gov/cgi-bin/forms/C00571703/2010882/,https://docquery.fec.gov/cgi-bin/fecimg/?202609049904103614
SLF,C00571703,R,ME-SEN,"JACKSON, TROY DALE",S6ME00464,DEM,S,ME,00,O,1133546.04,2026-08-31,2026-09-02,2026-09-02,dissemination,2026-08-31,MHB MEDIA INC,MEDIA PLACEMENT,2010882,F24,48,True,processed,G2026,G2026,SE.11,2026-09-04,https://docquery.fec.gov/cgi-bin/forms/C00571703/2010882/,https://docquery.fec.gov/cgi-bin/fecimg/?202609049904103619
SLF,C00571703,R,ME-SEN,"JACKSON, TROY DALE",S6ME00464,DEM,S,ME,00,O,2500.0,2026-08-14,2026-09-02,2026-09-02,dissemination,2026-08-31,DREAM AMERICA MEDIA,MEDIA PRODUCTION,2010882,F24,48,True,processed,G2026,G2026,SE.13,2026-09-04,https://docquery.fec.gov/cgi-bin/forms/C00571703/2010882/,https://docquery.fec.gov/cgi-bin/fecimg/?202609049904103614
SLF,C00571703,R,MI-SEN,"EL-SAYED, ABDUL",S6MI00418,DEM,S,MI,00,O,302789.0,2026-09-02,2026-09-02,2026-09-02,dissemination,2026-08-31,STORYTELLERS GROUP LLC,POSTAGE / PRINTING / PRODUCTION,2010882,F24,48,True,processed,G2026,G2026,SE.17,2026-09-04,https://docquery.fec.gov/cgi-bin/forms/C00571703/2010882/,https://docquery.fec.gov/cgi-bin/fecimg/?202609049904103616
SLF,C00571703,R,MI-SEN,"EL-SAYED, ABDUL",S6MI00418,DEM,S,MI,00,O,1500000.0,2026-09-02,2026-09-02,2026-09-02,dissemination,2026-08-31,MAJORITY STRATEGIES LLC,MEDIA PLACEMENT,2010882,F24,48,True,processed,G2026,G2026,SE.16,2026-09-04,https://docquery.fec.gov/cgi-bin/forms/C00571703/2010882/,https://docquery.fec.gov/cgi-bin/fecimg/?202609049904103615
SLF,C00571703,R,NC-SEN,"COOPER, ROY",S6NC00407,DEM,S,NC,00,O,15420.13,2026-09-02,2026-09-02,2026-09-02,dissemination,2026-08-31,FCG MEDIA STRATEGIES LLC,TEXT MESSAGING,2010882,F24,48,True,processed,G2026,G2026,SE.23,2026-09-04,https://docquery.fec.gov/cgi-bin/forms/C00571703/2010882/,https://docquery.fec.gov/cgi-bin/fecimg/?202609049904103613
SLF,C00571703,R,NC-SEN,"COOPER, ROY",S6NC00407,DEM,S,NC,00,O,1100000.0,2026-09-02,2026-09-02,2026-09-02,dissemination,2026-08-31,FLEXPOINT MEDIA,MEDIA PLACEMENT,2010882,F24,48,True,processed,G2026,G2026,SE.22,2026-09-04,https://docquery.fec.gov/cgi-bin/forms/C00571703/2010882/,https://docquery.fec.gov/cgi-bin/fecimg/?202609049904103612
SLF,C00571703,R,NC-SEN,"COOPER, ROY",S6NC00407,DEM,S,NC,00,O,1310862.0,2026-08-31,2026-09-02,2026-09-02,dissemination,2026-08-31,FLEXPOINT MEDIA,MEDIA PLACEMENT,2010882,F24,48,True,processed,G2026,G2026,SE.21,2026-09-04,https://docquery.fec.gov/cgi-bin/forms/C00571703/2010882/,https://docquery.fec.gov/cgi-bin/fecimg/?202609049904103612
SLF,C00571703,R,OH-SEN,"BROWN, SHERROD",S6OH00163,DEM,S,OH,00,O,17000.0,2026-09-04,2026-09-02,2026-09-02,dissemination,2026-08-31,SOMETHING ELSE STRATEGIES LLC,MEDIA PRODUCTION,2010882,F24,48,True,processed,G2026,G2026,SE.25,2026-09-04,https://docquery.fec.gov/cgi-bin/forms/C00571703/2010882/,https://docquery.fec.gov/cgi-bin/fecimg/?202609049904103610
SLF,C00571703,R,OH-SEN,"BROWN, SHERROD",S6OH00163,DEM,S,OH,00,O,2000000.0,2026-09-02,2026-09-02,2026-09-02,dissemination,2026-08-31,GEN2 SOLUTIONS LLC,MEDIA PLACEMENT,2010882,F24,48,True,processed,G2026,G2026,SE.24,2026-09-04,https://docquery.fec.gov/cgi-bin/forms/C00571703/2010882/,https://docquery.fec.gov/cgi-bin/fecimg/?202609049904103613
WinSenate,C00865444,D,IA-SEN,"ARENHOLZ, ASHLEY HINSON",S6IA00314,REP,S,IA,00,O,500000.0,2026-09-02,2026-09-02,2026-09-02,dissemination,2026-08-31,TRILOGY INTERACTIVE LLC,DIGITAL MEDIA BUY - ESTIMATE,2010871,F24,24,True,processed,G2026,G2026,500196328,2026-09-04,https://docquery.fec.gov/cgi-bin/forms/C00865444/2010871/,https://docquery.fec.gov/cgi-bin/fecimg/?202609049904103565
WinSenate,C00865444,D,NC-SEN,"WHATLEY, MICHAEL",S6NC00415,REP,S,NC,00,O,1000.0,2026-09-02,2026-09-02,2026-09-02,dissemination,2026-08-31,C PLUS K LLC,MEDIA PRODUCTION - ESTIMATE,2010871,F24,24,True,processed,G2026,G2026,500196327,2026-09-04,https://docquery.fec.gov/cgi-bin/forms/C00865444/2010871/,https://docquery.fec.gov/cgi-bin/fecimg/?202609049904103565
WinSenate,C00865444,D,IA-SEN,"ARENHOLZ, ASHLEY HINSON",S6IA00314,REP,S,IA,00,O,1000.0,2026-09-03,2026-09-03,2026-09-03,dissemination,2026-08-31,TRILOGY INTERACTIVE LLC,MEDIA PRODUCTION - ESTIMATE,2010871,F24,24,True,processed,G2026,G2026,500196331,2026-09-04,https://docquery.fec.gov/cgi-bin/forms/C00865444/2010871/,https://docquery.fec.gov/cgi-bin/fecimg/?202609049904103566
No Going Back PAC,C00960435,R,AK-AL,"BEGICH, NICHOLAS III",H2AK01083,REP,H,AK,00,S,18955.35,2026-09-04,2026-09-04,2026-09-04,dissemination,2026-08-31,CALIBER CONTACT,DIRECT MAIL: PRINTING AND POSTAGE,2010925,F24,48,True,processed,G2026,G2026,SE.1178006.1,2026-09-05,https://docquery.fec.gov/cgi-bin/forms/C00960435/2010925/,https://docquery.fec.gov/cgi-bin/fecimg/?202609059904103943
No Going Back PAC,C00960435,R,AK-AL,"HILL, BILL",H6AK01092,IND,H,AK,00,O,18955.35,2026-09-04,2026-09-04,2026-09-04,dissemination,2026-08-31,CALIBER CONTACT,DIRECT MAIL: PRINTING AND POSTAGE,2010925,F24,48,True,processed,G2026,G2026,SE.1178006,2026-09-05,https://docquery.fec.gov/cgi-bin/forms/C00960435/2010925/,https://docquery.fec.gov/cgi-bin/fecimg/?202609059904103942
No Going Back PAC,C00960435,R,FL-14,"BELTRAN, MIKE",H6FL14237,REP,H,FL,14,S,15176.85,2026-09-04,2026-09-04,2026-09-04,dissemination,2026-08-31,CALIBER CONTACT,DIRECT MAIL: PRINTING AND POSTAGE,2010925,F24,48,True,processed,G2026,G2026,SE.1177925.1,2026-09-05,https://docquery.fec.gov/cgi-bin/forms/C00960435/2010925/,https://docquery.fec.gov/cgi-bin/fecimg/?202609059904103942
No Going Back PAC,C00960435,R,FL-14,"CASTOR, KATHY",H6FL11126,DEM,H,FL,14,O,15176.84,2026-09-04,2026-09-04,2026-09-04,dissemination,2026-08-31,CALIBER CONTACT,DIRECT MAIL: PRINTING AND POSTAGE,2010925,F24,48,True,processed,G2026,G2026,SE.1177925,2026-09-05,https://docquery.fec.gov/cgi-bin/forms/C00960435/2010925/,https://docquery.fec.gov/cgi-bin/fecimg/?202609059904103940
No Going Back PAC,C00960435,R,IA-SEN,"TUREK, JOSHUA",S6IA00298,DEM,S,IA,00,O,13495.14,2026-09-04,2026-09-04,2026-09-04,dissemination,2026-08-31,MINUTE MAIL CONSULTING GROUP LLC,DIRECT MAIL: PRINTING AND POSTAGE,2010925,F24,48,True,processed,G2026,G2026,SE.1178375,2026-09-05,https://docquery.fec.gov/cgi-bin/forms/C00960435/2010925/,https://docquery.fec.gov/cgi-bin/fecimg/?202609059904103945
No Going Back PAC,C00960435,R,IA-SEN,"TUREK, JOSHUA",S6IA00298,DEM,S,IA,00,O,125954.92,2026-09-02,2026-09-04,2026-09-04,dissemination,2026-08-31,MINUTE MAIL CONSULTING GROUP LLC,DIRECT MAIL: PRINTING AND POSTAGE,2010925,F24,48,True,processed,G2026,G2026,SE.1177044,2026-09-05,https://docquery.fec.gov/cgi-bin/forms/C00960435/2010925/,https://docquery.fec.gov/cgi-bin/fecimg/?202609059904103941
No Going Back PAC,C00960435,R,MI-07,"BARRETT, THOMAS M.",H2MI07123,REP,H,MI,07,S,10171.26,2026-09-04,2026-09-04,2026-09-04,dissemination,2026-08-31,STORYTELLER GROUP LLC,DIRECT MAIL: PRINTING AND POSTAGE,2010925,F24,48,True,processed,G2026,G2026,SE.1177879.1,2026-09-05,https://docquery.fec.gov/cgi-bin/forms/C00960435/2010925/,https://docquery.fec.gov/cgi-bin/fecimg/?202609059904103947
No Going Back PAC,C00960435,R,MI-07,"LAWRENCE, WILLIAM",H6MI07298,DEM,H,MI,07,O,10171.26,2026-09-04,2026-09-04,2026-09-04,dissemination,2026-08-31,STORYTELLER GROUP LLC,DIRECT MAIL: PRINTING AND POSTAGE,2010925,F24,48,True,processed,G2026,G2026,SE.1177879,2026-09-05,https://docquery.fec.gov/cgi-bin/forms/C00960435/2010925/,https://docquery.fec.gov/cgi-bin/fecimg/?202609059904103945
No Going Back PAC,C00960435,R,MI-10,"HINES, CHRISTINA",H6MI10276,DEM,H,MI,10,O,9076.14,2026-09-04,2026-09-04,2026-09-04,dissemination,2026-08-31,STORYTELLER GROUP LLC,DIRECT MAIL: PRINTING AND POSTAGE,2010925,F24,48,True,processed,G2026,G2026,SE.1177878.1,2026-09-05,https://docquery.fec.gov/cgi-bin/forms/C00960435/2010925/,https://docquery.fec.gov/cgi-bin/fecimg/?202609059904103946
No Going Back PAC,C00960435,R,MI-10,"BOUCHARD, MICHAEL",H6MI10359,REP,H,MI,10,S,9076.14,2026-09-04,2026-09-04,2026-09-04,dissemination,2026-08-31,STORYTELLER GROUP LLC,DIRECT MAIL: PRINTING AND POSTAGE,2010925,F24,48,True,processed,G2026,G2026,SE.1177878,2026-09-05,https://docquery.fec.gov/cgi-bin/forms/C00960435/2010925/,https://docquery.fec.gov/cgi-bin/fecimg/?202609059904103944
No Going Back PAC,C00960435,R,MT-01,"FORSTAG, SAMUEL KELLEY",H6MT01137,DEM,H,MT,01,O,48836.33,2026-09-04,2026-09-04,2026-09-04,dissemination,2026-08-31,CALIBER CONTACT,DIRECT MAIL: PRINTING AND POSTAGE,2010925,F24,48,True,processed,G2026,G2026,SE.1177928,2026-09-05,https://docquery.fec.gov/cgi-bin/forms/C00960435/2010925/,https://docquery.fec.gov/cgi-bin/fecimg/?202609059904103941
No Going Back PAC,C00960435,R,NC-SEN,"WHATLEY, MICHAEL",S6NC00415,REP,S,NC,00,S,24564.57,2026-09-04,2026-09-04,2026-09-04,dissemination,2026-08-31,CALIBER CONTACT,DIRECT MAIL: PRINTING AND POSTAGE,2010925,F24,48,True,processed,G2026,G2026,SE.1177909.1,2026-09-05,https://docquery.fec.gov/cgi-bin/forms/C00960435/2010925/,https://docquery.fec.gov/cgi-bin/fecimg/?202609059904103943
No Going Back PAC,C00960435,R,NC-SEN,"COOPER, ROY",S6NC00407,DEM,S,NC,00,O,24564.56,2026-09-04,2026-09-04,2026-09-04,dissemination,2026-08-31,CALIBER CONTACT,DIRECT MAIL: PRINTING AND POSTAGE,2010925,F24,48,True,processed,G2026,G2026,SE.1177909,2026-09-05,https://docquery.fec.gov/cgi-bin/forms/C00960435/2010925/,https://docquery.fec.gov/cgi-bin/fecimg/?202609059904103940
No Going Back PAC,C00960435,R,WA-03,"GLUESENKAMP PEREZ, MARIE",H2WA03217,DEM,H,WA,03,O,42344.62,2026-09-04,2026-09-04,2026-09-04,dissemination,2026-08-31,STORYTELLER GROUP LLC,DIRECT MAIL: PRINTING AND POSTAGE,2010925,F24,48,True,processed,G2026,G2026,SE.1177877.1,2026-09-05,https://docquery.fec.gov/cgi-bin/forms/C00960435/2010925/,https://docquery.fec.gov/cgi-bin/fecimg/?202609059904103946
No Going Back PAC,C00960435,R,WA-03,"BRAUN, JOHN",H6WA03275,REP,H,WA,03,S,42344.63,2026-09-04,2026-09-04,2026-09-04,dissemination,2026-08-31,STORYTELLER GROUP LLC,DIRECT MAIL: PRINTING AND POSTAGE,2010925,F24,48,True,processed,G2026,G2026,SE.1177877,2026-09-05,https://docquery.fec.gov/cgi-bin/forms/C00960435/2010925/,https://docquery.fec.gov/cgi-bin/fecimg/?202609059904103944
SLF,C00571703,R,AK-SEN,"PELTOLA, MARY",S6AK00276,DEM,S,AK,00,O,302347.15,2026-09-02,2026-09-04,2026-09-04,dissemination,2026-08-31,FLEXPOINT MEDIA,MEDIA PLACEMENT,2010882,F24,48,True,processed,G2026,G2026,SE.4,2026-09-04,https://docquery.fec.gov/cgi-bin/forms/C00571703/2010882/,https://docquery.fec.gov/cgi-bin/fecimg/?202609049904103608
SLF,C00571703,R,GA-SEN,"OSSOFF, JONATHAN T.",S8GA00180,DEM,S,GA,00,O,27311.0,2026-09-04,2026-09-04,2026-09-04,dissemination,2026-08-31,FP1 STRATEGIES LLC,MEDIA PRODUCTION,2010882,F24,48,True,processed,G2026,G2026,SE.7,2026-09-04,https://docquery.fec.gov/cgi-bin/forms/C00571703/2010882/,https://docquery.fec.gov/cgi-bin/fecimg/?202609049904103617
SLF,C00571703,R,GA-SEN,"OSSOFF, JONATHAN T.",S8GA00180,DEM,S,GA,00,O,20000.0,2026-09-04,2026-09-04,2026-09-04,dissemination,2026-08-31,FP1 STRATEGIES LLC,MEDIA PRODUCTION,2010882,F24,48,True,processed,G2026,G2026,SE.6,2026-09-04,https://docquery.fec.gov/cgi-bin/forms/C00571703/2010882/,https://docquery.fec.gov/cgi-bin/fecimg/?202609049904103609
SLF,C00571703,R,GA-SEN,"OSSOFF, JONATHAN T.",S8GA00180,DEM,S,GA,00,O,1093168.24,2026-08-31,2026-09-04,2026-09-04,dissemination,2026-08-31,MHB MEDIA INC,MEDIA PLACEMENT,2010882,F24,48,True,processed,G2026,G2026,SE.5,2026-09-04,https://docquery.fec.gov/cgi-bin/forms/C00571703/2010882/,https://docquery.fec.gov/cgi-bin/fecimg/?202609049904103609
SLF,C00571703,R,IA-SEN,"TUREK, JOSHUA",S6IA00298,DEM,S,IA,00,O,2000.0,2026-09-04,2026-09-04,2026-09-04,dissemination,2026-08-31,RED ELEPHANT STRATEGY,MEDIA PRODUCTION,2010946,F24,48,True,processed,G2026,G2026,SE.3,2026-09-06,https://docquery.fec.gov/cgi-bin/forms/C00571703/2010946/,https://docquery.fec.gov/cgi-bin/fecimg/?202609069904104039
SLF,C00571703,R,IA-SEN,"TUREK, JOSHUA",S6IA00298,DEM,S,IA,00,O,10000.0,2026-09-04,2026-09-04,2026-09-04,dissemination,2026-08-31,RED ELEPHANT STRATEGY,MEDIA PRODUCTION,2010946,F24,48,True,processed,G2026,G2026,SE.2,2026-09-06,https://docquery.fec.gov/cgi-bin/forms/C00571703/2010946/,https://docquery.fec.gov/cgi-bin/fecimg/?202609069904104038
SLF,C00571703,R,IA-SEN,"TUREK, JOSHUA",S6IA00298,DEM,S,IA,00,O,890397.62,2026-09-02,2026-09-04,2026-09-04,dissemination,2026-08-31,FLEXPOINT MEDIA,MEDIA PLACEMENT,2010946,F24,48,True,processed,G2026,G2026,SE.1,2026-09-06,https://docquery.fec.gov/cgi-bin/forms/C00571703/2010946/,https://docquery.fec.gov/cgi-bin/fecimg/?202609069904104038
SLF,C00571703,R,MI-SEN,"EL-SAYED, ABDUL",S6MI00418,DEM,S,MI,00,O,2500.0,2026-09-04,2026-09-04,2026-09-04,dissemination,2026-08-31,ONMESSAGE INC.,MEDIA PRODUCTION,2010882,F24,48,True,processed,G2026,G2026,SE.19,2026-09-04,https://docquery.fec.gov/cgi-bin/forms/C00571703/2010882/,https://docquery.fec.gov/cgi-bin/fecimg/?202609049904103611
SLF,C00571703,R,MI-SEN,"EL-SAYED, ABDUL",S6MI00418,DEM,S,MI,00,O,302789.0,2026-09-02,2026-09-04,2026-09-04,dissemination,2026-08-31,STORYTELLERS GROUP LLC,POSTAGE / PRINTING / PRODUCTION,2010882,F24,48,True,processed,G2026,G2026,SE.20,2026-09-04,https://docquery.fec.gov/cgi-bin/forms/C00571703/2010882/,https://docquery.fec.gov/cgi-bin/fecimg/?202609049904103611
SLF,C00571703,R,MI-SEN,"EL-SAYED, ABDUL",S6MI00418,DEM,S,MI,00,O,1031570.11,2026-08-31,2026-09-04,2026-09-04,dissemination,2026-08-31,MHB MEDIA INC,MEDIA PLACEMENT,2010882,F24,48,True,processed,G2026,G2026,SE.18,2026-09-04,https://docquery.fec.gov/cgi-bin/forms/C00571703/2010882/,https://docquery.fec.gov/cgi-bin/fecimg/?202609049904103616
SLF,C00571703,R,OH-SEN,"BROWN, SHERROD",S6OH00163,DEM,S,OH,00,O,1547856.15,2026-09-02,2026-09-04,2026-09-04,dissemination,2026-08-31,FLEXPOINT MEDIA,MEDIA PLACEMENT,2010882,F24,48,True,processed,G2026,G2026,SE.26,2026-09-04,https://docquery.fec.gov/cgi-bin/forms/C00571703/2010882/,https://docquery.fec.gov/cgi-bin/fecimg/?202609049904103610
WinSenate,C00865444,D,IA-SEN,"ARENHOLZ, ASHLEY HINSON",S6IA00314,REP,S,IA,00,O,100000.0,2026-09-04,2026-09-04,2026-09-04,dissemination,2026-08-31,TRILOGY INTERACTIVE LLC,DIGITAL MEDIA BUY - ESTIMATE,2010936,F24,48,True,processed,G2026,G2026,500196336,2026-09-06,https://docquery.fec.gov/cgi-bin/forms/C00865444/2010936/,https://docquery.fec.gov/cgi-bin/fecimg/?202609069904104009
WinSenate,C00865444,D,ME-SEN,"COLLINS, SUSAN",S6ME00159,REP,S,ME,00,O,5548.99,2026-09-04,2026-09-04,2026-09-04,dissemination,2026-08-31,"MVAR MEDIA, LLC",MEDIA PRODUCTION - ESTIMATE,2010936,F24,48,True,processed,G2026,G2026,500196335,2026-09-06,https://docquery.fec.gov/cgi-bin/forms/C00865444/2010936/,https://docquery.fec.gov/cgi-bin/fecimg/?202609069904104009
WinSenate,C00865444,D,ME-SEN,"JACKSON, TROY DALE",S6ME00464,DEM,S,ME,00,S,12651.51,2026-09-04,2026-09-04,2026-09-04,dissemination,2026-08-31,"MVAR MEDIA, LLC",MEDIA PRODUCTION - ESTIMATE,2010936,F24,48,True,processed,G2026,G2026,500196334,2026-09-06,https://docquery.fec.gov/cgi-bin/forms/C00865444/2010936/,https://docquery.fec.gov/cgi-bin/fecimg/?202609069904104008
WinSenate,C00865444,D,OH-SEN,"HUSTED, JON",S6OH00304,REP,S,OH,00,O,8832.0,2026-09-04,2026-09-04,2026-09-04,dissemination,2026-08-31,C PLUS K LLC,MEDIA PRODUCTION - ESTIMATE,2010936,F24,48,True,processed,G2026,G2026,500196333,2026-09-06,https://docquery.fec.gov/cgi-bin/forms/C00865444/2010936/,https://docquery.fec.gov/cgi-bin/fecimg/?202609069904104007
WinSenate,C00865444,D,OH-SEN,"HUSTED, JON",S6OH00304,REP,S,OH,00,O,1000000.0,2026-09-04,2026-09-04,2026-09-04,dissemination,2026-08-31,C PLUS K LLC,DIGITAL MEDIA BUY - ESTIMATE,2010936,F24,48,True,processed,G2026,G2026,500196332,2026-09-06,https://docquery.fec.gov/cgi-bin/forms/C00865444/2010936/,https://docquery.fec.gov/cgi-bin/fecimg/?202609069904104007
MAGA Inc.,C00892471,R,TX-SEN,"PAXTON, WARREN KENNETH JR.",S6TX00388,REP,S,TX,00,S,5000000.0,2026-09-04,2026-09-05,2026-09-05,dissemination,2026-08-31,DEL RAY MEDIA LLC,PLACED MEDIA: CONNECTED TV & DIGITAL ADVERTISING,2010907,F24,48,True,processed,G2026,G2026,SE.1178272.1,2026-09-05,https://docquery.fec.gov/cgi-bin/forms/C00892471/2010907/,https://docquery.fec.gov/cgi-bin/fecimg/?202609059904103868
MAGA Inc.,C00892471,R,TX-SEN,"TALARICO, JAMES",S6TX00479,DEM,S,TX,00,O,5000000.0,2026-09-04,2026-09-05,2026-09-05,dissemination,2026-08-31,DEL RAY MEDIA LLC,PLACED MEDIA: CONNECTED TV & DIGITAL ADVERTISING,2010907,F24,48,True,processed,G2026,G2026,SE.1178272.2,2026-09-05,https://docquery.fec.gov/cgi-bin/forms/C00892471/2010907/,https://docquery.fec.gov/cgi-bin/fecimg/?202609059904103868
No Going Back PAC,C00960435,R,AZ-02,"NEZ, JONATHAN MICHAEL",H4AZ02184,DEM,H,AZ,02,O,13800.51,2026-09-05,2026-09-05,2026-09-05,dissemination,2026-08-31,CREATIVE DIRECT,DIRECT MAIL: PRINTING AND POSTAGE,2010926,F24,48,True,processed,G2026,G2026,SE.1177906.2,2026-09-05,https://docquery.fec.gov/cgi-bin/forms/C00960435/2010926/,https://docquery.fec.gov/cgi-bin/fecimg/?202609059904103950
No Going Back PAC,C00960435,R,AZ-02,"CRANE, ELI",H2AZ01354,REP,H,AZ,02,S,13800.51,2026-09-05,2026-09-05,2026-09-05,dissemination,2026-08-31,CREATIVE DIRECT,DIRECT MAIL: PRINTING AND POSTAGE,2010926,F24,48,True,processed,G2026,G2026,SE.1177906.1,2026-09-05,https://docquery.fec.gov/cgi-bin/forms/C00960435/2010926/,https://docquery.fec.gov/cgi-bin/fecimg/?202609059904103950
No Going Back PAC,C00960435,R,AZ-06,"MENDOZA, JOANNA",H6AZ06099,DEM,H,AZ,06,O,17432.14,2026-09-05,2026-09-05,2026-09-05,dissemination,2026-08-31,CREATIVE DIRECT,DIRECT MAIL: PRINTING AND POSTAGE,2010926,F24,48,True,processed,G2026,G2026,SE.1177905.2,2026-09-05,https://docquery.fec.gov/cgi-bin/forms/C00960435/2010926/,https://docquery.fec.gov/cgi-bin/fecimg/?202609059904103949
No Going Back PAC,C00960435,R,AZ-06,"CISCOMANI, JUAN",H2AZ02360,REP,H,AZ,06,S,17432.14,2026-09-05,2026-09-05,2026-09-05,dissemination,2026-08-31,CREATIVE DIRECT,DIRECT MAIL: PRINTING AND POSTAGE,2010926,F24,48,True,processed,G2026,G2026,SE.1177905.1,2026-09-05,https://docquery.fec.gov/cgi-bin/forms/C00960435/2010926/,https://docquery.fec.gov/cgi-bin/fecimg/?202609059904103949
No Going Back PAC,C00960435,R,NY-17,"CONLEY, CAIT",H6NY17171,DEM,H,NY,17,O,10071.46,2026-09-05,2026-09-05,2026-09-05,dissemination,2026-08-31,CREATIVE DIRECT,DIRECT MAIL: PRINTING AND POSTAGE,2010926,F24,48,True,processed,G2026,G2026,SE.1177908.2,2026-09-05,https://docquery.fec.gov/cgi-bin/forms/C00960435/2010926/,https://docquery.fec.gov/cgi-bin/fecimg/?202609059904103952
No Going Back PAC,C00960435,R,NY-17,"LAWLER, MICHAEL VINCENT",H2NY17162,REP,H,NY,17,S,10071.46,2026-09-05,2026-09-05,2026-09-05,dissemination,2026-08-31,CREATIVE DIRECT,DIRECT MAIL: PRINTING AND POSTAGE,2010926,F24,48,True,processed,G2026,G2026,SE.1177908.1,2026-09-05,https://docquery.fec.gov/cgi-bin/forms/C00960435/2010926/,https://docquery.fec.gov/cgi-bin/fecimg/?202609059904103952
No Going Back PAC,C00960435,R,TX-23,"STOUT, KATY PADILLA",H6TX23273,DEM,H,TX,23,O,23011.88,2026-09-05,2026-09-05,2026-09-05,dissemination,2026-08-31,CREATIVE DIRECT,DIRECT MAIL: PRINTING AND POSTAGE,2010926,F24,48,True,processed,G2026,G2026,SE.1177907.2,2026-09-05,https://docquery.fec.gov/cgi-bin/forms/C00960435/2010926/,https://docquery.fec.gov/cgi-bin/fecimg/?202609059904103951
No Going Back PAC,C00960435,R,TX-23,"HERRERA, BRANDON",H4TX23120,REP,H,TX,23,S,23011.87,2026-09-05,2026-09-05,2026-09-05,dissemination,2026-08-31,CREATIVE DIRECT,DIRECT MAIL: PRINTING AND POSTAGE,2010926,F24,48,True,processed,G2026,G2026,SE.1177907.1,2026-09-05,https://docquery.fec.gov/cgi-bin/forms/C00960435/2010926/,https://docquery.fec.gov/cgi-bin/fecimg/?202609059904103951
No Going Back PAC,C00960435,R,WI-01,"BERMAN, MITCHELL",H6WI01283,DEM,H,WI,01,O,44777.47,2026-09-05,2026-09-05,2026-09-05,dissemination,2026-08-31,CREATIVE DIRECT,DIRECT MAIL: PRINTING AND POSTAGE,2010926,F24,48,True,processed,G2026,G2026,SE.1177904.2,2026-09-05,https://docquery.fec.gov/cgi-bin/forms/C00960435/2010926/,https://docquery.fec.gov/cgi-bin/fecimg/?202609059904103948
No Going Back PAC,C00960435,R,WI-01,"STEIL, BRYAN GEORGE",H8WI01156,REP,H,WI,01,S,44777.47,2026-09-05,2026-09-05,2026-09-05,dissemination,2026-08-31,CREATIVE DIRECT,DIRECT MAIL: PRINTING AND POSTAGE,2010926,F24,48,True,processed,G2026,G2026,SE.1177904.1,2026-09-05,https://docquery.fec.gov/cgi-bin/forms/C00960435/2010926/,https://docquery.fec.gov/cgi-bin/fecimg/?202609059904103948
WinSenate,C00865444,D,IA-SEN,"ARENHOLZ, ASHLEY HINSON",S6IA00314,REP,S,IA,00,O,98604.31,2026-09-05,2026-09-05,2026-09-05,dissemination,2026-08-31,MPWR MEDIA STRATEGIES LLC,MEDIA PRODUCTION - ESTIMATE,2010936,F24,48,True,processed,G2026,G2026,500196337,2026-09-06,https://docquery.fec.gov/cgi-bin/forms/C00865444/2010936/,https://docquery.fec.gov/cgi-bin/fecimg/?202609069904104008
No Going Back PAC,C00960435,R,NC-SEN,"COOPER, ROY",S6NC00407,DEM,S,NC,00,O,30447.68,2026-09-08,2026-09-06,2026-09-06,dissemination,2026-08-31,CALIBER CONTACT,TEXT MESSAGES,2011106,F24,48,True,processed,G2026,G2026,SE.1178394,2026-09-08,https://docquery.fec.gov/cgi-bin/forms/C00960435/2011106/,https://docquery.fec.gov/cgi-bin/fecimg/?202609089904113929
SLF,C00571703,R,AK-SEN,"PELTOLA, MARY",S6AK00276,DEM,S,AK,00,O,69820.32,2026-09-04,2026-09-07,2026-09-07,dissemination,2026-09-07,RIVAL STRATEGY GROUP LLC,POSTAGE / PRINTING / PRODUCTION,2011252,F24,48,True,processed,G2026,G2026,SE.1,2026-09-09,https://docquery.fec.gov/cgi-bin/forms/C00571703/2011252/,https://docquery.fec.gov/cgi-bin/fecimg/?202609099904178853
HMP,C00495028,D,AZ-06,"CISCOMANI, JUAN",H2AZ02360,REP,H,AZ,06,O,14688.0,2026-09-08,2026-09-08,2026-09-08,dissemination,2026-09-07,WATERFRONT STRATEGIES INC.,RADIO ADVERTISING - ESTIMATE,2011464,F24,48,True,processed,G2026,G2026,500677892,2026-09-10,https://docquery.fec.gov/cgi-bin/forms/C00495028/2011464/,https://docquery.fec.gov/cgi-bin/fecimg/?202609109904190180
HMP,C00495028,D,AZ-06,"CISCOMANI, JUAN",H2AZ02360,REP,H,AZ,06,O,365040.0,2026-09-08,2026-09-08,2026-09-08,dissemination,2026-09-07,WATERFRONT STRATEGIES INC.,TELEVISION ADVERTISING - ESTIMATE,2011464,F24,48,True,processed,G2026,G2026,500677891,2026-09-10,https://docquery.fec.gov/cgi-bin/forms/C00495028/2011464/,https://docquery.fec.gov/cgi-bin/fecimg/?202609109904190179
HMP,C00495028,D,AZ-06,"CISCOMANI, JUAN",H2AZ02360,REP,H,AZ,06,O,5000.0,2026-09-08,2026-09-08,2026-09-08,dissemination,2026-09-07,UPLIFT CAMPAIGNS,MEDIA PRODUCTION - ESTIMATE,2011464,F24,48,True,processed,G2026,G2026,500677890,2026-09-10,https://docquery.fec.gov/cgi-bin/forms/C00495028/2011464/,https://docquery.fec.gov/cgi-bin/fecimg/?202609109904190179
HMP,C00495028,D,AZ-06,"CISCOMANI, JUAN",H2AZ02360,REP,H,AZ,06,O,130310.0,2026-09-08,2026-09-08,2026-09-08,dissemination,2026-09-07,UPLIFT CAMPAIGNS,DIGITAL ADVERTISING - ESTIMATE,2011464,F24,48,True,processed,G2026,G2026,500677889,2026-09-10,https://docquery.fec.gov/cgi-bin/forms/C00495028/2011464/,https://docquery.fec.gov/cgi-bin/fecimg/?202609109904190178
HMP,C00495028,D,AZ-06,"CISCOMANI, JUAN",H2AZ02360,REP,H,AZ,06,O,4500.0,2026-09-08,2026-09-08,2026-09-08,dissemination,2026-09-07,TECHNICOLOR POLITCAL LLC,MEDIA PRODUCTION - ESTIMATE,2011464,F24,48,True,processed,G2026,G2026,500677877,2026-09-10,https://docquery.fec.gov/cgi-bin/forms/C00495028/2011464/,https://docquery.fec.gov/cgi-bin/fecimg/?202609109904190172
HMP,C00495028,D,AZ-06,"CISCOMANI, JUAN",H2AZ02360,REP,H,AZ,06,O,26500.0,2026-09-08,2026-09-08,2026-09-08,dissemination,2026-09-07,SOLIDARITY STRATEGIES LLC,MEDIA PRODUCTION - ESTIMATE,2011464,F24,48,True,processed,G2026,G2026,500677875,2026-09-10,https://docquery.fec.gov/cgi-bin/forms/C00495028/2011464/,https://docquery.fec.gov/cgi-bin/fecimg/?202609109904190171
HMP,C00495028,D,AZ-06,"CISCOMANI, JUAN",H2AZ02360,REP,H,AZ,06,O,7000.0,2026-09-08,2026-09-08,2026-09-08,dissemination,2026-09-07,SOLIDARITY STRATEGIES LLC,MEDIA PRODUCTION - ESTIMATE,2011464,F24,48,True,processed,G2026,G2026,500677874,2026-09-10,https://docquery.fec.gov/cgi-bin/forms/C00495028/2011464/,https://docquery.fec.gov/cgi-bin/fecimg/?202609109904190171
HMP,C00495028,D,AZ-06,"CISCOMANI, JUAN",H2AZ02360,REP,H,AZ,06,O,16500.0,2026-09-08,2026-09-08,2026-09-08,dissemination,2026-09-07,SOLIDARITY STRATEGIES LLC,MEDIA PRODUCTION - ESTIMATE,2011464,F24,48,True,processed,G2026,G2026,500677872,2026-09-10,https://docquery.fec.gov/cgi-bin/forms/C00495028/2011464/,https://docquery.fec.gov/cgi-bin/fecimg/?202609109904190170
HMP,C00495028,D,AZ-06,"CISCOMANI, JUAN",H2AZ02360,REP,H,AZ,06,O,3700.73,2026-09-08,2026-09-08,2026-09-08,dissemination,2026-09-07,SOLIDARITY STRATEGIES LLC,MEDIA PRODUCTION - ESTIMATE,2011464,F24,48,True,processed,G2026,G2026,500677871,2026-09-10,https://docquery.fec.gov/cgi-bin/forms/C00495028/2011464/,https://docquery.fec.gov/cgi-bin/fecimg/?202609109904190169
HMP,C00495028,D,AZ-06,"CISCOMANI, JUAN",H2AZ02360,REP,H,AZ,06,O,44889.19,2026-09-08,2026-09-08,2026-09-08,dissemination,2026-09-07,SENA KOZAR STRATEGIES,MEDIA PRODUCTION - ESTIMATE,2011464,F24,48,True,processed,G2026,G2026,500677867,2026-09-10,https://docquery.fec.gov/cgi-bin/forms/C00495028/2011464/,https://docquery.fec.gov/cgi-bin/fecimg/?202609109904190167
HMP,C00495028,D,AZ-06,"CISCOMANI, JUAN",H2AZ02360,REP,H,AZ,06,O,12568.09,2026-09-08,2026-09-08,2026-09-08,dissemination,2026-09-07,SENA KOZAR STRATEGIES,MEDIA PRODUCTION - ESTIMATE,2011464,F24,48,True,processed,G2026,G2026,500677866,2026-09-10,https://docquery.fec.gov/cgi-bin/forms/C00495028/2011464/,https://docquery.fec.gov/cgi-bin/fecimg/?202609109904190167
HMP,C00495028,D,CA-22,"VALADAO, DAVID",H2CA20094,REP,H,CA,22,O,25920.0,2026-09-08,2026-09-08,2026-09-08,dissemination,2026-09-07,WATERFRONT STRATEGIES INC.,RADIO ADVERTISING - ESTIMATE,2011464,F24,48,True,processed,G2026,G2026,500677896,2026-09-10,https://docquery.fec.gov/cgi-bin/forms/C00495028/2011464/,https://docquery.fec.gov/cgi-bin/fecimg/?202609109904190181
HMP,C00495028,D,CA-22,"VALADAO, DAVID",H2CA20094,REP,H,CA,22,O,530280.0,2026-09-08,2026-09-08,2026-09-08,dissemination,2026-09-07,WATERFRONT STRATEGIES INC.,TELEVISION ADVERTISING - ESTIMATE,2011464,F24,48,True,processed,G2026,G2026,500677893,2026-09-10,https://docquery.fec.gov/cgi-bin/forms/C00495028/2011464/,https://docquery.fec.gov/cgi-bin/fecimg/?202609109904190180
HMP,C00495028,D,CA-22,"VALADAO, DAVID",H2CA20094,REP,H,CA,22,O,12000.0,2026-09-08,2026-09-08,2026-09-08,dissemination,2026-09-07,TRILOGY INTERACTIVE LLC,MEDIA PRODUCTION - ESTIMATE,2011464,F24,48,True,processed,G2026,G2026,500677886,2026-09-10,https://docquery.fec.gov/cgi-bin/forms/C00495028/2011464/,https://docquery.fec.gov/cgi-bin/fecimg/?202609109904190177
HMP,C00495028,D,CA-22,"VALADAO, DAVID",H2CA20094,REP,H,CA,22,O,150000.0,2026-09-08,2026-09-08,2026-09-08,dissemination,2026-09-07,TRILOGY INTERACTIVE LLC,DIGITAL ADVERTISING - ESTIMATE,2011464,F24,48,True,processed,G2026,G2026,500677885,2026-09-10,https://docquery.fec.gov/cgi-bin/forms/C00495028/2011464/,https://docquery.fec.gov/cgi-bin/fecimg/?202609109904190176
HMP,C00495028,D,CA-22,"VALADAO, DAVID",H2CA20094,REP,H,CA,22,O,12000.0,2026-09-08,2026-09-08,2026-09-08,dissemination,2026-09-07,"TKO POLITICAL, LLC",MEDIA PRODUCTION - ESTIMATE,2011464,F24,48,True,processed,G2026,G2026,500677883,2026-09-10,https://docquery.fec.gov/cgi-bin/forms/C00495028/2011464/,https://docquery.fec.gov/cgi-bin/fecimg/?202609109904190175
HMP,C00495028,D,CA-22,"VALADAO, DAVID",H2CA20094,REP,H,CA,22,O,28308.33,2026-09-08,2026-09-08,2026-09-08,dissemination,2026-09-07,"CONEXION POLITICAL, LLC",MEDIA PRODUCTION - ESTIMATE,2011464,F24,48,True,processed,G2026,G2026,500677853,2026-09-10,https://docquery.fec.gov/cgi-bin/forms/C00495028/2011464/,https://docquery.fec.gov/cgi-bin/fecimg/?202609109904190161
HMP,C00495028,D,CO-08,"EVANS, TIMOTHY GABRIEL JOSEPH",H4CO08034,REP,H,CO,08,O,21600.0,2026-09-08,2026-09-08,2026-09-08,dissemination,2026-09-07,WATERFRONT STRATEGIES INC.,RADIO ADVERTISING - ESTIMATE,2011464,F24,48,True,processed,G2026,G2026,500677901,2026-09-10,https://docquery.fec.gov/cgi-bin/forms/C00495028/2011464/,https://docquery.fec.gov/cgi-bin/fecimg/?202609109904190182
HMP,C00495028,D,CO-08,"EVANS, TIMOTHY GABRIEL JOSEPH",H4CO08034,REP,H,CO,08,O,648432.0,2026-09-08,2026-09-08,2026-09-08,dissemination,2026-09-07,WATERFRONT STRATEGIES INC.,TELEVISION ADVERTISING - ESTIMATE,2011464,F24,48,True,processed,G2026,G2026,500677898,2026-09-10,https://docquery.fec.gov/cgi-bin/forms/C00495028/2011464/,https://docquery.fec.gov/cgi-bin/fecimg/?202609109904190181
HMP,C00495028,D,CO-08,"EVANS, TIMOTHY GABRIEL JOSEPH",H4CO08034,REP,H,CO,08,O,4554.46,2026-09-08,2026-09-08,2026-09-08,dissemination,2026-09-07,SOLIDARITY STRATEGIES LLC,MEDIA PRODUCTION - ESTIMATE,2011464,F24,48,True,processed,G2026,G2026,500677876,2026-09-10,https://docquery.fec.gov/cgi-bin/forms/C00495028/2011464/,https://docquery.fec.gov/cgi-bin/fecimg/?202609109904190172
HMP,C00495028,D,CO-08,"EVANS, TIMOTHY GABRIEL JOSEPH",H4CO08034,REP,H,CO,08,O,15000.0,2026-09-08,2026-09-08,2026-09-08,dissemination,2026-09-07,SOLIDARITY STRATEGIES LLC,MEDIA PRODUCTION - ESTIMATE,2011464,F24,48,True,processed,G2026,G2026,500677873,2026-09-10,https://docquery.fec.gov/cgi-bin/forms/C00495028/2011464/,https://docquery.fec.gov/cgi-bin/fecimg/?202609109904190170
HMP,C00495028,D,CO-08,"EVANS, TIMOTHY GABRIEL JOSEPH",H4CO08034,REP,H,CO,08,O,51863.09,2026-09-08,2026-09-08,2026-09-08,dissemination,2026-09-07,GPS IMPACT,MEDIA PRODUCTION - ESTIMATE,2011464,F24,48,True,processed,G2026,G2026,500677856,2026-09-10,https://docquery.fec.gov/cgi-bin/forms/C00495028/2011464/,https://docquery.fec.gov/cgi-bin/fecimg/?202609109904190162
HMP,C00495028,D,CO-08,"EVANS, TIMOTHY GABRIEL JOSEPH",H4CO08034,REP,H,CO,08,O,9695.83,2026-09-08,2026-09-08,2026-09-08,dissemination,2026-09-07,GPS IMPACT,MEDIA PRODUCTION - ESTIMATE,2011464,F24,48,True,processed,G2026,G2026,500677855,2026-09-10,https://docquery.fec.gov/cgi-bin/forms/C00495028/2011464/,https://docquery.fec.gov/cgi-bin/fecimg/?202609109904190162
HMP,C00495028,D,IA-02,"MITCHELL, JOE",H6IA02237,REP,H,IA,02,O,259200.0,2026-09-08,2026-09-08,2026-09-08,dissemination,2026-09-07,WATERFRONT STRATEGIES INC.,TELEVISION ADVERTISING - ESTIMATE,2011464,F24,48,True,processed,G2026,G2026,500677903,2026-09-10,https://docquery.fec.gov/cgi-bin/forms/C00495028/2011464/,https://docquery.fec.gov/cgi-bin/fecimg/?202609109904190182
HMP,C00495028,D,IA-02,"MITCHELL, JOE",H6IA02237,REP,H,IA,02,O,10931.28,2026-09-08,2026-09-08,2026-09-08,dissemination,2026-09-07,"THREE POINT MEDIA, LLC",MEDIA PRODUCTION - ESTIMATE,2011464,F24,48,True,processed,G2026,G2026,500677882,2026-09-10,https://docquery.fec.gov/cgi-bin/forms/C00495028/2011464/,https://docquery.fec.gov/cgi-bin/fecimg/?202609109904190175
HMP,C00495028,D,IA-02,"MITCHELL, JOE",H6IA02237,REP,H,IA,02,O,8272.0,2026-09-08,2026-09-08,2026-09-08,dissemination,2026-09-07,SKDKNICKERBOCKER LLC,MEDIA PRODUCTION - ESTIMATE,2011464,F24,48,True,processed,G2026,G2026,500677870,2026-09-10,https://docquery.fec.gov/cgi-bin/forms/C00495028/2011464/,https://docquery.fec.gov/cgi-bin/fecimg/?202609109904190169
HMP,C00495028,D,IA-02,"MITCHELL, JOE",H6IA02237,REP,H,IA,02,O,116375.0,2026-09-08,2026-09-08,2026-09-08,dissemination,2026-09-07,SKDKNICKERBOCKER LLC,DIGITAL ADVERTISING - ESTIMATE,2011464,F24,48,True,processed,G2026,G2026,500677869,2026-09-10,https://docquery.fec.gov/cgi-bin/forms/C00495028/2011464/,https://docquery.fec.gov/cgi-bin/fecimg/?202609109904190168
HMP,C00495028,D,IA-03,"NUNN, ZACH",H2IA03119,REP,H,IA,03,O,212198.4,2026-09-08,2026-09-08,2026-09-08,dissemination,2026-09-07,WATERFRONT STRATEGIES INC.,TELEVISION ADVERTISING - ESTIMATE,2011464,F24,48,True,processed,G2026,G2026,500677905,2026-09-10,https://docquery.fec.gov/cgi-bin/forms/C00495028/2011464/,https://docquery.fec.gov/cgi-bin/fecimg/?202609109904190183
HMP,C00495028,D,IA-03,"NUNN, ZACH",H2IA03119,REP,H,IA,03,O,16730.04,2026-09-08,2026-09-08,2026-09-08,dissemination,2026-09-07,SENA KOZAR STRATEGIES,MEDIA PRODUCTION - ESTIMATE,2011464,F24,48,True,processed,G2026,G2026,500677868,2026-09-10,https://docquery.fec.gov/cgi-bin/forms/C00495028/2011464/,https://docquery.fec.gov/cgi-bin/fecimg/?202609109904190168
HMP,C00495028,D,MI-04,"HUIZENGA, WILLIAM P",H0MI02094,REP,H,MI,04,O,578534.4,2026-09-08,2026-09-08,2026-09-08,dissemination,2026-09-07,WATERFRONT STRATEGIES INC.,TELEVISION ADVERTISING - ESTIMATE,2011464,F24,48,True,processed,G2026,G2026,500677907,2026-09-10,https://docquery.fec.gov/cgi-bin/forms/C00495028/2011464/,https://docquery.fec.gov/cgi-bin/fecimg/?202609109904190183
HMP,C00495028,D,MI-04,"HUIZENGA, WILLIAM P",H0MI02094,REP,H,MI,04,O,13290.68,2026-09-08,2026-09-08,2026-09-08,dissemination,2026-09-07,MVAR MEDIA LLC,MEDIA PRODUCTION - ESTIMATE,2011464,F24,48,True,processed,G2026,G2026,500677857,2026-09-10,https://docquery.fec.gov/cgi-bin/forms/C00495028/2011464/,https://docquery.fec.gov/cgi-bin/fecimg/?202609109904190163
HMP,C00495028,D,MI-04,"HUIZENGA, WILLIAM P",H0MI02094,REP,H,MI,04,O,71809.61,2026-09-08,2026-09-08,2026-09-08,dissemination,2026-09-07,HOUSE MAJORITY FORWARD,IN-KIND MEDIA PRODUCTION - ESTIMATE,2011464,F24,48,True,processed,G2026,G2026,500677849,2026-09-10,https://docquery.fec.gov/cgi-bin/forms/C00495028/2011464/,https://docquery.fec.gov/cgi-bin/fecimg/?202609109904190163
HMP,C00495028,D,NE-02,"HARDING, BRINKER",H6NE02208,REP,H,NE,02,O,286848.0,2026-09-08,2026-09-08,2026-09-08,dissemination,2026-09-07,WATERFRONT STRATEGIES INC.,TELEVISION ADVERTISING - ESTIMATE,2011464,F24,48,True,processed,G2026,G2026,500677908,2026-09-10,https://docquery.fec.gov/cgi-bin/forms/C00495028/2011464/,https://docquery.fec.gov/cgi-bin/fecimg/?202609109904190184
HMP,C00495028,D,NE-02,"HARDING, BRINKER",H6NE02208,REP,H,NE,02,O,4500.0,2026-09-08,2026-09-08,2026-09-08,dissemination,2026-09-07,TECHNICOLOR POLITCAL LLC,MEDIA PRODUCTION - ESTIMATE,2011464,F24,48,True,processed,G2026,G2026,500677878,2026-09-10,https://docquery.fec.gov/cgi-bin/forms/C00495028/2011464/,https://docquery.fec.gov/cgi-bin/fecimg/?202609109904190173
HMP,C00495028,D,NE-02,"HARDING, BRINKER",H6NE02208,REP,H,NE,02,O,11151.69,2026-09-08,2026-09-08,2026-09-08,dissemination,2026-09-07,BLUEPRINT INTERACTIVE,MEDIA PRODUCTION - ESTIMATE,2011464,F24,48,True,processed,G2026,G2026,500677852,2026-09-10,https://docquery.fec.gov/cgi-bin/forms/C00495028/2011464/,https://docquery.fec.gov/cgi-bin/fecimg/?202609109904190160
HMP,C00495028,D,NE-02,"HARDING, BRINKER",H6NE02208,REP,H,NE,02,O,96368.0,2026-09-08,2026-09-08,2026-09-08,dissemination,2026-09-07,BLUEPRINT INTERACTIVE,DIGITAL ADVERTISING - ESTIMATE,2011464,F24,48,True,processed,G2026,G2026,500677851,2026-09-10,https://docquery.fec.gov/cgi-bin/forms/C00495028/2011464/,https://docquery.fec.gov/cgi-bin/fecimg/?202609109904190160
HMP,C00495028,D,NE-02,"HARDING, BRINKER",H6NE02208,REP,H,NE,02,O,69105.96,2026-09-08,2026-09-08,2026-09-08,dissemination,2026-09-07,ADWELL,MEDIA PRODUCTION - ESTIMATE,2011464,F24,48,True,processed,G2026,G2026,500677863,2026-09-10,https://docquery.fec.gov/cgi-bin/forms/C00495028/2011464/,https://docquery.fec.gov/cgi-bin/fecimg/?202609109904190159
HMP,C00495028,D,NE-02,"HARDING, BRINKER",H6NE02208,REP,H,NE,02,O,5652.8,2026-09-08,2026-09-08,2026-09-08,dissemination,2026-09-07,ADWELL,MEDIA PRODUCTION - ESTIMATE,2011464,F24,48,True,processed,G2026,G2026,500677862,2026-09-10,https://docquery.fec.gov/cgi-bin/forms/C00495028/2011464/,https://docquery.fec.gov/cgi-bin/fecimg/?202609109904190159
HMP,C00495028,D,OH-09,"MERRIN, DEREK",H4OH09169,REP,H,OH,09,O,259200.0,2026-09-08,2026-09-08,2026-09-08,dissemination,2026-09-07,WATERFRONT STRATEGIES INC.,TELEVISION ADVERTISING - ESTIMATE,2011464,F24,48,True,processed,G2026,G2026,500677909,2026-09-10,https://docquery.fec.gov/cgi-bin/forms/C00495028/2011464/,https://docquery.fec.gov/cgi-bin/fecimg/?202609109904190184
HMP,C00495028,D,OH-09,"KAPTUR, MARCY HON. M.C.",H2OH09031,DEM,H,OH,09,S,18500.0,2026-09-08,2026-09-08,2026-09-08,dissemination,2026-09-07,TECHNICOLOR POLITCAL LLC,MEDIA PRODUCTION - ESTIMATE,2011464,F24,48,True,processed,G2026,G2026,500677879,2026-09-10,https://docquery.fec.gov/cgi-bin/forms/C00495028/2011464/,https://docquery.fec.gov/cgi-bin/fecimg/?202609109904190173
HMP,C00495028,D,OH-09,"KAPTUR, MARCY HON. M.C.",H2OH09031,DEM,H,OH,09,S,42000.0,2026-09-08,2026-09-08,2026-09-08,dissemination,2026-09-07,MVAR MEDIA LLC,DIGITAL ADVERTISING - ESTIMATE,2011464,F24,48,True,processed,G2026,G2026,500677858,2026-09-10,https://docquery.fec.gov/cgi-bin/forms/C00495028/2011464/,https://docquery.fec.gov/cgi-bin/fecimg/?202609109904190164
HMP,C00495028,D,PA-08,"BRESNAHAN, ROB",H4PA08124,REP,H,PA,08,O,4500.0,2026-09-08,2026-09-08,2026-09-08,dissemination,2026-09-07,TECHNICOLOR POLITCAL LLC,MEDIA PRODUCTION - ESTIMATE,2011464,F24,48,True,processed,G2026,G2026,500677880,2026-09-10,https://docquery.fec.gov/cgi-bin/forms/C00495028/2011464/,https://docquery.fec.gov/cgi-bin/fecimg/?202609109904190174
HMP,C00495028,D,PA-08,"BRESNAHAN, ROB",H4PA08124,REP,H,PA,08,O,572.0,2026-09-08,2026-09-08,2026-09-08,dissemination,2026-09-07,MVAR MEDIA LLC,MEDIA PRODUCTION - ESTIMATE,2011464,F24,48,True,processed,G2026,G2026,500677861,2026-09-10,https://docquery.fec.gov/cgi-bin/forms/C00495028/2011464/,https://docquery.fec.gov/cgi-bin/fecimg/?202609109904190165
HMP,C00495028,D,PA-08,"BRESNAHAN, ROB",H4PA08124,REP,H,PA,08,O,7776.99,2026-09-08,2026-09-08,2026-09-08,dissemination,2026-09-07,MVAR MEDIA LLC,MEDIA PRODUCTION - ESTIMATE,2011464,F24,48,True,processed,G2026,G2026,500677860,2026-09-10,https://docquery.fec.gov/cgi-bin/forms/C00495028/2011464/,https://docquery.fec.gov/cgi-bin/fecimg/?202609109904190165
HMP,C00495028,D,PA-08,"BRESNAHAN, ROB",H4PA08124,REP,H,PA,08,O,111000.0,2026-09-08,2026-09-08,2026-09-08,dissemination,2026-09-07,MVAR MEDIA LLC,DIGITAL ADVERTISING - ESTIMATE,2011464,F24,48,True,processed,G2026,G2026,500677859,2026-09-10,https://docquery.fec.gov/cgi-bin/forms/C00495028/2011464/,https://docquery.fec.gov/cgi-bin/fecimg/?202609109904190164
HMP,C00495028,D,TX-15,"DE LA CRUZ, MONICA",H0TX15124,REP,H,TX,15,O,13824.0,2026-09-08,2026-09-08,2026-09-08,dissemination,2026-09-07,WATERFRONT STRATEGIES INC.,RADIO ADVERTISING - ESTIMATE,2011464,F24,48,True,processed,G2026,G2026,500677914,2026-09-10,https://docquery.fec.gov/cgi-bin/forms/C00495028/2011464/,https://docquery.fec.gov/cgi-bin/fecimg/?202609109904190185
HMP,C00495028,D,TX-34,"FLORES, ERIC",H6TX34080,REP,H,TX,34,O,25920.0,2026-09-08,2026-09-08,2026-09-08,dissemination,2026-09-07,WATERFRONT STRATEGIES INC.,RADIO ADVERTISING - ESTIMATE,2011464,F24,48,True,processed,G2026,G2026,500677919,2026-09-10,https://docquery.fec.gov/cgi-bin/forms/C00495028/2011464/,https://docquery.fec.gov/cgi-bin/fecimg/?202609109904190185
HMP,C00495028,D,VA-02,"KIGGANS, JENNIFER",H2VA02064,REP,H,VA,02,O,12000.0,2026-09-08,2026-09-08,2026-09-08,dissemination,2026-09-07,TRILOGY INTERACTIVE LLC,MEDIA PRODUCTION - ESTIMATE,2011464,F24,48,True,processed,G2026,G2026,500677888,2026-09-10,https://docquery.fec.gov/cgi-bin/forms/C00495028/2011464/,https://docquery.fec.gov/cgi-bin/fecimg/?202609109904190178
HMP,C00495028,D,VA-02,"KIGGANS, JENNIFER",H2VA02064,REP,H,VA,02,O,195300.0,2026-09-08,2026-09-08,2026-09-08,dissemination,2026-09-07,TRILOGY INTERACTIVE LLC,DIGITAL ADVERTISING - ESTIMATE,2011464,F24,48,True,processed,G2026,G2026,500677887,2026-09-10,https://docquery.fec.gov/cgi-bin/forms/C00495028/2011464/,https://docquery.fec.gov/cgi-bin/fecimg/?202609109904190177
HMP,C00495028,D,VA-02,"KIGGANS, JENNIFER",H2VA02064,REP,H,VA,02,O,12000.0,2026-09-08,2026-09-08,2026-09-08,dissemination,2026-09-07,"TKO POLITICAL, LLC",MEDIA PRODUCTION - ESTIMATE,2011464,F24,48,True,processed,G2026,G2026,500677884,2026-09-10,https://docquery.fec.gov/cgi-bin/forms/C00495028/2011464/,https://docquery.fec.gov/cgi-bin/fecimg/?202609109904190176
HMP,C00495028,D,VA-02,"KIGGANS, JENNIFER",H2VA02064,REP,H,VA,02,O,23250.0,2026-09-08,2026-09-08,2026-09-08,dissemination,2026-09-07,TECHNICOLOR POLITCAL LLC,MEDIA PRODUCTION - ESTIMATE,2011464,F24,48,True,processed,G2026,G2026,500677881,2026-09-10,https://docquery.fec.gov/cgi-bin/forms/C00495028/2011464/,https://docquery.fec.gov/cgi-bin/fecimg/?202609109904190174
HMP,C00495028,D,WA-03,"BRAUN, JOHN",H6WA03275,REP,H,WA,03,O,16000.0,2026-09-08,2026-09-08,2026-09-08,dissemination,2026-09-07,"RISING TIDE INTERACTIVE, LLC",MEDIA PRODUCTION - ESTIMATE,2011464,F24,48,True,processed,G2026,G2026,500677865,2026-09-10,https://docquery.fec.gov/cgi-bin/forms/C00495028/2011464/,https://docquery.fec.gov/cgi-bin/fecimg/?202609109904190166
HMP,C00495028,D,WA-03,"BRAUN, JOHN",H6WA03275,REP,H,WA,03,O,92876.91,2026-09-08,2026-09-08,2026-09-08,dissemination,2026-09-07,"RISING TIDE INTERACTIVE, LLC",DIGITAL ADVERTISING - ESTIMATE,2011464,F24,48,True,processed,G2026,G2026,500677864,2026-09-10,https://docquery.fec.gov/cgi-bin/forms/C00495028/2011464/,https://docquery.fec.gov/cgi-bin/fecimg/?202609109904190166
HMP,C00495028,D,WA-03,"BRAUN, JOHN",H6WA03275,REP,H,WA,03,O,13810.0,2026-09-08,2026-09-08,2026-09-08,dissemination,2026-09-07,DIXON DAVIS MEDIA GROUP LLC,MEDIA PRODUCTION - ESTIMATE,2011464,F24,48,True,processed,G2026,G2026,500677854,2026-09-10,https://docquery.fec.gov/cgi-bin/forms/C00495028/2011464/,https://docquery.fec.gov/cgi-bin/fecimg/?202609109904190161
No Going Back PAC,C00960435,R,CA-48,"VON WILPERT, MARNI",H6CA48310,DEM,H,CA,48,O,28609.12,2026-09-08,2026-09-08,2026-09-08,dissemination,2026-09-07,ELECTORAL COMMUNICATIONS GROUP LLC,DIRECT MAIL: PRINTING AND POSTAGE,2011444,F24,48,True,processed,G2026,G2026,SE.1178385,2026-09-10,https://docquery.fec.gov/cgi-bin/forms/C00960435/2011444/,https://docquery.fec.gov/cgi-bin/fecimg/?202609109904189829
No Going Back PAC,C00960435,R,CO-08,"RUTINEL, MANNY",H6CO08013,DEM,H,CO,08,O,54060.0,2026-09-08,2026-09-08,2026-09-08,dissemination,2026-09-07,PT STRATEGY LLC,DIRECT MAIL: PRINTING AND POSTAGE,2011444,F24,48,True,processed,G2026,G2026,SE.1178390,2026-09-10,https://docquery.fec.gov/cgi-bin/forms/C00960435/2011444/,https://docquery.fec.gov/cgi-bin/fecimg/?202609109904189828
No Going Back PAC,C00960435,R,IA-03,"TRONE GARRIOTT, SARAH",H6IA03268,DEM,H,IA,03,O,63616.0,2026-09-08,2026-09-08,2026-09-08,dissemination,2026-09-07,PT STRATEGY LLC,DIRECT MAIL: PRINTING AND POSTAGE,2011444,F24,48,True,processed,G2026,G2026,SE.1178387,2026-09-10,https://docquery.fec.gov/cgi-bin/forms/C00960435/2011444/,https://docquery.fec.gov/cgi-bin/fecimg/?202609109904189827
No Going Back PAC,C00960435,R,IA-SEN,"TUREK, JOSHUA",S6IA00298,DEM,S,IA,00,O,13495.14,2026-09-08,2026-09-08,2026-09-08,dissemination,2026-09-07,MINUTE MAIL CONSULTING GROUP LLC,DIRECT MAIL: PRINTING AND POSTAGE,2011444,F24,48,True,processed,G2026,G2026,24.1179341,2026-09-10,https://docquery.fec.gov/cgi-bin/forms/C00960435/2011444/,https://docquery.fec.gov/cgi-bin/fecimg/?202609109904189824
No Going Back PAC,C00960435,R,IA-SEN,"TUREK, JOSHUA",S6IA00298,DEM,S,IA,00,O,125954.92,2026-09-03,2026-09-08,2026-09-08,dissemination,2026-09-07,MINUTE MAIL CONSULTING GROUP LLC,DIRECT MAIL: PRINTING AND POSTAGE,2011444,F24,48,True,processed,G2026,G2026,SE.1177532,2026-09-10,https://docquery.fec.gov/cgi-bin/forms/C00960435/2011444/,https://docquery.fec.gov/cgi-bin/fecimg/?202609109904189825
No Going Back PAC,C00960435,R,NC-SEN,"COOPER, ROY",S6NC00407,DEM,S,NC,00,O,140388.93,2026-09-08,2026-09-08,2026-09-08,dissemination,2026-09-07,CALIBER CONTACT,DIRECT MAIL: PRINTING AND POSTAGE,2011444,F24,48,True,processed,G2026,G2026,SE.1177961,2026-09-10,https://docquery.fec.gov/cgi-bin/forms/C00960435/2011444/,https://docquery.fec.gov/cgi-bin/fecimg/?202609109904189827
No Going Back PAC,C00960435,R,OH-09,"KAPTUR, MARCY HON. M.C.",H2OH09031,DEM,H,OH,09,O,34126.0,2026-09-04,2026-09-08,2026-09-08,dissemination,2026-09-07,PT STRATEGY LLC,DIRECT MAIL: PRINTING AND POSTAGE,2011444,F24,48,True,processed,G2026,G2026,SE.1177897.1,2026-09-10,https://docquery.fec.gov/cgi-bin/forms/C00960435/2011444/,https://docquery.fec.gov/cgi-bin/fecimg/?202609109904189830
No Going Back PAC,C00960435,R,OH-09,"MERRIN, DEREK",H4OH09169,REP,H,OH,09,S,34126.0,2026-09-04,2026-09-08,2026-09-08,dissemination,2026-09-07,PT STRATEGY LLC,DIRECT MAIL: PRINTING AND POSTAGE,2011444,F24,48,True,processed,G2026,G2026,SE.1177897,2026-09-10,https://docquery.fec.gov/cgi-bin/forms/C00960435/2011444/,https://docquery.fec.gov/cgi-bin/fecimg/?202609109904189825
No Going Back PAC,C00960435,R,PA-07,"BROOKS, BOB",H6PA07188,DEM,H,PA,07,O,42770.0,2026-09-08,2026-09-08,2026-09-08,dissemination,2026-09-07,PT STRATEGY LLC,DIRECT MAIL: PRINTING AND POSTAGE,2011444,F24,48,True,processed,G2026,G2026,SE.1178399,2026-09-10,https://docquery.fec.gov/cgi-bin/forms/C00960435/2011444/,https://docquery.fec.gov/cgi-bin/fecimg/?202609109904189828
No Going Back PAC,C00960435,R,TX-15,"PULIDO, BOBBY",H6TX15246,DEM,H,TX,15,O,29754.25,2026-09-04,2026-09-08,2026-09-08,dissemination,2026-09-07,CALIBER CONTACT,DIRECT MAIL: PRINTING AND POSTAGE,2011444,F24,48,True,processed,G2026,G2026,SE.1177941,2026-09-10,https://docquery.fec.gov/cgi-bin/forms/C00960435/2011444/,https://docquery.fec.gov/cgi-bin/fecimg/?202609109904189826
No Going Back PAC,C00960435,R,TX-35,"GARCIA, JOHNNY",H6TX35095,DEM,H,TX,35,O,32327.81,2026-09-04,2026-09-08,2026-09-08,dissemination,2026-09-07,CALIBER CONTACT,DIRECT MAIL: PRINTING AND POSTAGE,2011444,F24,48,True,processed,G2026,G2026,SE.1177944,2026-09-10,https://docquery.fec.gov/cgi-bin/forms/C00960435/2011444/,https://docquery.fec.gov/cgi-bin/fecimg/?202609109904189826
No Going Back PAC,C00960435,R,TX-SEN,"PAXTON, WARREN KENNETH JR.",S6TX00388,REP,S,TX,00,S,935988.48,2026-09-08,2026-09-08,2026-09-08,dissemination,2026-09-07,MINUTE MAIL CONSULTING GROUP LLC,DIRECT MAIL: PRINTING AND POSTAGE,2011444,F24,48,True,processed,G2026,G2026,SE.1177528.1,2026-09-10,https://docquery.fec.gov/cgi-bin/forms/C00960435/2011444/,https://docquery.fec.gov/cgi-bin/fecimg/?202609109904189829
No Going Back PAC,C00960435,R,TX-SEN,"TALARICO, JAMES",S6TX00479,DEM,S,TX,00,O,935988.48,2026-09-08,2026-09-08,2026-09-08,dissemination,2026-09-07,MINUTE MAIL CONSULTING GROUP LLC,DIRECT MAIL: PRINTING AND POSTAGE,2011444,F24,48,True,processed,G2026,G2026,SE.1177528,2026-09-10,https://docquery.fec.gov/cgi-bin/forms/C00960435/2011444/,https://docquery.fec.gov/cgi-bin/fecimg/?202609109904189824
SLF,C00571703,R,AK-SEN,"PELTOLA, MARY",S6AK00276,DEM,S,AK,00,O,1000.0,2026-09-08,2026-09-08,2026-09-08,dissemination,2026-09-07,PRIME MEDIA PARTNERS LLC,MEDIA PRODUCTION,2011455,F24,48,True,processed,G2026,G2026,SE.1,2026-09-10,https://docquery.fec.gov/cgi-bin/forms/C00571703/2011455/,https://docquery.fec.gov/cgi-bin/fecimg/?202609109904189917
SLF,C00571703,R,GA-SEN,"OSSOFF, JONATHAN T.",S8GA00180,DEM,S,GA,00,O,2345460.94,2026-09-03,2026-09-08,2026-09-08,dissemination,2026-09-07,MHB MEDIA INC,MEDIA PLACEMENT,2011455,F24,48,True,processed,G2026,G2026,SE.2,2026-09-10,https://docquery.fec.gov/cgi-bin/forms/C00571703/2011455/,https://docquery.fec.gov/cgi-bin/fecimg/?202609109904189917
SLF,C00571703,R,ME-SEN,"JACKSON, TROY DALE",S6ME00464,DEM,S,ME,00,O,138280.31,2026-09-04,2026-09-08,2026-09-08,dissemination,2026-09-07,CREATIVE DIRECT,POSTAGE / PRINTING / PRODUCTION,2011455,F24,48,True,processed,G2026,G2026,SE.3,2026-09-10,https://docquery.fec.gov/cgi-bin/forms/C00571703/2011455/,https://docquery.fec.gov/cgi-bin/fecimg/?202609109904189918
SLF,C00571703,R,MI-SEN,"EL-SAYED, ABDUL",S6MI00418,DEM,S,MI,00,O,302789.0,2026-09-04,2026-09-08,2026-09-08,dissemination,2026-09-07,STORYTELLERS GROUP LLC,POSTAGE / PRINTING / PRODUCTION,2011455,F24,48,True,processed,G2026,G2026,SE.5,2026-09-10,https://docquery.fec.gov/cgi-bin/forms/C00571703/2011455/,https://docquery.fec.gov/cgi-bin/fecimg/?202609109904189919
SLF,C00571703,R,MI-SEN,"EL-SAYED, ABDUL",S6MI00418,DEM,S,MI,00,O,2113110.96,2026-09-03,2026-09-08,2026-09-08,dissemination,2026-09-07,MHB MEDIA INC,MEDIA PLACEMENT,2011455,F24,48,True,processed,G2026,G2026,SE.4,2026-09-10,https://docquery.fec.gov/cgi-bin/forms/C00571703/2011455/,https://docquery.fec.gov/cgi-bin/fecimg/?202609109904189918
WinSenate,C00865444,D,AK-SEN,"SULLIVAN, DAN",S4AK00214,REP,S,AK,00,O,475692.76,2026-09-08,2026-09-08,2026-09-08,dissemination,2026-09-07,WATERFRONT STRATEGIES,MEDIA BUY - ESTIMATE,2011424,F24,48,True,processed,G2026,G2026,500196438,2026-09-10,https://docquery.fec.gov/cgi-bin/forms/C00865444/2011424/,https://docquery.fec.gov/cgi-bin/fecimg/?202609109904189529
WinSenate,C00865444,D,IA-SEN,"ARENHOLZ, ASHLEY HINSON",S6IA00314,REP,S,IA,00,O,1075049.02,2026-09-08,2026-09-08,2026-09-08,dissemination,2026-09-07,WATERFRONT STRATEGIES,MEDIA BUY - ESTIMATE,2011424,F24,48,True,processed,G2026,G2026,500196443,2026-09-10,https://docquery.fec.gov/cgi-bin/forms/C00865444/2011424/,https://docquery.fec.gov/cgi-bin/fecimg/?202609109904189532
WinSenate,C00865444,D,IA-SEN,"ARENHOLZ, ASHLEY HINSON",S6IA00314,REP,S,IA,00,O,36750.0,2026-09-08,2026-09-08,2026-09-08,dissemination,2026-09-07,TRILOGY INTERACTIVE LLC,MEDIA PRODUCTION - ESTIMATE,2011424,F24,48,True,processed,G2026,G2026,500196450,2026-09-10,https://docquery.fec.gov/cgi-bin/forms/C00865444/2011424/,https://docquery.fec.gov/cgi-bin/fecimg/?202609109904189529
WinSenate,C00865444,D,IA-SEN,"ARENHOLZ, ASHLEY HINSON",S6IA00314,REP,S,IA,00,O,200000.0,2026-09-08,2026-09-08,2026-09-08,dissemination,2026-09-07,TRILOGY INTERACTIVE LLC,DIGITAL MEDIA BUY - ESTIMATE,2011424,F24,48,True,processed,G2026,G2026,500196449,2026-09-10,https://docquery.fec.gov/cgi-bin/forms/C00865444/2011424/,https://docquery.fec.gov/cgi-bin/fecimg/?202609109904189528
WinSenate,C00865444,D,IA-SEN,"ARENHOLZ, ASHLEY HINSON",S6IA00314,REP,S,IA,00,O,500000.0,2026-09-08,2026-09-08,2026-09-08,dissemination,2026-09-07,TRILOGY INTERACTIVE LLC,DIGITAL MEDIA BUY - ESTIMATE,2011424,F24,48,True,processed,G2026,G2026,500196448,2026-09-10,https://docquery.fec.gov/cgi-bin/forms/C00865444/2011424/,https://docquery.fec.gov/cgi-bin/fecimg/?202609109904189528
WinSenate,C00865444,D,ME-SEN,"JACKSON, TROY DALE",S6ME00464,DEM,S,ME,00,S,2013795.02,2026-09-08,2026-09-08,2026-09-08,dissemination,2026-09-07,WATERFRONT STRATEGIES,MEDIA BUY - ESTIMATE,2011424,F24,48,True,processed,G2026,G2026,500196442,2026-09-10,https://docquery.fec.gov/cgi-bin/forms/C00865444/2011424/,https://docquery.fec.gov/cgi-bin/fecimg/?202609109904189531
WinSenate,C00865444,D,ME-SEN,"COLLINS, SUSAN",S6ME00159,REP,S,ME,00,O,9964.7,2026-09-08,2026-09-08,2026-09-08,dissemination,2026-09-07,"MVAR MEDIA, LLC",MEDIA PRODUCTION - ESTIMATE,2011424,F24,48,True,processed,G2026,G2026,500196446,2026-09-10,https://docquery.fec.gov/cgi-bin/forms/C00865444/2011424/,https://docquery.fec.gov/cgi-bin/fecimg/?202609109904189527
WinSenate,C00865444,D,ME-SEN,"JACKSON, TROY DALE",S6ME00464,DEM,S,ME,00,S,742500.0,2026-09-08,2026-09-08,2026-09-08,dissemination,2026-09-07,"MVAR MEDIA, LLC",DIGITAL MEDIA BUY - ESTIMATE,2011424,F24,48,True,processed,G2026,G2026,500196445,2026-09-10,https://docquery.fec.gov/cgi-bin/forms/C00865444/2011424/,https://docquery.fec.gov/cgi-bin/fecimg/?202609109904189526
WinSenate,C00865444,D,MI-SEN,"ROGERS, MICHAEL",S4MI00595,REP,S,MI,00,O,1495068.64,2026-09-08,2026-09-08,2026-09-08,dissemination,2026-09-07,WATERFRONT STRATEGIES,MEDIA BUY - ESTIMATE,2011424,F24,48,True,processed,G2026,G2026,500196441,2026-09-10,https://docquery.fec.gov/cgi-bin/forms/C00865444/2011424/,https://docquery.fec.gov/cgi-bin/fecimg/?202609109904189531
WinSenate,C00865444,D,MI-SEN,"ROGERS, MICHAEL",S4MI00595,REP,S,MI,00,O,802632.0,2026-09-08,2026-09-08,2026-09-08,dissemination,2026-09-07,AL MEDIA LLC,DIGITAL MEDIA BUY - ESTIMATE,2011424,F24,48,True,processed,G2026,G2026,500196447,2026-09-10,https://docquery.fec.gov/cgi-bin/forms/C00865444/2011424/,https://docquery.fec.gov/cgi-bin/fecimg/?202609109904189525
WinSenate,C00865444,D,NC-SEN,"WHATLEY, MICHAEL",S6NC00415,REP,S,NC,00,O,2317345.7,2026-09-08,2026-09-08,2026-09-08,dissemination,2026-09-07,WATERFRONT STRATEGIES,MEDIA BUY - ESTIMATE,2011424,F24,48,True,processed,G2026,G2026,500196439,2026-09-10,https://docquery.fec.gov/cgi-bin/forms/C00865444/2011424/,https://docquery.fec.gov/cgi-bin/fecimg/?202609109904189530
WinSenate,C00865444,D,NH-SEN,"SUNUNU, JOHN E.",S6NH00208,REP,S,NH,00,O,1045166.01,2026-09-08,2026-09-08,2026-09-08,dissemination,2026-09-07,WATERFRONT STRATEGIES,MEDIA BUY - ESTIMATE,2011424,F24,48,True,processed,G2026,G2026,500196444,2026-09-10,https://docquery.fec.gov/cgi-bin/forms/C00865444/2011424/,https://docquery.fec.gov/cgi-bin/fecimg/?202609109904189532
WinSenate,C00865444,D,OH-SEN,"HUSTED, JON",S6OH00304,REP,S,OH,00,O,3634354.46,2026-09-08,2026-09-08,2026-09-08,dissemination,2026-09-07,WATERFRONT STRATEGIES,MEDIA BUY - ESTIMATE,2011424,F24,48,True,processed,G2026,G2026,500196440,2026-09-10,https://docquery.fec.gov/cgi-bin/forms/C00865444/2011424/,https://docquery.fec.gov/cgi-bin/fecimg/?202609109904189530
CLF,C00504530,R,AZ-06,"MENDOZA, JOANNA",,,H,AZ,06,O,235957.97,2026-09-08,2026-09-09,2026-09-09,dissemination,2026-09-07,FLEXPOINT MEDIA,MEDIA PLACEMENT,2011647,F24,48,True,processed,G2026,G2026,SE24.3732,2026-09-11,https://docquery.fec.gov/cgi-bin/forms/C00504530/2011647/,https://docquery.fec.gov/cgi-bin/fecimg/?202609119904198124
CLF,C00504530,R,AZ-06,"MENDOZA, JOANNA",,,H,AZ,06,O,160000.0,2026-09-04,2026-09-09,2026-09-09,dissemination,2026-09-07,FLEXPOINT MEDIA,DIGITAL PLACEMENT,2011647,F24,48,True,processed,G2026,G2026,SE24.3727,2026-09-11,https://docquery.fec.gov/cgi-bin/forms/C00504530/2011647/,https://docquery.fec.gov/cgi-bin/fecimg/?202609119904198124
CLF,C00504530,R,CA-22,"VILLEGAS, RANDY",,,H,CA,22,O,13000.0,2026-09-09,2026-09-09,2026-09-09,dissemination,2026-09-07,PRIME MEDIA PARTNERS,MEDIA PRODUCTION,2011647,F24,48,True,processed,G2026,G2026,SE24.3708,2026-09-11,https://docquery.fec.gov/cgi-bin/forms/C00504530/2011647/,https://docquery.fec.gov/cgi-bin/fecimg/?202609119904198126
CLF,C00504530,R,CA-22,"VILLEGAS, RANDY",,,H,CA,22,O,160000.0,2026-09-08,2026-09-09,2026-09-09,dissemination,2026-09-07,STARBOARD ADVERTISING,DIGITAL PLACEMENT,2011647,F24,48,True,processed,G2026,G2026,SE24.3740,2026-09-11,https://docquery.fec.gov/cgi-bin/forms/C00504530/2011647/,https://docquery.fec.gov/cgi-bin/fecimg/?202609119904198125
CLF,C00504530,R,CA-22,"VILLEGAS, RANDY",,,H,CA,22,O,611755.64,2026-09-04,2026-09-09,2026-09-09,dissemination,2026-09-07,DEL RAY MEDIA LLC,MEDIA PLACEMENT,2011647,F24,48,True,processed,G2026,G2026,SE24.3721,2026-09-11,https://docquery.fec.gov/cgi-bin/forms/C00504530/2011647/,https://docquery.fec.gov/cgi-bin/fecimg/?202609119904198125
CLF,C00504530,R,CO-08,"RUTINEL, MANNY",,,H,CO,08,O,55350.0,2026-09-10,2026-09-09,2026-09-09,dissemination,2026-09-07,FLEXPOINT MEDIA,MEDIA PLACEMENT,2011647,F24,48,True,processed,G2026,G2026,SE24.3748,2026-09-11,https://docquery.fec.gov/cgi-bin/forms/C00504530/2011647/,https://docquery.fec.gov/cgi-bin/fecimg/?202609119904198127
CLF,C00504530,R,CO-08,"RUTINEL, MANNY",,,H,CO,08,O,484340.18,2026-09-08,2026-09-09,2026-09-09,dissemination,2026-09-07,FLEXPOINT MEDIA,MEDIA PLACEMENT,2011647,F24,48,True,processed,G2026,G2026,SE24.3733,2026-09-11,https://docquery.fec.gov/cgi-bin/forms/C00504530/2011647/,https://docquery.fec.gov/cgi-bin/fecimg/?202609119904198127
CLF,C00504530,R,CO-08,"RUTINEL, MANNY",,,H,CO,08,O,250000.0,2026-09-04,2026-09-09,2026-09-09,dissemination,2026-09-07,FLEXPOINT MEDIA,DIGITAL PLACEMENT,2011647,F24,48,True,processed,G2026,G2026,SE24.3718,2026-09-11,https://docquery.fec.gov/cgi-bin/forms/C00504530/2011647/,https://docquery.fec.gov/cgi-bin/fecimg/?202609119904198126
CLF,C00504530,R,IA-01,"BOHANNAN, CHRISTINA",,,H,IA,01,O,567629.32,2026-09-04,2026-09-09,2026-09-09,dissemination,2026-09-07,DEL RAY MEDIA LLC,MEDIA PLACEMENT,2011647,F24,48,True,processed,G2026,G2026,SE24.3713,2026-09-11,https://docquery.fec.gov/cgi-bin/forms/C00504530/2011647/,https://docquery.fec.gov/cgi-bin/fecimg/?202609119904198128
CLF,C00504530,R,IA-01,"BOHANNAN, CHRISTINA",,,H,IA,01,O,200035.0,2026-09-04,2026-09-09,2026-09-09,dissemination,2026-09-07,DEL RAY MEDIA LLC,DIGITAL PLACEMENT,2011647,F24,48,True,processed,G2026,G2026,SE24.3710,2026-09-11,https://docquery.fec.gov/cgi-bin/forms/C00504530/2011647/,https://docquery.fec.gov/cgi-bin/fecimg/?202609119904198128
CLF,C00504530,R,IA-03,"TRONE GARRIOTT, SARAH",,,H,IA,03,O,290601.65,2026-09-04,2026-09-09,2026-09-09,dissemination,2026-09-07,DEL RAY MEDIA LLC,MEDIA PLACEMENT,2011647,F24,48,True,processed,G2026,G2026,SE24.3716,2026-09-11,https://docquery.fec.gov/cgi-bin/forms/C00504530/2011647/,https://docquery.fec.gov/cgi-bin/fecimg/?202609119904198129
CLF,C00504530,R,IA-03,"TRONE GARRIOTT, SARAH",,,H,IA,03,O,175035.0,2026-09-04,2026-09-09,2026-09-09,dissemination,2026-09-07,DEL RAY MEDIA LLC,DIGITAL PLACEMENT,2011647,F24,48,True,processed,G2026,G2026,SE24.3711,2026-09-11,https://docquery.fec.gov/cgi-bin/forms/C00504530/2011647/,https://docquery.fec.gov/cgi-bin/fecimg/?202609119904198129
CLF,C00504530,R,MI-07,"LAWRENCE, WILLIAM",,,H,MI,07,O,13000.0,2026-09-08,2026-09-09,2026-09-09,dissemination,2026-09-07,SOMETHING ELSE STRATEGIES,MEDIA PRODUCTION,2011647,F24,48,True,processed,G2026,G2026,SE24.3709,2026-09-11,https://docquery.fec.gov/cgi-bin/forms/C00504530/2011647/,https://docquery.fec.gov/cgi-bin/fecimg/?202609119904198131
CLF,C00504530,R,MI-07,"LAWRENCE, WILLIAM",,,H,MI,07,O,457464.37,2026-09-04,2026-09-09,2026-09-09,dissemination,2026-09-07,DEL RAY MEDIA LLC,MEDIA PLACEMENT,2011647,F24,48,True,processed,G2026,G2026,SE24.3717,2026-09-11,https://docquery.fec.gov/cgi-bin/forms/C00504530/2011647/,https://docquery.fec.gov/cgi-bin/fecimg/?202609119904198130
CLF,C00504530,R,MI-07,"LAWRENCE, WILLIAM",,,H,MI,07,O,200035.0,2026-09-04,2026-09-09,2026-09-09,dissemination,2026-09-07,DEL RAY MEDIA LLC,DIGITAL PLACEMENT,2011647,F24,48,True,processed,G2026,G2026,SE24.3712,2026-09-11,https://docquery.fec.gov/cgi-bin/forms/C00504530/2011647/,https://docquery.fec.gov/cgi-bin/fecimg/?202609119904198130
CLF,C00504530,R,MI-08,"MCDONALD RIVET, KRISTEN",,,H,MI,08,O,13000.0,2026-09-10,2026-09-09,2026-09-09,dissemination,2026-09-07,MOTIVE MEDIA,MEDIA PRODUCTION,2011647,F24,48,True,processed,G2026,G2026,SE24.3749,2026-09-11,https://docquery.fec.gov/cgi-bin/forms/C00504530/2011647/,https://docquery.fec.gov/cgi-bin/fecimg/?202609119904198132
CLF,C00504530,R,MI-08,"MCDONALD RIVET, KRISTEN",,,H,MI,08,O,100000.0,2026-09-08,2026-09-09,2026-09-09,dissemination,2026-09-07,RIGHT TARGET MEDIA,DIGITAL PLACEMENT,2011647,F24,48,True,processed,G2026,G2026,SE24.3714,2026-09-11,https://docquery.fec.gov/cgi-bin/forms/C00504530/2011647/,https://docquery.fec.gov/cgi-bin/fecimg/?202609119904198132
CLF,C00504530,R,MI-08,"MCDONALD RIVET, KRISTEN",,,H,MI,08,O,252388.01,2026-09-04,2026-09-09,2026-09-09,dissemination,2026-09-07,DEL RAY MEDIA LLC,MEDIA PLACEMENT,2011647,F24,48,True,processed,G2026,G2026,SE24.3719,2026-09-11,https://docquery.fec.gov/cgi-bin/forms/C00504530/2011647/,https://docquery.fec.gov/cgi-bin/fecimg/?202609119904198131
CLF,C00504530,R,NE-02,"POWELL, DENISE",,,H,NE,02,O,175000.0,2026-09-08,2026-09-09,2026-09-09,dissemination,2026-09-07,RIGHT TARGET MEDIA,DIGITAL PLACEMENT,2011647,F24,48,True,processed,G2026,G2026,SE24.3715,2026-09-11,https://docquery.fec.gov/cgi-bin/forms/C00504530/2011647/,https://docquery.fec.gov/cgi-bin/fecimg/?202609119904198134
CLF,C00504530,R,NE-02,"POWELL, DENISE",,,H,NE,02,O,13000.0,2026-09-08,2026-09-09,2026-09-09,dissemination,2026-09-07,HONOLD COMMUNICATIONS,MEDIA PRODUCTION,2011647,F24,48,True,processed,G2026,G2026,SE24.3730,2026-09-11,https://docquery.fec.gov/cgi-bin/forms/C00504530/2011647/,https://docquery.fec.gov/cgi-bin/fecimg/?202609119904198133
CLF,C00504530,R,NE-02,"POWELL, DENISE",,,H,NE,02,O,256590.0,2026-09-04,2026-09-09,2026-09-09,dissemination,2026-09-07,DEL RAY MEDIA LLC,MEDIA PLACEMENT,2011647,F24,48,True,processed,G2026,G2026,SE24.3720,2026-09-11,https://docquery.fec.gov/cgi-bin/forms/C00504530/2011647/,https://docquery.fec.gov/cgi-bin/fecimg/?202609119904198133
CLF,C00504530,R,NY-17,"CONLEY, CAIT",,,H,NY,17,O,225000.0,2026-09-04,2026-09-09,2026-09-09,dissemination,2026-09-07,FLEXPOINT MEDIA,DIGITAL PLACEMENT,2011647,F24,48,True,processed,G2026,G2026,SE24.3724,2026-09-11,https://docquery.fec.gov/cgi-bin/forms/C00504530/2011647/,https://docquery.fec.gov/cgi-bin/fecimg/?202609119904198134
CLF,C00504530,R,OH-09,"KAPTUR, HON. M.C. MARCY",,,H,OH,09,O,394294.95,2026-09-08,2026-09-09,2026-09-09,dissemination,2026-09-07,FLEXPOINT MEDIA,MEDIA PLACEMENT,2011647,F24,48,True,processed,G2026,G2026,SE24.3734,2026-09-11,https://docquery.fec.gov/cgi-bin/forms/C00504530/2011647/,https://docquery.fec.gov/cgi-bin/fecimg/?202609119904198135
CLF,C00504530,R,OH-09,"KAPTUR, HON. M.C. MARCY",,,H,OH,09,O,175000.0,2026-09-04,2026-09-09,2026-09-09,dissemination,2026-09-07,FLEXPOINT MEDIA,DIGITAL PLACEMENT,2011647,F24,48,True,processed,G2026,G2026,SE24.3725,2026-09-11,https://docquery.fec.gov/cgi-bin/forms/C00504530/2011647/,https://docquery.fec.gov/cgi-bin/fecimg/?202609119904198135
CLF,C00504530,R,PA-08,"COGNETTI, PAIGE",,,H,PA,08,O,13000.0,2026-09-08,2026-09-09,2026-09-09,dissemination,2026-09-07,PRIME MEDIA PARTNERS,MEDIA PRODUCTION,2011647,F24,48,True,processed,G2026,G2026,SE24.3731,2026-09-11,https://docquery.fec.gov/cgi-bin/forms/C00504530/2011647/,https://docquery.fec.gov/cgi-bin/fecimg/?202609119904198137
CLF,C00504530,R,PA-08,"COGNETTI, PAIGE",,,H,PA,08,O,360466.88,2026-09-08,2026-09-09,2026-09-09,dissemination,2026-09-07,FLEXPOINT MEDIA,MEDIA PLACEMENT,2011647,F24,48,True,processed,G2026,G2026,SE24.3735,2026-09-11,https://docquery.fec.gov/cgi-bin/forms/C00504530/2011647/,https://docquery.fec.gov/cgi-bin/fecimg/?202609119904198136
CLF,C00504530,R,PA-08,"COGNETTI, PAIGE",,,H,PA,08,O,175000.0,2026-09-04,2026-09-09,2026-09-09,dissemination,2026-09-07,FLEXPOINT MEDIA,DIGITAL PLACEMENT,2011647,F24,48,True,processed,G2026,G2026,SE24.3728,2026-09-11,https://docquery.fec.gov/cgi-bin/forms/C00504530/2011647/,https://docquery.fec.gov/cgi-bin/fecimg/?202609119904198136
CLF,C00504530,R,PA-10,"STELSON, JANELLE",,,H,PA,10,O,11826.0,2026-09-10,2026-09-09,2026-09-09,dissemination,2026-09-07,SRCP MEDIA,MEDIA PRODUCTION,2011647,F24,48,True,processed,G2026,G2026,SE24.3743,2026-09-11,https://docquery.fec.gov/cgi-bin/forms/C00504530/2011647/,https://docquery.fec.gov/cgi-bin/fecimg/?202609119904198138
CLF,C00504530,R,PA-10,"STELSON, JANELLE",,,H,PA,10,O,200000.0,2026-09-08,2026-09-09,2026-09-09,dissemination,2026-09-07,STARBOARD ADVERTISING,DIGITAL PLACEMENT,2011647,F24,48,True,processed,G2026,G2026,SE24.3706,2026-09-11,https://docquery.fec.gov/cgi-bin/forms/C00504530/2011647/,https://docquery.fec.gov/cgi-bin/fecimg/?202609119904198138
CLF,C00504530,R,PA-10,"STELSON, JANELLE",,,H,PA,10,O,367257.71,2026-09-04,2026-09-09,2026-09-09,dissemination,2026-09-07,DEL RAY MEDIA LLC,MEDIA PLACEMENT,2011647,F24,48,True,processed,G2026,G2026,SE24.3722,2026-09-11,https://docquery.fec.gov/cgi-bin/forms/C00504530/2011647/,https://docquery.fec.gov/cgi-bin/fecimg/?202609119904198137
CLF,C00504530,R,TX-28,"CUELLAR, HENRY R.",,,H,TX,28,O,75271.39,2026-09-08,2026-09-09,2026-09-09,dissemination,2026-09-07,FLEXPOINT MEDIA,MEDIA PLACEMENT,2011647,F24,48,True,processed,G2026,G2026,SE24.3736,2026-09-11,https://docquery.fec.gov/cgi-bin/forms/C00504530/2011647/,https://docquery.fec.gov/cgi-bin/fecimg/?202609119904198139
CLF,C00504530,R,TX-28,"CUELLAR, HENRY R.",,,H,TX,28,O,175000.0,2026-09-04,2026-09-09,2026-09-09,dissemination,2026-09-07,FLEXPOINT MEDIA,DIGITAL PLACEMENT,2011647,F24,48,True,processed,G2026,G2026,SE24.3723,2026-09-11,https://docquery.fec.gov/cgi-bin/forms/C00504530/2011647/,https://docquery.fec.gov/cgi-bin/fecimg/?202609119904198139
CLF,C00504530,R,WA-03,"GLUESENKAMP PEREZ, MARIE",,,H,WA,03,O,13000.0,2026-09-09,2026-09-09,2026-09-09,dissemination,2026-09-07,PATCHWORK CREATIVE,MEDIA PRODUCTION,2011647,F24,48,True,processed,G2026,G2026,SE24.3742,2026-09-11,https://docquery.fec.gov/cgi-bin/forms/C00504530/2011647/,https://docquery.fec.gov/cgi-bin/fecimg/?202609119904198141
CLF,C00504530,R,WA-03,"GLUESENKAMP PEREZ, MARIE",,,H,WA,03,O,343809.29,2026-09-08,2026-09-09,2026-09-09,dissemination,2026-09-07,FLEXPOINT MEDIA,MEDIA PLACEMENT,2011647,F24,48,True,processed,G2026,G2026,SE24.3738,2026-09-11,https://docquery.fec.gov/cgi-bin/forms/C00504530/2011647/,https://docquery.fec.gov/cgi-bin/fecimg/?202609119904198140
CLF,C00504530,R,WA-03,"GLUESENKAMP PEREZ, MARIE",,,H,WA,03,O,200000.0,2026-09-04,2026-09-09,2026-09-09,dissemination,2026-09-07,FLEXPOINT MEDIA,DIGITAL PLACEMENT,2011647,F24,48,True,processed,G2026,G2026,SE24.3726,2026-09-11,https://docquery.fec.gov/cgi-bin/forms/C00504530/2011647/,https://docquery.fec.gov/cgi-bin/fecimg/?202609119904198140
HMP,C00495028,D,IA-02,"JAMES, LINDSAY",H6IA02211,DEM,H,IA,02,S,53772.93,2026-09-09,2026-09-09,2026-09-09,dissemination,2026-09-07,"THE PIVOT GROUP, INC.",DIRECT MAIL - ESTIMATE,2011651,F24,48,True,processed,G2026,G2026,500678054,2026-09-11,https://docquery.fec.gov/cgi-bin/forms/C00495028/2011651/,https://docquery.fec.gov/cgi-bin/fecimg/?202609119904198166
HMP,C00495028,D,NC-01,"BUCKHOUT, LAURIE",H4NC01137,REP,H,NC,01,O,42383.12,2026-09-09,2026-09-09,2026-09-09,dissemination,2026-09-07,"MISSION CONTROL, INC.",DIRECT MAIL - ESTIMATE,2011651,F24,48,True,processed,G2026,G2026,500678055,2026-09-11,https://docquery.fec.gov/cgi-bin/forms/C00495028/2011651/,https://docquery.fec.gov/cgi-bin/fecimg/?202609119904198164
HMP,C00495028,D,OH-09,"KAPTUR, MARCY HON. M.C.",H2OH09031,DEM,H,OH,09,S,28873.76,2026-09-09,2026-09-09,2026-09-09,dissemination,2026-09-07,MOORE CAMPAIGNS,DIRECT MAIL - ESTIMATE,2011651,F24,48,True,processed,G2026,G2026,500678056,2026-09-11,https://docquery.fec.gov/cgi-bin/forms/C00495028/2011651/,https://docquery.fec.gov/cgi-bin/fecimg/?202609119904198165
No Going Back PAC,C00960435,R,AK-SEN,"PELTOLA, MARY",S6AK00276,DEM,S,AK,00,O,60229.1,2026-09-09,2026-09-09,2026-09-09,dissemination,2026-09-07,CALIBER CONTACT,DIRECT MAIL: PRINTING AND POSTAGE,2011648,F24,48,True,processed,G2026,G2026,SE.1178938,2026-09-11,https://docquery.fec.gov/cgi-bin/forms/C00960435/2011648/,https://docquery.fec.gov/cgi-bin/fecimg/?202609119904198149
No Going Back PAC,C00960435,R,CO-05,"KILLIN, JESSICA WILLOW",H6CO05324,DEM,H,CO,05,O,2760.0,2026-09-11,2026-09-09,2026-09-09,dissemination,2026-09-07,PT STRATEGY LLC,TEXT MESSAGES,2011648,F24,48,True,processed,G2026,G2026,SE.1179290,2026-09-11,https://docquery.fec.gov/cgi-bin/forms/C00960435/2011648/,https://docquery.fec.gov/cgi-bin/fecimg/?202609119904198145
No Going Back PAC,C00960435,R,CO-08,"RUTINEL, MANNY",H6CO08013,DEM,H,CO,08,O,1373.0,2026-09-11,2026-09-09,2026-09-09,dissemination,2026-09-07,PT STRATEGY LLC,TEXT MESSAGES,2011648,F24,48,True,processed,G2026,G2026,SE.1179627,2026-09-11,https://docquery.fec.gov/cgi-bin/forms/C00960435/2011648/,https://docquery.fec.gov/cgi-bin/fecimg/?202609119904198145
No Going Back PAC,C00960435,R,FL-09,"GREEN, DAN",H6FL09294,REP,H,FL,09,S,35269.58,2026-09-08,2026-09-09,2026-09-09,dissemination,2026-09-07,CALIBER CONTACT,DIRECT MAIL: PRINTING AND POSTAGE,2011648,F24,48,True,processed,G2026,G2026,SE.1178556.2,2026-09-11,https://docquery.fec.gov/cgi-bin/forms/C00960435/2011648/,https://docquery.fec.gov/cgi-bin/fecimg/?202609119904198150
No Going Back PAC,C00960435,R,FL-09,"SOTO, DARREN",H6FL09179,DEM,H,FL,09,O,35269.58,2026-09-08,2026-09-09,2026-09-09,dissemination,2026-09-07,CALIBER CONTACT,DIRECT MAIL: PRINTING AND POSTAGE,2011648,F24,48,True,processed,G2026,G2026,SE.1178556.1,2026-09-11,https://docquery.fec.gov/cgi-bin/forms/C00960435/2011648/,https://docquery.fec.gov/cgi-bin/fecimg/?202609119904198147
No Going Back PAC,C00960435,R,FL-14,"CASTOR, KATHY",H6FL11126,DEM,H,FL,14,O,15176.85,2026-09-09,2026-09-09,2026-09-09,dissemination,2026-09-07,CALIBER CONTACT,DIRECT MAIL: PRINTING AND POSTAGE,2011648,F24,48,True,processed,G2026,G2026,SE.1178939.2,2026-09-11,https://docquery.fec.gov/cgi-bin/forms/C00960435/2011648/,https://docquery.fec.gov/cgi-bin/fecimg/?202609119904198149
No Going Back PAC,C00960435,R,FL-14,"BELTRAN, MIKE",H6FL14237,REP,H,FL,14,S,15176.84,2026-09-09,2026-09-09,2026-09-09,dissemination,2026-09-07,CALIBER CONTACT,DIRECT MAIL: PRINTING AND POSTAGE,2011648,F24,48,True,processed,G2026,G2026,SE.1178939.1,2026-09-11,https://docquery.fec.gov/cgi-bin/forms/C00960435/2011648/,https://docquery.fec.gov/cgi-bin/fecimg/?202609119904198146
No Going Back PAC,C00960435,R,MI-04,"HUIZENGA, BILL",H0MI02094,REP,H,MI,04,S,36802.42,2026-09-08,2026-09-09,2026-09-09,dissemination,2026-09-07,STORYTELLERS GROUP LLC,DIRECT MAIL: PRINTING AND POSTAGE,2011648,F24,48,True,processed,G2026,G2026,SE.1178327.1,2026-09-11,https://docquery.fec.gov/cgi-bin/forms/C00960435/2011648/,https://docquery.fec.gov/cgi-bin/fecimg/?202609119904198151
No Going Back PAC,C00960435,R,MI-04,"MCCANN, SEAN",H6MI04204,DEM,H,MI,04,O,36802.41,2026-09-08,2026-09-09,2026-09-09,dissemination,2026-09-07,STORYTELLERS GROUP LLC,DIRECT MAIL: PRINTING AND POSTAGE,2011648,F24,48,True,processed,G2026,G2026,SE.1178327,2026-09-11,https://docquery.fec.gov/cgi-bin/forms/C00960435/2011648/,https://docquery.fec.gov/cgi-bin/fecimg/?202609119904198148
No Going Back PAC,C00960435,R,MI-07,"LAWRENCE, WILLIAM",H6MI07298,DEM,H,MI,07,O,554.0,2026-09-09,2026-09-09,2026-09-09,dissemination,2026-09-07,"1892, LLC",TEXT MESSAGES,2011648,F24,48,True,processed,G2026,G2026,SE.1178811,2026-09-11,https://docquery.fec.gov/cgi-bin/forms/C00960435/2011648/,https://docquery.fec.gov/cgi-bin/fecimg/?202609119904198142
No Going Back PAC,C00960435,R,MI-10,"HINES, CHRISTINA",H6MI10276,DEM,H,MI,10,O,455.0,2026-09-08,2026-09-09,2026-09-09,dissemination,2026-09-07,"1892, LLC",TEXT MESSAGES,2011648,F24,48,True,processed,G2026,G2026,SE.1178420,2026-09-11,https://docquery.fec.gov/cgi-bin/forms/C00960435/2011648/,https://docquery.fec.gov/cgi-bin/fecimg/?202609119904198142
No Going Back PAC,C00960435,R,OH-09,"MERRIN, DEREK",H4OH09169,REP,H,OH,09,S,1082.0,2026-09-11,2026-09-09,2026-09-09,dissemination,2026-09-07,PT STRATEGY LLC,TEXT MESSAGES,2011648,F24,48,True,processed,G2026,G2026,SE.1179628,2026-09-11,https://docquery.fec.gov/cgi-bin/forms/C00960435/2011648/,https://docquery.fec.gov/cgi-bin/fecimg/?202609119904198144
No Going Back PAC,C00960435,R,OH-10,"TURNER, MIKE",H2OH03067,REP,H,OH,10,S,1111.0,2026-09-11,2026-09-09,2026-09-09,dissemination,2026-09-07,PT STRATEGY LLC,TEXT MESSAGES,2011648,F24,48,True,processed,G2026,G2026,SE.1179630,2026-09-11,https://docquery.fec.gov/cgi-bin/forms/C00960435/2011648/,https://docquery.fec.gov/cgi-bin/fecimg/?202609119904198144
No Going Back PAC,C00960435,R,PA-07,"BROOKS, BOB",H6PA07188,DEM,H,PA,07,O,808.0,2026-09-11,2026-09-09,2026-09-09,dissemination,2026-09-07,PT STRATEGY LLC,TEXT MESSAGES,2011648,F24,48,True,processed,G2026,G2026,SE.1179629,2026-09-11,https://docquery.fec.gov/cgi-bin/forms/C00960435/2011648/,https://docquery.fec.gov/cgi-bin/fecimg/?202609119904198143
No Going Back PAC,C00960435,R,PA-10,"STELSON, JANELLE",H4PA10104,DEM,H,PA,10,O,665.0,2026-09-11,2026-09-09,2026-09-09,dissemination,2026-09-07,PT STRATEGY LLC,TEXT MESSAGES,2011648,F24,48,True,processed,G2026,G2026,SE.1179631,2026-09-11,https://docquery.fec.gov/cgi-bin/forms/C00960435/2011648/,https://docquery.fec.gov/cgi-bin/fecimg/?202609119904198143
No Going Back PAC,C00960435,R,TX-09,"GUTIERREZ, LETICIA",H6TX09231,DEM,H,TX,09,O,47007.09,2026-09-09,2026-09-09,2026-09-09,dissemination,2026-09-07,CALIBER CONTACT,DIRECT MAIL: PRINTING AND POSTAGE,2011648,F24,48,True,processed,G2026,G2026,SE.1178937.2,2026-09-11,https://docquery.fec.gov/cgi-bin/forms/C00960435/2011648/,https://docquery.fec.gov/cgi-bin/fecimg/?202609119904198151
No Going Back PAC,C00960435,R,TX-09,"MEALER, ALEXANDRA",H6TX09140,REP,H,TX,09,S,47007.09,2026-09-09,2026-09-09,2026-09-09,dissemination,2026-09-07,CALIBER CONTACT,DIRECT MAIL: PRINTING AND POSTAGE,2011648,F24,48,True,processed,G2026,G2026,SE.1178937.1,2026-09-11,https://docquery.fec.gov/cgi-bin/forms/C00960435/2011648/,https://docquery.fec.gov/cgi-bin/fecimg/?202609119904198148
No Going Back PAC,C00960435,R,VA-02,"LURIA, ELAINE",H6VA02198,DEM,H,VA,02,O,19778.89,2026-09-09,2026-09-09,2026-09-09,dissemination,2026-09-07,STORYTELLERS GROUP LLC,DIRECT MAIL: PRINTING AND POSTAGE,2011648,F24,48,True,processed,G2026,G2026,SE.1178407.2,2026-09-11,https://docquery.fec.gov/cgi-bin/forms/C00960435/2011648/,https://docquery.fec.gov/cgi-bin/fecimg/?202609119904198150
No Going Back PAC,C00960435,R,VA-02,"KIGGANS, JENNIFER",H2VA02064,REP,H,VA,02,S,19778.89,2026-09-09,2026-09-09,2026-09-09,dissemination,2026-09-07,STORYTELLERS GROUP LLC,DIRECT MAIL: PRINTING AND POSTAGE,2011648,F24,48,True,processed,G2026,G2026,SE.1178407.1,2026-09-11,https://docquery.fec.gov/cgi-bin/forms/C00960435/2011648/,https://docquery.fec.gov/cgi-bin/fecimg/?202609119904198147
No Going Back PAC,C00960435,R,WA-03,"PEREZ, MARIE GLUESENKAMP",H2WA03217,DEM,H,WA,03,O,2869.0,2026-09-08,2026-09-09,2026-09-09,dissemination,2026-09-07,"1892, LLC",TEXT MESSAGES,2011648,F24,48,True,processed,G2026,G2026,SE.1178416,2026-09-11,https://docquery.fec.gov/cgi-bin/forms/C00960435/2011648/,https://docquery.fec.gov/cgi-bin/fecimg/?202609119904198146
SLF,C00571703,R,AK-SEN,"PELTOLA, MARY",S6AK00276,DEM,S,AK,00,O,2288.93,2026-09-09,2026-09-09,2026-09-09,dissemination,2026-09-07,FCG MEDIA STRATEGIES LLC,TEXT MESSAGING,2011644,F24,48,True,processed,G2026,G2026,SE.4,2026-09-11,https://docquery.fec.gov/cgi-bin/forms/C00571703/2011644/,https://docquery.fec.gov/cgi-bin/fecimg/?202609119904198104
SLF,C00571703,R,AK-SEN,"PELTOLA, MARY",S6AK00276,DEM,S,AK,00,O,17500.0,2026-09-09,2026-09-09,2026-09-09,dissemination,2026-09-07,PRIME MEDIA PARTNERS LLC,MEDIA PRODUCTION,2011644,F24,48,True,processed,G2026,G2026,SE.3,2026-09-11,https://docquery.fec.gov/cgi-bin/forms/C00571703/2011644/,https://docquery.fec.gov/cgi-bin/fecimg/?202609119904198104
SLF,C00571703,R,AK-SEN,"PELTOLA, MARY",S6AK00276,DEM,S,AK,00,O,400000.0,2026-09-09,2026-09-09,2026-09-09,dissemination,2026-09-07,FLEXPOINT MEDIA,MEDIA PLACEMENT,2011644,F24,48,True,processed,G2026,G2026,SE.2,2026-09-11,https://docquery.fec.gov/cgi-bin/forms/C00571703/2011644/,https://docquery.fec.gov/cgi-bin/fecimg/?202609119904198103
SLF,C00571703,R,AK-SEN,"PELTOLA, MARY",S6AK00276,DEM,S,AK,00,O,714826.28,2026-09-04,2026-09-09,2026-09-09,dissemination,2026-09-07,FLEXPOINT MEDIA,MEDIA PLACEMENT,2011644,F24,48,True,processed,G2026,G2026,SE.1,2026-09-11,https://docquery.fec.gov/cgi-bin/forms/C00571703/2011644/,https://docquery.fec.gov/cgi-bin/fecimg/?202609119904198103
SLF,C00571703,R,IA-SEN,"TUREK, JOSHUA",S6IA00298,DEM,S,IA,00,O,7000.0,2026-09-10,2026-09-09,2026-09-09,dissemination,2026-09-07,RED ELEPHANT STRATEGY,MEDIA PRODUCTION,2011644,F24,48,True,processed,G2026,G2026,SE.7,2026-09-11,https://docquery.fec.gov/cgi-bin/forms/C00571703/2011644/,https://docquery.fec.gov/cgi-bin/fecimg/?202609119904198114
SLF,C00571703,R,IA-SEN,"TUREK, JOSHUA",S6IA00298,DEM,S,IA,00,O,3729.53,2026-09-09,2026-09-09,2026-09-09,dissemination,2026-09-07,FCG MEDIA STRATEGIES LLC,TEXT MESSAGING,2011644,F24,48,True,processed,G2026,G2026,SE.9,2026-09-11,https://docquery.fec.gov/cgi-bin/forms/C00571703/2011644/,https://docquery.fec.gov/cgi-bin/fecimg/?202609119904198115
SLF,C00571703,R,IA-SEN,"TUREK, JOSHUA",S6IA00298,DEM,S,IA,00,O,1175000.0,2026-09-09,2026-09-09,2026-09-09,dissemination,2026-09-07,MAJORITY STRATEGIES LLC,MEDIA PLACEMENT,2011644,F24,48,True,processed,G2026,G2026,SE.6,2026-09-11,https://docquery.fec.gov/cgi-bin/forms/C00571703/2011644/,https://docquery.fec.gov/cgi-bin/fecimg/?202609119904198105
SLF,C00571703,R,IA-SEN,"TUREK, JOSHUA",S6IA00298,DEM,S,IA,00,O,152243.35,2026-09-08,2026-09-09,2026-09-09,dissemination,2026-09-07,KAP PRINT LLC,POSTAGE / PRINTING / PRODUCTION,2011644,F24,48,True,processed,G2026,G2026,SE.8,2026-09-11,https://docquery.fec.gov/cgi-bin/forms/C00571703/2011644/,https://docquery.fec.gov/cgi-bin/fecimg/?202609119904198115
SLF,C00571703,R,IA-SEN,"TUREK, JOSHUA",S6IA00298,DEM,S,IA,00,O,2473627.22,2026-09-04,2026-09-09,2026-09-09,dissemination,2026-09-07,FLEXPOINT MEDIA,MEDIA PLACEMENT,2011644,F24,48,True,processed,G2026,G2026,SE.5,2026-09-11,https://docquery.fec.gov/cgi-bin/forms/C00571703/2011644/,https://docquery.fec.gov/cgi-bin/fecimg/?202609119904198105
SLF,C00571703,R,ME-SEN,"JACKSON, TROY DALE",S6ME00464,DEM,S,ME,00,O,575000.0,2026-09-09,2026-09-09,2026-09-09,dissemination,2026-09-07,ALAMO INTELLIGENCE LLC,MEDIA PLACEMENT,2011644,F24,48,True,processed,G2026,G2026,SE.12,2026-09-11,https://docquery.fec.gov/cgi-bin/forms/C00571703/2011644/,https://docquery.fec.gov/cgi-bin/fecimg/?202609119904198117
SLF,C00571703,R,ME-SEN,"JACKSON, TROY DALE",S6ME00464,DEM,S,ME,00,O,1443.09,2026-09-09,2026-09-09,2026-09-09,dissemination,2026-09-07,FCG MEDIA STRATEGIES LLC,TEXT MESSAGING,2011644,F24,48,True,processed,G2026,G2026,SE.13,2026-09-11,https://docquery.fec.gov/cgi-bin/forms/C00571703/2011644/,https://docquery.fec.gov/cgi-bin/fecimg/?202609119904198111
SLF,C00571703,R,ME-SEN,"JACKSON, TROY DALE",S6ME00464,DEM,S,ME,00,O,919419.42,2026-09-08,2026-09-09,2026-09-09,dissemination,2026-09-07,MHB MEDIA INC,MEDIA PLACEMENT,2011644,F24,48,True,processed,G2026,G2026,SE.11,2026-09-11,https://docquery.fec.gov/cgi-bin/forms/C00571703/2011644/,https://docquery.fec.gov/cgi-bin/fecimg/?202609119904198116
SLF,C00571703,R,ME-SEN,"JACKSON, TROY DALE",S6ME00464,DEM,S,ME,00,O,1957218.21,2026-09-03,2026-09-09,2026-09-09,dissemination,2026-09-07,MHB MEDIA INC,MEDIA PLACEMENT,2011644,F24,48,True,processed,G2026,G2026,SE.10,2026-09-11,https://docquery.fec.gov/cgi-bin/forms/C00571703/2011644/,https://docquery.fec.gov/cgi-bin/fecimg/?202609119904198116
SLF,C00571703,R,MI-SEN,"EL-SAYED, ABDUL",S6MI00418,DEM,S,MI,00,O,9022.34,2026-09-09,2026-09-09,2026-09-09,dissemination,2026-09-07,FCG MEDIA STRATEGIES LLC,TEXT MESSAGING,2011644,F24,48,True,processed,G2026,G2026,SE.17,2026-09-11,https://docquery.fec.gov/cgi-bin/forms/C00571703/2011644/,https://docquery.fec.gov/cgi-bin/fecimg/?202609119904198113
SLF,C00571703,R,MI-SEN,"EL-SAYED, ABDUL",S6MI00418,DEM,S,MI,00,O,1500000.0,2026-09-09,2026-09-09,2026-09-09,dissemination,2026-09-07,MAJORITY STRATEGIES LLC,MEDIA PLACEMENT,2011644,F24,48,True,processed,G2026,G2026,SE.16,2026-09-11,https://docquery.fec.gov/cgi-bin/forms/C00571703/2011644/,https://docquery.fec.gov/cgi-bin/fecimg/?202609119904198113
SLF,C00571703,R,NC-SEN,"COOPER, ROY",S6NC00407,DEM,S,NC,00,O,15123.05,2026-09-09,2026-09-09,2026-09-09,dissemination,2026-09-07,FCG MEDIA STRATEGIES LLC,TEXT MESSAGING,2011644,F24,48,True,processed,G2026,G2026,SE.21,2026-09-11,https://docquery.fec.gov/cgi-bin/forms/C00571703/2011644/,https://docquery.fec.gov/cgi-bin/fecimg/?202609119904198109
SLF,C00571703,R,NC-SEN,"COOPER, ROY",S6NC00407,DEM,S,NC,00,O,1825000.0,2026-09-09,2026-09-09,2026-09-09,dissemination,2026-09-07,FLEXPOINT MEDIA,MEDIA PLACEMENT,2011644,F24,48,True,processed,G2026,G2026,SE.20,2026-09-11,https://docquery.fec.gov/cgi-bin/forms/C00571703/2011644/,https://docquery.fec.gov/cgi-bin/fecimg/?202609119904198109
SLF,C00571703,R,NC-SEN,"COOPER, ROY",S6NC00407,DEM,S,NC,00,O,2884307.93,2026-09-04,2026-09-09,2026-09-09,dissemination,2026-09-07,FLEXPOINT MEDIA,MEDIA PLACEMENT,2011644,F24,48,True,processed,G2026,G2026,SE.19,2026-09-11,https://docquery.fec.gov/cgi-bin/forms/C00571703/2011644/,https://docquery.fec.gov/cgi-bin/fecimg/?202609119904198108
SLF,C00571703,R,NH-SEN,"PAPPAS, CHRIS",S6NH00141,DEM,S,NH,00,O,15114.0,2026-09-09,2026-09-09,2026-09-09,dissemination,2026-09-07,JAMESTOWN ASSOCIATES,MEDIA PRODUCTION,2011644,F24,48,True,processed,G2026,G2026,SE.23,2026-09-11,https://docquery.fec.gov/cgi-bin/forms/C00571703/2011644/,https://docquery.fec.gov/cgi-bin/fecimg/?202609119904198110
SLF,C00571703,R,NH-SEN,"PAPPAS, CHRIS",S6NH00141,DEM,S,NH,00,O,1423067.61,2026-09-04,2026-09-09,2026-09-09,dissemination,2026-09-07,FLEXPOINT MEDIA,MEDIA PLACEMENT,2011644,F24,48,True,processed,G2026,G2026,SE.22,2026-09-11,https://docquery.fec.gov/cgi-bin/forms/C00571703/2011644/,https://docquery.fec.gov/cgi-bin/fecimg/?202609119904198110
SLF,C00571703,R,OH-SEN,"BROWN, SHERROD",S6OH00163,DEM,S,OH,00,O,2500.0,2026-09-09,2026-09-09,2026-09-09,dissemination,2026-09-07,SOMETHING ELSE STRATEGIES LLC,MEDIA PRODUCTION,2011644,F24,48,True,processed,G2026,G2026,SE.28,2026-09-11,https://docquery.fec.gov/cgi-bin/forms/C00571703/2011644/,https://docquery.fec.gov/cgi-bin/fecimg/?202609119904198107
SLF,C00571703,R,OH-SEN,"BROWN, SHERROD",S6OH00163,DEM,S,OH,00,O,1000000.0,2026-09-09,2026-09-09,2026-09-09,dissemination,2026-09-07,GEN2 SOLUTIONS LLC,MEDIA PLACEMENT,2011644,F24,48,True,processed,G2026,G2026,SE.27,2026-09-11,https://docquery.fec.gov/cgi-bin/forms/C00571703/2011644/,https://docquery.fec.gov/cgi-bin/fecimg/?202609119904198107
SLF,C00571703,R,OH-SEN,"BROWN, SHERROD",S6OH00163,DEM,S,OH,00,O,2000000.0,2026-09-09,2026-09-09,2026-09-09,dissemination,2026-09-07,GEN2 SOLUTIONS LLC,MEDIA PLACEMENT,2011644,F24,48,True,processed,G2026,G2026,SE.26,2026-09-11,https://docquery.fec.gov/cgi-bin/forms/C00571703/2011644/,https://docquery.fec.gov/cgi-bin/fecimg/?202609119904198106
SLF,C00571703,R,OH-SEN,"BROWN, SHERROD",S6OH00163,DEM,S,OH,00,O,5426203.16,2026-09-04,2026-09-09,2026-09-09,dissemination,2026-09-07,FLEXPOINT MEDIA,MEDIA PLACEMENT,2011644,F24,48,True,processed,G2026,G2026,SE.25,2026-09-11,https://docquery.fec.gov/cgi-bin/forms/C00571703/2011644/,https://docquery.fec.gov/cgi-bin/fecimg/?202609119904198106
WinSenate,C00865444,D,NH-SEN,"SUNUNU, JOHN E.",S6NH00208,REP,S,NH,00,O,27570.0,2026-09-09,2026-09-09,2026-09-09,dissemination,2026-09-07,DIXON/DAVIS MEDIA GROUP LLC,MEDIA PRODUCTION - ESTIMATE,2011424,F24,48,True,processed,G2026,G2026,500196451,2026-09-10,https://docquery.fec.gov/cgi-bin/forms/C00865444/2011424/,https://docquery.fec.gov/cgi-bin/fecimg/?202609109904189526
WinSenate,C00865444,D,OH-SEN,"HUSTED, JON",S6OH00304,REP,S,OH,00,O,8000.0,2026-09-09,2026-09-09,2026-09-09,dissemination,2026-09-07,SOCIAL CURRANT,ONLINE CONTENT & PRODUCTION - ESTIMATE,2011424,F24,48,True,processed,G2026,G2026,500196452,2026-09-10,https://docquery.fec.gov/cgi-bin/forms/C00865444/2011424/,https://docquery.fec.gov/cgi-bin/fecimg/?202609109904189527
WinSenate,C00865444,D,OH-SEN,"HUSTED, JON",S6OH00304,REP,S,OH,00,O,1000.0,2026-09-09,2026-09-09,2026-09-09,dissemination,2026-09-07,C PLUS K LLC,MEDIA PRODUCTION - ESTIMATE,2011424,F24,48,True,processed,G2026,G2026,500196453,2026-09-10,https://docquery.fec.gov/cgi-bin/forms/C00865444/2011424/,https://docquery.fec.gov/cgi-bin/fecimg/?202609109904189525
CLF,C00504530,R,TX-34,"GONZALEZ, VICENTE",,,H,TX,34,O,13000.0,2026-09-10,2026-09-10,2026-09-10,dissemination,2026-09-07,ONMESSAGE INC.,MEDIA PRODUCTION,2011684,F24,48,True,processed,G2026,G2026,SE24.3745,2026-09-12,https://docquery.fec.gov/cgi-bin/forms/C00504530/2011684/,https://docquery.fec.gov/cgi-bin/fecimg/?202609129904198525
CLF,C00504530,R,TX-34,"GONZALEZ, VICENTE",,,H,TX,34,O,97060.84,2026-09-08,2026-09-10,2026-09-10,dissemination,2026-09-07,FLEXPOINT MEDIA,MEDIA PLACEMENT,2011684,F24,48,True,processed,G2026,G2026,SE24.3737,2026-09-12,https://docquery.fec.gov/cgi-bin/forms/C00504530/2011684/,https://docquery.fec.gov/cgi-bin/fecimg/?202609129904198524
CLF,C00504530,R,TX-34,"GONZALEZ, VICENTE",,,H,TX,34,O,150000.0,2026-09-04,2026-09-10,2026-09-10,dissemination,2026-09-07,FLEXPOINT MEDIA,DIGITAL PLACEMENT,2011684,F24,48,True,processed,G2026,G2026,SE24.3729,2026-09-12,https://docquery.fec.gov/cgi-bin/forms/C00504530/2011684/,https://docquery.fec.gov/cgi-bin/fecimg/?202609129904198524
HMP,C00495028,D,PA-07,"MACKENZIE, RYAN E.",H8PA15195,REP,H,PA,07,O,41304.46,2026-09-10,2026-09-10,2026-09-10,dissemination,2026-09-07,"MISSION CONTROL, INC.",DIRECT MAIL - ESTIMATE,2011651,F24,48,True,processed,G2026,G2026,500677939,2026-09-11,https://docquery.fec.gov/cgi-bin/forms/C00495028/2011651/,https://docquery.fec.gov/cgi-bin/fecimg/?202609119904198164
HMP,C00495028,D,PA-08,"BRESNAHAN, ROB",H4PA08124,REP,H,PA,08,O,62508.23,2026-09-10,2026-09-10,2026-09-10,dissemination,2026-09-07,MOORE CAMPAIGNS,DIRECT MAIL - ESTIMATE,2011651,F24,48,True,processed,G2026,G2026,500677940,2026-09-11,https://docquery.fec.gov/cgi-bin/forms/C00495028/2011651/,https://docquery.fec.gov/cgi-bin/fecimg/?202609119904198165
No Going Back PAC,C00960435,R,CO-05,"KILLIN, JESSICA WILLOW",H6CO05324,DEM,H,CO,05,O,130270.0,2026-09-09,2026-09-10,2026-09-10,dissemination,2026-09-07,PT STRATEGY LLC,DIRECT MAIL: PRINTING AND POSTAGE,2011699,F24,48,True,processed,G2026,G2026,SE.1178697,2026-09-12,https://docquery.fec.gov/cgi-bin/forms/C00960435/2011699/,https://docquery.fec.gov/cgi-bin/fecimg/?202609129904199047
No Going Back PAC,C00960435,R,CO-08,"RUTINEL, MANNY",H6CO08013,DEM,H,CO,08,O,535360.0,2026-09-11,2026-09-10,2026-09-10,dissemination,2026-09-07,DEL RAY MEDIA LLC,PLACED MEDIA: TV AND CONNECTED TV,2011699,F24,48,True,processed,G2026,G2026,SE.1179365,2026-09-12,https://docquery.fec.gov/cgi-bin/forms/C00960435/2011699/,https://docquery.fec.gov/cgi-bin/fecimg/?202609129904199036
No Going Back PAC,C00960435,R,GA-SEN,"OSSOFF, T. JONATHAN",S8GA00180,DEM,S,GA,00,O,779265.0,2026-09-08,2026-09-10,2026-09-10,dissemination,2026-09-07,"MHB MEDIA, INC",PLACED MEDIA: TV AND CONNECTED TV,2011699,F24,48,True,processed,G2026,G2026,SE.1178619,2026-09-12,https://docquery.fec.gov/cgi-bin/forms/C00960435/2011699/,https://docquery.fec.gov/cgi-bin/fecimg/?202609129904199040
No Going Back PAC,C00960435,R,IA-03,"TRONE GARRIOTT, SARAH",H6IA03268,DEM,H,IA,03,O,1125.0,2026-09-14,2026-09-10,2026-09-10,dissemination,2026-09-07,PT STRATEGY LLC,TEXT MESSAGES,2011918,F24,48,True,processed,G2026,G2026,SE.1180591,2026-09-14,https://docquery.fec.gov/cgi-bin/forms/C00960435/2011918/,https://docquery.fec.gov/cgi-bin/fecimg/?202609149904205421
No Going Back PAC,C00960435,R,IA-SEN,"TUREK, JOSHUA",S6IA00298,DEM,S,IA,00,O,139450.06,2026-09-08,2026-09-10,2026-09-10,dissemination,2026-09-07,MINUTE MAIL CONSULTING GROUP LLC,DIRECT MAIL: PRINTING AND POSTAGE,2011699,F24,48,True,processed,G2026,G2026,SE.1177533,2026-09-12,https://docquery.fec.gov/cgi-bin/forms/C00960435/2011699/,https://docquery.fec.gov/cgi-bin/fecimg/?202609129904199043
No Going Back PAC,C00960435,R,MI-SEN,"EL-SAYED, ABDUL",S6MI00418,DEM,S,MI,00,O,3765511.0,2026-09-10,2026-09-10,2026-09-10,dissemination,2026-09-07,DEL RAY MEDIA LLC,PLACED MEDIA: TV AND CONNECTED TV,2011699,F24,48,True,processed,G2026,G2026,SE.1179116,2026-09-12,https://docquery.fec.gov/cgi-bin/forms/C00960435/2011699/,https://docquery.fec.gov/cgi-bin/fecimg/?202609129904199034
No Going Back PAC,C00960435,R,NC-01,"BUCKHOUT, LAURIE",H4NC01137,REP,H,NC,01,S,19992.75,2026-09-10,2026-09-10,2026-09-10,dissemination,2026-09-07,STORYTELLERS GROUP LLC,DIRECT MAIL: PRINTING AND POSTAGE,2011699,F24,48,True,processed,G2026,G2026,SE.1178951.1,2026-09-12,https://docquery.fec.gov/cgi-bin/forms/C00960435/2011699/,https://docquery.fec.gov/cgi-bin/fecimg/?202609129904199048
No Going Back PAC,C00960435,R,NC-01,"DAVIS, DON",H2NC02287,DEM,H,NC,01,O,19992.75,2026-09-10,2026-09-10,2026-09-10,dissemination,2026-09-07,STORYTELLERS GROUP LLC,DIRECT MAIL: PRINTING AND POSTAGE,2011699,F24,48,True,processed,G2026,G2026,SE.1178951.2,2026-09-12,https://docquery.fec.gov/cgi-bin/forms/C00960435/2011699/,https://docquery.fec.gov/cgi-bin/fecimg/?202609129904199045
No Going Back PAC,C00960435,R,NC-SEN,"COOPER, ROY",S6NC00407,DEM,S,NC,00,O,2921464.0,2026-09-10,2026-09-10,2026-09-10,dissemination,2026-09-07,DEL RAY MEDIA LLC,PLACED MEDIA: TV AND CONNECTED TV,2011699,F24,48,True,processed,G2026,G2026,SE.1179141,2026-09-12,https://docquery.fec.gov/cgi-bin/forms/C00960435/2011699/,https://docquery.fec.gov/cgi-bin/fecimg/?202609129904199039
No Going Back PAC,C00960435,R,NH-SEN,"PAPPAS, CHRIS",S6NH00141,DEM,S,NH,00,O,1775719.0,2026-09-08,2026-09-10,2026-09-10,dissemination,2026-09-07,"MHB MEDIA, INC",PLACED MEDIA: TV AND CONNECTED TV,2011699,F24,48,True,processed,G2026,G2026,SE.1178401,2026-09-12,https://docquery.fec.gov/cgi-bin/forms/C00960435/2011699/,https://docquery.fec.gov/cgi-bin/fecimg/?202609129904199042
No Going Back PAC,C00960435,R,OH-01,"LANDSMAN, GREG",H2OH01194,DEM,H,OH,01,O,2147.0,2026-09-14,2026-09-10,2026-09-10,dissemination,2026-09-07,PT STRATEGY LLC,TEXT MESSAGES,2011918,F24,48,True,processed,G2026,G2026,SE.1180677,2026-09-14,https://docquery.fec.gov/cgi-bin/forms/C00960435/2011918/,https://docquery.fec.gov/cgi-bin/fecimg/?202609149904205422
No Going Back PAC,C00960435,R,OH-01,"LANDSMAN, GREG",H2OH01194,DEM,H,OH,01,O,109530.0,2026-09-09,2026-09-10,2026-09-10,dissemination,2026-09-07,PT STRATEGY LLC,DIRECT MAIL: PRINTING AND POSTAGE,2011699,F24,48,True,processed,G2026,G2026,SE.1178396,2026-09-12,https://docquery.fec.gov/cgi-bin/forms/C00960435/2011699/,https://docquery.fec.gov/cgi-bin/fecimg/?202609129904199047
No Going Back PAC,C00960435,R,OH-10,"TURNER, MICHAEL R REP.",H2OH03067,REP,H,OH,10,S,72740.0,2026-09-09,2026-09-10,2026-09-10,dissemination,2026-09-07,PT STRATEGY LLC,DIRECT MAIL: PRINTING AND POSTAGE,2012426,F24,48,True,processed,G2026,G2026,SE.1178398,2026-09-16,https://docquery.fec.gov/cgi-bin/forms/C00960435/2012426/,https://docquery.fec.gov/cgi-bin/fecimg/?202609169904267598
No Going Back PAC,C00960435,R,OH-SEN,"BROWN, SHERROD",S6OH00163,DEM,S,OH,00,O,4934605.0,2026-09-10,2026-09-10,2026-09-10,dissemination,2026-09-07,DEL RAY MEDIA LLC,PLACED MEDIA: TV AND CONNECTED TV,2011699,F24,48,True,processed,S2026,S2026 special on general ballot,SE.1179142,2026-09-12,https://docquery.fec.gov/cgi-bin/forms/C00960435/2011699/,https://docquery.fec.gov/cgi-bin/fecimg/?202609129904199039
No Going Back PAC,C00960435,R,PA-10,"STELSON, JANELLE",H4PA10104,DEM,H,PA,10,O,555.0,2026-09-14,2026-09-10,2026-09-10,dissemination,2026-09-07,PT STRATEGY LLC,TEXT MESSAGES,2011918,F24,48,True,processed,G2026,G2026,SE.1180637,2026-09-14,https://docquery.fec.gov/cgi-bin/forms/C00960435/2011918/,https://docquery.fec.gov/cgi-bin/fecimg/?202609149904205421
No Going Back PAC,C00960435,R,PA-10,"PERRY, SCOTT",H2PA04135,REP,H,PA,10,S,17848.5,2026-09-08,2026-09-10,2026-09-10,dissemination,2026-09-07,PT STRATEGY LLC,DIRECT MAIL: PRINTING AND POSTAGE,2011699,F24,48,True,processed,G2026,G2026,SE.1178397.1,2026-09-12,https://docquery.fec.gov/cgi-bin/forms/C00960435/2011699/,https://docquery.fec.gov/cgi-bin/fecimg/?202609129904199044
No Going Back PAC,C00960435,R,PA-10,"STELSON, JANELLE",H4PA10104,DEM,H,PA,10,O,53545.5,2026-09-08,2026-09-10,2026-09-10,dissemination,2026-09-07,PT STRATEGY LLC,DIRECT MAIL: PRINTING AND POSTAGE,2011699,F24,48,True,processed,G2026,G2026,SE.1178397.2,2026-09-12,https://docquery.fec.gov/cgi-bin/forms/C00960435/2011699/,https://docquery.fec.gov/cgi-bin/fecimg/?202609129904199041
SLF,C00571703,R,ME-SEN,"JACKSON, TROY DALE",S6ME00464,DEM,S,ME,00,O,117278.06,2026-09-08,2026-09-10,2026-09-10,dissemination,2026-09-07,CREATIVE DIRECT,POSTAGE / PRINTING / PRODUCTION,2011644,F24,48,True,processed,G2026,G2026,SE.14,2026-09-11,https://docquery.fec.gov/cgi-bin/forms/C00571703/2011644/,https://docquery.fec.gov/cgi-bin/fecimg/?202609119904198112
SLF,C00571703,R,OH-SEN,"BROWN, SHERROD",S6OH00163,DEM,S,OH,00,O,16077.22,2026-09-10,2026-09-10,2026-09-10,dissemination,2026-09-07,FCG MEDIA STRATEGIES LLC,TEXT MESSAGING,2011644,F24,48,True,processed,G2026,G2026,SE.29,2026-09-11,https://docquery.fec.gov/cgi-bin/forms/C00571703/2011644/,https://docquery.fec.gov/cgi-bin/fecimg/?202609119904198108
WinSenate,C00865444,D,AK-SEN,"SULLIVAN, DAN",S4AK00214,REP,S,AK,00,O,8956.01,2026-09-10,2026-09-10,2026-09-10,dissemination,2026-09-07,ALIGNCO LLC,MEDIA PRODUCTION - ESTIMATE,2011701,F24,48,True,processed,G2026,G2026,500196506,2026-09-12,https://docquery.fec.gov/cgi-bin/forms/C00865444/2011701/,https://docquery.fec.gov/cgi-bin/fecimg/?202609129904199051
CLF,C00504530,R,AZ-06,"MENDOZA, JOANNA",,,H,AZ,06,O,13000.0,2026-09-10,2026-09-11,2026-09-11,dissemination,2026-09-07,RED ELEPHANT STRATEGY,MEDIA PRODUCTION,2011727,F24,48,True,processed,G2026,G2026,SE24.3747,2026-09-13,https://docquery.fec.gov/cgi-bin/forms/C00504530/2011727/,https://docquery.fec.gov/cgi-bin/fecimg/?202609139904199578
CLF,C00504530,R,IA-01,"BOHANNAN, CHRISTINA",,,H,IA,01,O,11000.0,2026-09-10,2026-09-11,2026-09-11,dissemination,2026-09-07,RED ELEPHANT STRATEGY,MEDIA PRODUCTION,2011727,F24,48,True,processed,G2026,G2026,SE24.3746,2026-09-13,https://docquery.fec.gov/cgi-bin/forms/C00504530/2011727/,https://docquery.fec.gov/cgi-bin/fecimg/?202609139904199578
CLF,C00504530,R,OH-09,"KAPTUR, HON. M.C. MARCY",,,H,OH,09,O,13000.0,2026-09-10,2026-09-11,2026-09-11,dissemination,2026-09-07,HONOLD COMMUNICATIONS,MEDIA PRODUCTION,2011727,F24,48,True,processed,G2026,G2026,SE24.3744,2026-09-13,https://docquery.fec.gov/cgi-bin/forms/C00504530/2011727/,https://docquery.fec.gov/cgi-bin/fecimg/?202609139904199579
CLF,C00504530,R,TX-28,"CUELLAR, HENRY R.",,,H,TX,28,O,13000.0,2026-09-10,2026-09-11,2026-09-11,dissemination,2026-09-07,PRIME MEDIA PARTNERS,MEDIA PRODUCTION,2011727,F24,48,True,processed,G2026,G2026,SE24.3751,2026-09-13,https://docquery.fec.gov/cgi-bin/forms/C00504530/2011727/,https://docquery.fec.gov/cgi-bin/fecimg/?202609139904199579
CLF,C00504530,R,TX-34,"GONZALEZ, VICENTE",,,H,TX,34,O,13000.0,2026-09-10,2026-09-11,2026-09-11,dissemination,2026-09-07,ONMESSAGE INC.,MEDIA PRODUCTION,2011727,F24,48,True,processed,G2026,G2026,SE24.3752,2026-09-13,https://docquery.fec.gov/cgi-bin/forms/C00504530/2011727/,https://docquery.fec.gov/cgi-bin/fecimg/?202609139904199580
HMP,C00495028,D,AZ-06,"CISCOMANI, JUAN",H2AZ02360,REP,H,AZ,06,O,21760.65,2026-09-11,2026-09-11,2026-09-11,dissemination,2026-09-07,THE STRATEGY GROUP,DIRECT MAIL - ESTIMATE,2011651,F24,48,True,processed,G2026,G2026,500677941,2026-09-11,https://docquery.fec.gov/cgi-bin/forms/C00495028/2011651/,https://docquery.fec.gov/cgi-bin/fecimg/?202609119904198166
No Going Back PAC,C00960435,R,CO-05,"KILLIN, JESSICA WILLOW",H6CO05324,DEM,H,CO,05,O,311310.0,2026-09-11,2026-09-11,2026-09-11,dissemination,2026-09-07,DEL RAY MEDIA LLC,PLACED MEDIA: TV AND CONNECTED TV,2011699,F24,48,True,processed,G2026,G2026,SE.1179364,2026-09-12,https://docquery.fec.gov/cgi-bin/forms/C00960435/2011699/,https://docquery.fec.gov/cgi-bin/fecimg/?202609129904199036
No Going Back PAC,C00960435,R,IA-02,"JAMES, LINDSAY",H6IA02211,DEM,H,IA,02,O,422260.0,2026-09-10,2026-09-11,2026-09-11,dissemination,2026-09-07,"MHB MEDIA, INC",PLACED MEDIA: TV AND CONNECTED TV,2011699,F24,48,True,processed,G2026,G2026,SE.1179798,2026-09-12,https://docquery.fec.gov/cgi-bin/forms/C00960435/2011699/,https://docquery.fec.gov/cgi-bin/fecimg/?202609129904199041
No Going Back PAC,C00960435,R,IA-SEN,"TUREK, JOSHUA",S6IA00298,DEM,S,IA,00,O,125954.92,2026-09-08,2026-09-11,2026-09-11,dissemination,2026-09-07,MINUTE MAIL CONSULTING GROUP LLC,DIRECT MAIL: PRINTING AND POSTAGE,2011699,F24,48,True,processed,G2026,G2026,SE.1177535,2026-09-12,https://docquery.fec.gov/cgi-bin/forms/C00960435/2011699/,https://docquery.fec.gov/cgi-bin/fecimg/?202609129904199043
No Going Back PAC,C00960435,R,MI-04,"MCCANN, SEAN",H6MI04204,DEM,H,MI,04,O,851620.0,2026-09-11,2026-09-11,2026-09-11,dissemination,2026-09-07,DEL RAY MEDIA LLC,PLACED MEDIA: TV AND CONNECTED TV,2011699,F24,48,True,processed,G2026,G2026,SE.1179366,2026-09-12,https://docquery.fec.gov/cgi-bin/forms/C00960435/2011699/,https://docquery.fec.gov/cgi-bin/fecimg/?202609129904199037
No Going Back PAC,C00960435,R,MI-10,"BOUCHARD, MICHAEL",H6MI10359,REP,H,MI,10,S,9076.14,2026-09-11,2026-09-11,2026-09-11,dissemination,2026-09-07,STORYTELLERS GROUP LLC,DIRECT MAIL: PRINTING AND POSTAGE,2011699,F24,48,True,processed,G2026,G2026,SE.1178959.1,2026-09-12,https://docquery.fec.gov/cgi-bin/forms/C00960435/2011699/,https://docquery.fec.gov/cgi-bin/fecimg/?202609129904199049
No Going Back PAC,C00960435,R,MI-10,"HINES, CHRISTINA",H6MI10276,DEM,H,MI,10,O,9076.14,2026-09-11,2026-09-11,2026-09-11,dissemination,2026-09-07,STORYTELLERS GROUP LLC,DIRECT MAIL: PRINTING AND POSTAGE,2011699,F24,48,True,processed,G2026,G2026,SE.1178959.2,2026-09-12,https://docquery.fec.gov/cgi-bin/forms/C00960435/2011699/,https://docquery.fec.gov/cgi-bin/fecimg/?202609129904199046
No Going Back PAC,C00960435,R,MT-01,"FLINT, AARON",H6MT01152,REP,H,MT,01,S,16306.44,2026-09-11,2026-09-11,2026-09-11,dissemination,2026-09-07,CALIBER CONTACT,DIRECT MAIL: PRINTING AND POSTAGE,2011699,F24,48,True,processed,G2026,G2026,SE.1179880.1,2026-09-12,https://docquery.fec.gov/cgi-bin/forms/C00960435/2011699/,https://docquery.fec.gov/cgi-bin/fecimg/?202609129904199035
No Going Back PAC,C00960435,R,MT-01,"FORSTAG, SAMUEL KELLEY",H6MT01137,DEM,H,MT,01,O,48919.32,2026-09-11,2026-09-11,2026-09-11,dissemination,2026-09-07,CALIBER CONTACT,DIRECT MAIL: PRINTING AND POSTAGE,2011699,F24,48,True,processed,G2026,G2026,SE.1179880.2,2026-09-12,https://docquery.fec.gov/cgi-bin/forms/C00960435/2011699/,https://docquery.fec.gov/cgi-bin/fecimg/?202609129904199033
No Going Back PAC,C00960435,R,NC-11,"AGER, JAMIE",H6NC11248,DEM,H,NC,11,O,492010.0,2026-09-11,2026-09-11,2026-09-11,dissemination,2026-09-07,DEL RAY MEDIA LLC,PLACED MEDIA: TV AND CONNECTED TV,2011699,F24,48,True,processed,G2026,G2026,SE.1179367,2026-09-12,https://docquery.fec.gov/cgi-bin/forms/C00960435/2011699/,https://docquery.fec.gov/cgi-bin/fecimg/?202609129904199037
No Going Back PAC,C00960435,R,NC-SEN,"WHATLEY, MICHAEL",S6NC00415,REP,S,NC,00,S,70194.47,2026-09-04,2026-09-11,2026-09-11,dissemination,2026-09-07,CALIBER CONTACT,DIRECT MAIL: PRINTING AND POSTAGE,2011699,F24,48,True,processed,G2026,G2026,SE.1178006.2,2026-09-12,https://docquery.fec.gov/cgi-bin/forms/C00960435/2011699/,https://docquery.fec.gov/cgi-bin/fecimg/?202609129904199035
No Going Back PAC,C00960435,R,NC-SEN,"COOPER, ROY",S6NC00407,DEM,S,NC,00,O,70194.46,2026-09-04,2026-09-11,2026-09-11,dissemination,2026-09-07,CALIBER CONTACT,DIRECT MAIL: PRINTING AND POSTAGE,2011699,F24,48,True,processed,G2026,G2026,SE.1178006.1,2026-09-12,https://docquery.fec.gov/cgi-bin/forms/C00960435/2011699/,https://docquery.fec.gov/cgi-bin/fecimg/?202609129904199034
No Going Back PAC,C00960435,R,OH-SEN,"BROWN, SHERROD",S6OH00163,DEM,S,OH,00,O,1778569.15,2026-09-11,2026-09-11,2026-09-11,dissemination,2026-09-07,MINUTE MAIL CONSULTING GROUP LLC,DIRECT MAIL: PRINTING AND POSTAGE,2011699,F24,48,True,processed,G2026,G2026,SE.1180247,2026-09-12,https://docquery.fec.gov/cgi-bin/forms/C00960435/2011699/,https://docquery.fec.gov/cgi-bin/fecimg/?202609129904199042
No Going Back PAC,C00960435,R,TX-15,"PULIDO, BOBBY",H6TX15246,DEM,H,TX,15,O,566333.0,2026-09-11,2026-09-11,2026-09-11,dissemination,2026-09-07,DEL RAY MEDIA LLC,PLACED MEDIA: TV AND CONNECTED TV,2011699,F24,48,True,processed,G2026,G2026,SE.1179925,2026-09-12,https://docquery.fec.gov/cgi-bin/forms/C00960435/2011699/,https://docquery.fec.gov/cgi-bin/fecimg/?202609129904199038
No Going Back PAC,C00960435,R,TX-15,"PULIDO, BOBBY",H6TX15246,DEM,H,TX,15,O,59508.5,2026-09-11,2026-09-11,2026-09-11,dissemination,2026-09-07,CALIBER CONTACT,DIRECT MAIL: PRINTING AND POSTAGE,2011699,F24,48,True,processed,G2026,G2026,SE.1179392,2026-09-12,https://docquery.fec.gov/cgi-bin/forms/C00960435/2011699/,https://docquery.fec.gov/cgi-bin/fecimg/?202609129904199033
No Going Back PAC,C00960435,R,TX-34,"GONZALEZ, VICENTE",H6TX15162,DEM,H,TX,34,O,273785.0,2026-09-11,2026-09-11,2026-09-11,dissemination,2026-09-07,DEL RAY MEDIA LLC,PLACED MEDIA: TV AND CONNECTED TV,2011699,F24,48,True,processed,G2026,G2026,SE.1179363,2026-09-12,https://docquery.fec.gov/cgi-bin/forms/C00960435/2011699/,https://docquery.fec.gov/cgi-bin/fecimg/?202609129904199038
No Going Back PAC,C00960435,R,TX-35,"DE LA CRUZ, CARLOS JR.",H6TX35087,REP,H,TX,35,S,16163.9,2026-09-11,2026-09-11,2026-09-11,dissemination,2026-09-07,CALIBER CONTACT,DIRECT MAIL: PRINTING AND POSTAGE,2011729,F24,48,True,processed,G2026,G2026,SE.1179879.3,2026-09-13,https://docquery.fec.gov/cgi-bin/forms/C00960435/2011729/,https://docquery.fec.gov/cgi-bin/fecimg/?202609139904199587
No Going Back PAC,C00960435,R,TX-35,"GARCIA, JOHNNY",H6TX35095,DEM,H,TX,35,O,80819.53,2026-09-11,2026-09-11,2026-09-11,dissemination,2026-09-07,CALIBER CONTACT,DIRECT MAIL: PRINTING AND POSTAGE,2011729,F24,48,True,processed,G2026,G2026,SE.1179879.1,2026-09-13,https://docquery.fec.gov/cgi-bin/forms/C00960435/2011729/,https://docquery.fec.gov/cgi-bin/fecimg/?202609139904199587
No Going Back PAC,C00960435,R,TX-35,"DE LA CRUZ, CARLOS JR.",H6TX35087,REP,H,TX,35,S,375190.5,2026-09-11,2026-09-11,2026-09-11,dissemination,2026-09-07,DEL RAY MEDIA LLC,PLACED MEDIA: TV AND CONNECTED TV,2011699,F24,48,True,processed,G2026,G2026,SE.1179932.1,2026-09-12,https://docquery.fec.gov/cgi-bin/forms/C00960435/2011699/,https://docquery.fec.gov/cgi-bin/fecimg/?202609129904199044
No Going Back PAC,C00960435,R,TX-35,"GARCIA, JOHNNY",H6TX35095,DEM,H,TX,35,O,375190.5,2026-09-11,2026-09-11,2026-09-11,dissemination,2026-09-07,DEL RAY MEDIA LLC,PLACED MEDIA: TV AND CONNECTED TV,2011699,F24,48,True,processed,G2026,G2026,SE.1179932.3,2026-09-12,https://docquery.fec.gov/cgi-bin/forms/C00960435/2011699/,https://docquery.fec.gov/cgi-bin/fecimg/?202609129904199040
No Going Back PAC,C00960435,R,VA-02,"KIGGANS, JENNIFER",H2VA02064,REP,H,VA,02,S,19778.89,2026-09-09,2026-09-11,2026-09-11,dissemination,2026-09-07,STORYTELLERS GROUP LLC,DIRECT MAIL: PRINTING AND POSTAGE,2011699,F24,48,True,processed,G2026,G2026,SE.1178408.2,2026-09-12,https://docquery.fec.gov/cgi-bin/forms/C00960435/2011699/,https://docquery.fec.gov/cgi-bin/fecimg/?202609129904199048
No Going Back PAC,C00960435,R,VA-02,"LURIA, ELAINE",H6VA02198,DEM,H,VA,02,O,19778.89,2026-09-09,2026-09-11,2026-09-11,dissemination,2026-09-07,STORYTELLERS GROUP LLC,DIRECT MAIL: PRINTING AND POSTAGE,2011699,F24,48,True,processed,G2026,G2026,SE.1178408.1,2026-09-12,https://docquery.fec.gov/cgi-bin/forms/C00960435/2011699/,https://docquery.fec.gov/cgi-bin/fecimg/?202609129904199045
No Going Back PAC,C00960435,R,WI-03,"VAN ORDEN, DERRICK F.",H0WI03175,REP,H,WI,03,S,10339.04,2026-09-11,2026-09-11,2026-09-11,dissemination,2026-09-07,STORYTELLERS GROUP LLC,DIRECT MAIL: PRINTING AND POSTAGE,2011699,F24,48,True,processed,G2026,G2026,SE.1178954.1,2026-09-12,https://docquery.fec.gov/cgi-bin/forms/C00960435/2011699/,https://docquery.fec.gov/cgi-bin/fecimg/?202609129904199049
No Going Back PAC,C00960435,R,WI-03,"COOKE, REBECCA",H4WI03169,DEM,H,WI,03,O,10339.05,2026-09-11,2026-09-11,2026-09-11,dissemination,2026-09-07,STORYTELLERS GROUP LLC,DIRECT MAIL: PRINTING AND POSTAGE,2011699,F24,48,True,processed,G2026,G2026,SE.1178954.2,2026-09-12,https://docquery.fec.gov/cgi-bin/forms/C00960435/2011699/,https://docquery.fec.gov/cgi-bin/fecimg/?202609129904199046
SLF,C00571703,R,AK-SEN,"PELTOLA, MARY",S6AK00276,DEM,S,AK,00,O,69820.32,2026-09-11,2026-09-11,2026-09-11,dissemination,2026-09-07,RIVAL STRATEGY GROUP LLC,POSTAGE / PRINTING / PRODUCTION,2011730,F24,48,True,processed,G2026,G2026,SE.1,2026-09-13,https://docquery.fec.gov/cgi-bin/forms/C00571703/2011730/,https://docquery.fec.gov/cgi-bin/fecimg/?202609139904199589
SLF,C00571703,R,ME-SEN,"JACKSON, TROY DALE",S6ME00464,DEM,S,ME,00,O,19000.0,2026-09-10,2026-09-11,2026-09-11,dissemination,2026-09-07,DREAM AMERICA MEDIA,MEDIA PRODUCTION,2011644,F24,48,True,processed,G2026,G2026,SE.15,2026-09-11,https://docquery.fec.gov/cgi-bin/forms/C00571703/2011644/,https://docquery.fec.gov/cgi-bin/fecimg/?202609119904198112
SLF,C00571703,R,MI-SEN,"EL-SAYED, ABDUL",S6MI00418,DEM,S,MI,00,O,302789.0,2026-09-08,2026-09-11,2026-09-11,dissemination,2026-09-07,STORYTELLERS GROUP LLC,POSTAGE / PRINTING / PRODUCTION,2011644,F24,48,True,processed,G2026,G2026,SE.18,2026-09-11,https://docquery.fec.gov/cgi-bin/forms/C00571703/2011644/,https://docquery.fec.gov/cgi-bin/fecimg/?202609119904198114
SLF,C00571703,R,NH-SEN,"PAPPAS, CHRIS",S6NH00141,DEM,S,NH,00,O,90074.68,2026-09-11,2026-09-11,2026-09-11,dissemination,2026-09-07,MAJORITY STRATEGIES LLC,POSTAGE / PRINTING / PRODUCTION,2011644,F24,48,True,processed,G2026,G2026,SE.24,2026-09-11,https://docquery.fec.gov/cgi-bin/forms/C00571703/2011644/,https://docquery.fec.gov/cgi-bin/fecimg/?202609119904198111
Texas PAC,C00960211,R,TX-SEN,"PAXTON, WARREN KENNETH JR.",S6TX00388,REP,S,TX,00,S,25000.0,2026-09-11,2026-09-11,2026-09-11,dissemination,2026-09-07,THE HEREFORD AGENCY,MEDIA PRODUCTION,2011711,F24,48,True,processed,G2026,G2026,SE24.1,2026-09-13,https://docquery.fec.gov/cgi-bin/forms/C00960211/2011711/,https://docquery.fec.gov/cgi-bin/fecimg/?202609139904199320
Texas PAC,C00960211,R,TX-SEN,"TALARICO, JAMES",S6TX00479,DEM,S,TX,00,O,15000.0,2026-09-11,2026-09-11,2026-09-11,dissemination,2026-09-07,RED ELEPHANT STRATEGY LLC,MEDIA PRODUCTION,2011711,F24,48,True,processed,G2026,G2026,SE24.2,2026-09-13,https://docquery.fec.gov/cgi-bin/forms/C00960211/2011711/,https://docquery.fec.gov/cgi-bin/fecimg/?202609139904199319
Texas PAC,C00960211,R,TX-SEN,"TALARICO, JAMES",S6TX00479,DEM,S,TX,00,O,410829.39,2026-09-11,2026-09-11,2026-09-11,dissemination,2026-09-07,IMGE LLC,DIGITAL MEDIA,2011711,F24,48,True,processed,G2026,G2026,SE24.7,2026-09-13,https://docquery.fec.gov/cgi-bin/forms/C00960211/2011711/,https://docquery.fec.gov/cgi-bin/fecimg/?202609139904199319
Texas PAC,C00960211,R,TX-SEN,"PAXTON, WARREN KENNETH JR.",S6TX00388,REP,S,TX,00,S,4245455.41,2026-09-11,2026-09-11,2026-09-11,dissemination,2026-09-07,IMGE LLC,DIGITAL MEDIA,2011711,F24,48,True,processed,G2026,G2026,SE24.6,2026-09-13,https://docquery.fec.gov/cgi-bin/forms/C00960211/2011711/,https://docquery.fec.gov/cgi-bin/fecimg/?202609139904199318
Texas PAC,C00960211,R,TX-SEN,"PAXTON, WARREN KENNETH JR.",S6TX00388,REP,S,TX,00,S,592651.28,2026-09-11,2026-09-11,2026-09-11,dissemination,2026-09-07,IMGE LLC,TEXTING SERVICE,2011711,F24,48,True,processed,G2026,G2026,SE24.5,2026-09-13,https://docquery.fec.gov/cgi-bin/forms/C00960211/2011711/,https://docquery.fec.gov/cgi-bin/fecimg/?202609139904199318
Texas PAC,C00960211,R,TX-SEN,"TALARICO, JAMES",S6TX00479,DEM,S,TX,00,O,916291.85,2026-09-11,2026-09-11,2026-09-11,dissemination,2026-09-07,IMGE LLC,TEXTING SERVICE,2011711,F24,48,True,processed,G2026,G2026,SE24.4,2026-09-13,https://docquery.fec.gov/cgi-bin/forms/C00960211/2011711/,https://docquery.fec.gov/cgi-bin/fecimg/?202609139904199317
Texas PAC,C00960211,R,TX-SEN,"TALARICO, JAMES",S6TX00479,DEM,S,TX,00,O,433071.58,2026-09-11,2026-09-11,2026-09-11,dissemination,2026-09-07,IMGE LLC,TEXTING SERVICE,2011711,F24,48,True,processed,G2026,G2026,SE24.3,2026-09-13,https://docquery.fec.gov/cgi-bin/forms/C00960211/2011711/,https://docquery.fec.gov/cgi-bin/fecimg/?202609139904199317
WinSenate,C00865444,D,ME-SEN,"JACKSON, TROY DALE",S6ME00464,DEM,S,ME,00,S,5130.33,2026-09-11,2026-09-11,2026-09-11,dissemination,2026-09-07,"MVAR MEDIA, LLC",MEDIA PRODUCTION - ESTIMATE,2011701,F24,48,True,processed,G2026,G2026,500196507,2026-09-12,https://docquery.fec.gov/cgi-bin/forms/C00865444/2011701/,https://docquery.fec.gov/cgi-bin/fecimg/?202609129904199051
HMP,C00495028,D,OH-09,"MERRIN, DEREK",H4OH09169,REP,H,OH,09,O,72616.98,2026-09-12,2026-09-12,2026-09-12,dissemination,2026-09-07,MVAR MEDIA LLC,MEDIA PRODUCTION - ESTIMATE,2011916,F24,48,True,processed,G2026,G2026,500678753,2026-09-14,https://docquery.fec.gov/cgi-bin/forms/C00495028/2011916/,https://docquery.fec.gov/cgi-bin/fecimg/?202609149904205211
HMP,C00495028,D,OH-09,"MERRIN, DEREK",H4OH09169,REP,H,OH,09,O,22962.41,2026-09-12,2026-09-12,2026-09-12,dissemination,2026-09-07,MVAR MEDIA LLC,MEDIA PRODUCTION - ESTIMATE,2011916,F24,48,True,processed,G2026,G2026,500678752,2026-09-14,https://docquery.fec.gov/cgi-bin/forms/C00495028/2011916/,https://docquery.fec.gov/cgi-bin/fecimg/?202609149904205211
No Going Back PAC,C00960435,R,AK-AL,"HILL, BILL",H6AK01092,IND,H,AK,00,O,37910.7,2026-09-11,2026-09-12,2026-09-12,dissemination,2026-09-07,CALIBER CONTACT,DIRECT MAIL: PRINTING AND POSTAGE,2011729,F24,48,True,processed,G2026,G2026,SE.1179391.2,2026-09-13,https://docquery.fec.gov/cgi-bin/forms/C00960435/2011729/,https://docquery.fec.gov/cgi-bin/fecimg/?202609139904199585
No Going Back PAC,C00960435,R,AK-AL,"BEGICH, NICHOLAS III",H2AK01083,REP,H,AK,00,S,37910.7,2026-09-11,2026-09-12,2026-09-12,dissemination,2026-09-07,CALIBER CONTACT,DIRECT MAIL: PRINTING AND POSTAGE,2011729,F24,48,True,processed,G2026,G2026,SE.1179391.1,2026-09-13,https://docquery.fec.gov/cgi-bin/forms/C00960435/2011729/,https://docquery.fec.gov/cgi-bin/fecimg/?202609139904199584
No Going Back PAC,C00960435,R,CO-05,"KILLIN, JESSICA WILLOW",H6CO05324,DEM,H,CO,05,O,7866.0,2026-09-12,2026-09-12,2026-09-12,dissemination,2026-09-07,PT STRATEGY LLC,TEXT MESSAGES,2011729,F24,48,True,processed,G2026,G2026,SE.1180254,2026-09-13,https://docquery.fec.gov/cgi-bin/forms/C00960435/2011729/,https://docquery.fec.gov/cgi-bin/fecimg/?202609139904199588
No Going Back PAC,C00960435,R,CO-08,"RUTINEL, MANNY",H6CO08013,DEM,H,CO,08,O,3916.0,2026-09-14,2026-09-12,2026-09-12,dissemination,2026-09-07,PT STRATEGY LLC,TEXT MESSAGES,2011918,F24,48,True,processed,G2026,G2026,SE.1180356,2026-09-14,https://docquery.fec.gov/cgi-bin/forms/C00960435/2011918/,https://docquery.fec.gov/cgi-bin/fecimg/?202609149904205419
No Going Back PAC,C00960435,R,FL-14,"CASTOR, KATHY",H6FL11126,DEM,H,FL,14,O,45530.54,2026-09-12,2026-09-12,2026-09-12,dissemination,2026-09-07,CALIBER CONTACT,DIRECT MAIL: PRINTING AND POSTAGE,2011729,F24,48,True,processed,G2026,G2026,SE.1179958.2,2026-09-13,https://docquery.fec.gov/cgi-bin/forms/C00960435/2011729/,https://docquery.fec.gov/cgi-bin/fecimg/?202609139904199586
No Going Back PAC,C00960435,R,FL-14,"BELTRAN, MIKE",H6FL14237,REP,H,FL,14,S,45530.53,2026-09-12,2026-09-12,2026-09-12,dissemination,2026-09-07,CALIBER CONTACT,DIRECT MAIL: PRINTING AND POSTAGE,2011729,F24,48,True,processed,G2026,G2026,SE.1179958.1,2026-09-13,https://docquery.fec.gov/cgi-bin/forms/C00960435/2011729/,https://docquery.fec.gov/cgi-bin/fecimg/?202609139904199586
No Going Back PAC,C00960435,R,IA-03,"TRONE GARRIOTT, SARAH",H6IA03268,DEM,H,IA,03,O,3210.0,2026-09-14,2026-09-12,2026-09-12,dissemination,2026-09-07,PT STRATEGY LLC,TEXT MESSAGES,2011918,F24,48,True,processed,G2026,G2026,SE.1180370,2026-09-14,https://docquery.fec.gov/cgi-bin/forms/C00960435/2011918/,https://docquery.fec.gov/cgi-bin/fecimg/?202609149904205417
No Going Back PAC,C00960435,R,MI-04,"MCCANN, SEAN",H6MI04204,DEM,H,MI,04,O,2302.0,2026-09-11,2026-09-12,2026-09-12,dissemination,2026-09-07,"1892, LLC",TEXT MESSAGES,2011729,F24,48,True,processed,G2026,G2026,SE.1179814,2026-09-13,https://docquery.fec.gov/cgi-bin/forms/C00960435/2011729/,https://docquery.fec.gov/cgi-bin/fecimg/?202609139904199584
No Going Back PAC,C00960435,R,NC-01,"DAVIS, DON",H2NC02287,DEM,H,NC,01,O,1769.0,2026-09-11,2026-09-12,2026-09-12,dissemination,2026-09-07,"1892, LLC",TEXT MESSAGES,2011729,F24,48,True,processed,G2026,G2026,SE.1180226,2026-09-13,https://docquery.fec.gov/cgi-bin/forms/C00960435/2011729/,https://docquery.fec.gov/cgi-bin/fecimg/?202609139904199585
No Going Back PAC,C00960435,R,OH-01,"LANDSMAN, GREG",H2OH01194,DEM,H,OH,01,O,6124.0,2026-09-14,2026-09-12,2026-09-12,dissemination,2026-09-07,PT STRATEGY LLC,TEXT MESSAGES,2011918,F24,48,True,processed,G2026,G2026,SE.1180367,2026-09-14,https://docquery.fec.gov/cgi-bin/forms/C00960435/2011918/,https://docquery.fec.gov/cgi-bin/fecimg/?202609149904205417
No Going Back PAC,C00960435,R,OH-09,"KAPTUR, MARCY HON. M.C.",H2OH09031,DEM,H,OH,09,O,2083.0,2026-09-14,2026-09-12,2026-09-12,dissemination,2026-09-07,PT STRATEGY LLC,TEXT MESSAGES,2011918,F24,48,True,processed,G2026,G2026,SE.1180376.2,2026-09-14,https://docquery.fec.gov/cgi-bin/forms/C00960435/2011918/,https://docquery.fec.gov/cgi-bin/fecimg/?202609149904205422
No Going Back PAC,C00960435,R,OH-09,"MERRIN, DEREK",H4OH09169,REP,H,OH,09,S,1003.0,2026-09-14,2026-09-12,2026-09-12,dissemination,2026-09-07,PT STRATEGY LLC,TEXT MESSAGES,2011918,F24,48,True,processed,G2026,G2026,SE.1180376.1,2026-09-14,https://docquery.fec.gov/cgi-bin/forms/C00960435/2011918/,https://docquery.fec.gov/cgi-bin/fecimg/?202609149904205419
No Going Back PAC,C00960435,R,OH-10,"TURNER, MICHAEL R REP.",H2OH03067,REP,H,OH,10,S,3174.0,2026-09-14,2026-09-12,2026-09-12,dissemination,2026-09-07,PT STRATEGY LLC,TEXT MESSAGES,2011918,F24,48,True,processed,G2026,G2026,SE.1180377,2026-09-14,https://docquery.fec.gov/cgi-bin/forms/C00960435/2011918/,https://docquery.fec.gov/cgi-bin/fecimg/?202609149904205420
No Going Back PAC,C00960435,R,PA-07,"BROOKS, BOB",H6PA07188,DEM,H,PA,07,O,2303.0,2026-09-14,2026-09-12,2026-09-12,dissemination,2026-09-07,PT STRATEGY LLC,TEXT MESSAGES,2011918,F24,48,True,processed,G2026,G2026,SE.1180382,2026-09-14,https://docquery.fec.gov/cgi-bin/forms/C00960435/2011918/,https://docquery.fec.gov/cgi-bin/fecimg/?202609149904205420
No Going Back PAC,C00960435,R,PA-10,"STELSON, JANELLE",H4PA10104,DEM,H,PA,10,O,2199.0,2026-09-14,2026-09-12,2026-09-12,dissemination,2026-09-07,PT STRATEGY LLC,TEXT MESSAGES,2011918,F24,48,True,processed,G2026,G2026,SE.1180597.2,2026-09-14,https://docquery.fec.gov/cgi-bin/forms/C00960435/2011918/,https://docquery.fec.gov/cgi-bin/fecimg/?202609149904205418
No Going Back PAC,C00960435,R,PA-10,"PERRY, SCOTT",H2PA04135,REP,H,PA,10,S,1282.0,2026-09-14,2026-09-12,2026-09-12,dissemination,2026-09-07,PT STRATEGY LLC,TEXT MESSAGES,2011918,F24,48,True,processed,G2026,G2026,SE.1180597.1,2026-09-14,https://docquery.fec.gov/cgi-bin/forms/C00960435/2011918/,https://docquery.fec.gov/cgi-bin/fecimg/?202609149904205418
SLF,C00571703,R,IA-SEN,"TUREK, JOSHUA",S6IA00298,DEM,S,IA,00,O,53100.0,2026-09-10,2026-09-12,2026-09-12,dissemination,2026-09-07,FLEXPOINT MEDIA,MEDIA PLACEMENT,2011730,F24,48,True,processed,G2026,G2026,SE.2,2026-09-13,https://docquery.fec.gov/cgi-bin/forms/C00571703/2011730/,https://docquery.fec.gov/cgi-bin/fecimg/?202609139904199589
SLF,C00571703,R,MI-SEN,"EL-SAYED, ABDUL",S6MI00418,DEM,S,MI,00,O,17500.0,2026-09-11,2026-09-12,2026-09-12,dissemination,2026-09-07,ONMESSAGE INC.,MEDIA PRODUCTION,2011730,F24,48,True,processed,G2026,G2026,SE.3,2026-09-13,https://docquery.fec.gov/cgi-bin/forms/C00571703/2011730/,https://docquery.fec.gov/cgi-bin/fecimg/?202609139904199590
SLF,C00571703,R,OH-SEN,"BROWN, SHERROD",S6OH00163,DEM,S,OH,00,O,473475.0,2026-09-10,2026-09-12,2026-09-12,dissemination,2026-09-07,FLEXPOINT MEDIA,MEDIA PLACEMENT,2011730,F24,48,True,processed,G2026,G2026,SE.4,2026-09-13,https://docquery.fec.gov/cgi-bin/forms/C00571703/2011730/,https://docquery.fec.gov/cgi-bin/fecimg/?202609139904199590
Texas PAC,C00960211,R,TX-SEN,"TALARICO, JAMES",S6TX00479,DEM,S,TX,00,O,26879614.88,2026-09-11,2026-09-12,2026-09-12,dissemination,2026-09-07,FLEXPOINT MEDIA INC,MEDIA,2011867,F24,48,True,processed,G2026,G2026,SE24.9,2026-09-14,https://docquery.fec.gov/cgi-bin/forms/C00960211/2011867/,https://docquery.fec.gov/cgi-bin/fecimg/?202609149904203802
Texas PAC,C00960211,R,TX-SEN,"PAXTON, WARREN KENNETH JR.",S6TX00388,REP,S,TX,00,S,26982612.8,2026-09-11,2026-09-12,2026-09-12,dissemination,2026-09-07,FLEXPOINT MEDIA INC,MEDIA,2011867,F24,48,True,processed,G2026,G2026,SE24.8,2026-09-14,https://docquery.fec.gov/cgi-bin/forms/C00960211/2011867/,https://docquery.fec.gov/cgi-bin/fecimg/?202609149904203802
WinSenate,C00865444,D,ME-SEN,"COLLINS, SUSAN",S6ME00159,REP,S,ME,00,O,4555.33,2026-09-12,2026-09-12,2026-09-12,dissemination,2026-09-07,"MVAR MEDIA, LLC",MEDIA PRODUCTION - ESTIMATE,2011832,F24,48,True,processed,G2026,G2026,500196508,2026-09-14,https://docquery.fec.gov/cgi-bin/forms/C00865444/2011832/,https://docquery.fec.gov/cgi-bin/fecimg/?202609149904202759
WinSenate,C00865444,D,OH-SEN,"HUSTED, JON",S6OH00304,REP,S,OH,00,O,11282.23,2026-09-12,2026-09-12,2026-09-12,dissemination,2026-09-07,DECLARATION MEDIA LLC,MEDIA PRODUCTION - ESTIMATE,2011832,F24,48,True,processed,G2026,G2026,500196509,2026-09-14,https://docquery.fec.gov/cgi-bin/forms/C00865444/2011832/,https://docquery.fec.gov/cgi-bin/fecimg/?202609149904202759
CLF,C00504530,R,IA-03,"TRONE GARRIOTT, SARAH",,,H,IA,03,O,13000.0,2026-09-10,2026-09-14,2026-09-14,dissemination,2026-09-14,ONMESSAGE INC.,MEDIA PRODUCTION,2012425,F24,48,True,processed,G2026,G2026,SE24.3750,2026-09-16,https://docquery.fec.gov/cgi-bin/forms/C00504530/2012425/,https://docquery.fec.gov/cgi-bin/fecimg/?202609169904267597
HMP,C00495028,D,IA-01,"MILLER-MEEKS, MARIANNETTE JANE",H8IA02043,REP,H,IA,01,O,32218.91,2026-09-14,2026-09-14,2026-09-14,dissemination,2026-09-14,AGENCY,DIRECT MAIL - ESTIMATE,2012405,F24,48,True,processed,G2026,G2026,500678984,2026-09-16,https://docquery.fec.gov/cgi-bin/forms/C00495028/2012405/,https://docquery.fec.gov/cgi-bin/fecimg/?202609169904267021
HMP,C00495028,D,IA-02,"JAMES, LINDSAY",H6IA02211,DEM,H,IA,02,S,50906.41,2026-09-14,2026-09-14,2026-09-14,dissemination,2026-09-14,"THE PIVOT GROUP, INC.",DIRECT MAIL - ESTIMATE,2012405,F24,48,True,processed,G2026,G2026,500678988,2026-09-16,https://docquery.fec.gov/cgi-bin/forms/C00495028/2012405/,https://docquery.fec.gov/cgi-bin/fecimg/?202609169904267022
HMP,C00495028,D,OH-09,"MERRIN, DEREK",H4OH09169,REP,H,OH,09,O,77441.61,2026-09-14,2026-09-14,2026-09-14,dissemination,2026-09-14,MOORE CAMPAIGNS,DIRECT MAIL - ESTIMATE,2012405,F24,48,True,processed,G2026,G2026,500678989,2026-09-16,https://docquery.fec.gov/cgi-bin/forms/C00495028/2012405/,https://docquery.fec.gov/cgi-bin/fecimg/?202609169904267022
HMP,C00495028,D,OH-15,"CAREY, MIKE",H2OH15228,REP,H,OH,15,O,43808.38,2026-09-14,2026-09-14,2026-09-14,dissemination,2026-09-14,DELIVER STRATEGIES LLC,DIRECT MAIL - ESTIMATE,2012405,F24,48,True,processed,G2026,G2026,500678990,2026-09-16,https://docquery.fec.gov/cgi-bin/forms/C00495028/2012405/,https://docquery.fec.gov/cgi-bin/fecimg/?202609169904267021
No Going Back PAC,C00960435,R,AZ-01,"SHAH, AMISH DR.",H4AZ01194,DEM,H,AZ,01,O,41299.2,2026-09-11,2026-09-14,2026-09-14,dissemination,2026-09-14,ELECTORAL COMMUNICATIONS GROUP LLC,DIRECT MAIL: PRINTING AND POSTAGE,2012429,F24,48,True,processed,G2026,G2026,SE.1179172,2026-09-16,https://docquery.fec.gov/cgi-bin/forms/C00960435/2012429/,https://docquery.fec.gov/cgi-bin/fecimg/?202609169904267623
No Going Back PAC,C00960435,R,AZ-02,"NEZ, JONATHAN MICHAEL",H4AZ02184,DEM,H,AZ,02,O,857.28,2026-09-14,2026-09-14,2026-09-14,dissemination,2026-09-14,CREATIVE DIRECT,TEXT MESSAGES,2012429,F24,48,True,processed,G2026,G2026,SE.1181173,2026-09-16,https://docquery.fec.gov/cgi-bin/forms/C00960435/2012429/,https://docquery.fec.gov/cgi-bin/fecimg/?202609169904267637
No Going Back PAC,C00960435,R,AZ-06,"MENDOZA, JOANNA",H6AZ06099,DEM,H,AZ,06,O,1181.24,2026-09-14,2026-09-14,2026-09-14,dissemination,2026-09-14,CREATIVE DIRECT,TEXT MESSAGES,2012429,F24,48,True,processed,G2026,G2026,SE.1181171,2026-09-16,https://docquery.fec.gov/cgi-bin/forms/C00960435/2012429/,https://docquery.fec.gov/cgi-bin/fecimg/?202609169904267636
No Going Back PAC,C00960435,R,CO-08,"RUTINEL, MANNY",H6CO08013,DEM,H,CO,08,O,54060.0,2026-09-09,2026-09-14,2026-09-14,dissemination,2026-09-14,PT STRATEGY LLC,DIRECT MAIL: PRINTING AND POSTAGE,2012429,F24,48,True,processed,G2026,G2026,SE.1178847,2026-09-16,https://docquery.fec.gov/cgi-bin/forms/C00960435/2012429/,https://docquery.fec.gov/cgi-bin/fecimg/?202609169904267623
No Going Back PAC,C00960435,R,FL-25,"MOSKOWITZ, JARED",H2FL22171,DEM,H,FL,25,O,2355426.0,2026-09-10,2026-09-14,2026-09-14,dissemination,2026-09-14,"MHB MEDIA, INC",PLACED MEDIA: TV AND CONNECTED TV,2012429,F24,48,True,processed,G2026,G2026,SE.1179737,2026-09-16,https://docquery.fec.gov/cgi-bin/forms/C00960435/2012429/,https://docquery.fec.gov/cgi-bin/fecimg/?202609169904267624
No Going Back PAC,C00960435,R,IA-03,"TRONE GARRIOTT, SARAH",H6IA03268,DEM,H,IA,03,O,63616.0,2026-09-14,2026-09-14,2026-09-14,dissemination,2026-09-14,PT STRATEGY LLC,DIRECT MAIL: PRINTING AND POSTAGE,2012429,F24,48,True,processed,G2026,G2026,SE.1180535,2026-09-16,https://docquery.fec.gov/cgi-bin/forms/C00960435/2012429/,https://docquery.fec.gov/cgi-bin/fecimg/?202609169904267624
No Going Back PAC,C00960435,R,KY-06,"ALVARADO, RALPH A",H6KY06192,REP,H,KY,06,S,49347.98,2026-09-14,2026-09-14,2026-09-14,dissemination,2026-09-14,CALIBER CONTACT,DIRECT MAIL: PRINTING AND POSTAGE,2012429,F24,48,True,processed,G2026,G2026,SE.1180262.1,2026-09-16,https://docquery.fec.gov/cgi-bin/forms/C00960435/2012429/,https://docquery.fec.gov/cgi-bin/fecimg/?202609169904267629
No Going Back PAC,C00960435,R,KY-06,"DEMBO, ZACH",H6KY06184,DEM,H,KY,06,O,49347.98,2026-09-14,2026-09-14,2026-09-14,dissemination,2026-09-14,CALIBER CONTACT,DIRECT MAIL: PRINTING AND POSTAGE,2012429,F24,48,True,processed,G2026,G2026,SE.1180262.2,2026-09-16,https://docquery.fec.gov/cgi-bin/forms/C00960435/2012429/,https://docquery.fec.gov/cgi-bin/fecimg/?202609169904267625
No Going Back PAC,C00960435,R,KY-06,"ALVARADO, RALPH A",H6KY06192,REP,H,KY,06,S,121400.0,2026-09-11,2026-09-14,2026-09-14,dissemination,2026-09-14,"MHB MEDIA, INC",PLACED MEDIA: TV AND CONNECTED TV,2012429,F24,48,True,processed,G2026,G2026,SE.1179757.1,2026-09-16,https://docquery.fec.gov/cgi-bin/forms/C00960435/2012429/,https://docquery.fec.gov/cgi-bin/fecimg/?202609169904267628
No Going Back PAC,C00960435,R,KY-06,"DEMBO, ZACH",H6KY06184,DEM,H,KY,06,O,121400.0,2026-09-11,2026-09-14,2026-09-14,dissemination,2026-09-14,"MHB MEDIA, INC",PLACED MEDIA: TV AND CONNECTED TV,2012429,F24,48,True,processed,G2026,G2026,SE.1179757.2,2026-09-16,https://docquery.fec.gov/cgi-bin/forms/C00960435/2012429/,https://docquery.fec.gov/cgi-bin/fecimg/?202609169904267625
No Going Back PAC,C00960435,R,MI-07,"BARRETT, THOMAS M.",H2MI07123,REP,H,MI,07,S,10171.26,2026-09-10,2026-09-14,2026-09-14,dissemination,2026-09-14,STORYTELLERS GROUP LLC,DIRECT MAIL: PRINTING AND POSTAGE,2012429,F24,48,True,processed,G2026,G2026,SE.1179388.2,2026-09-16,https://docquery.fec.gov/cgi-bin/forms/C00960435/2012429/,https://docquery.fec.gov/cgi-bin/fecimg/?202609169904267629
No Going Back PAC,C00960435,R,MI-07,"LAWRENCE, WILLIAM",H6MI07298,DEM,H,MI,07,O,10171.26,2026-09-10,2026-09-14,2026-09-14,dissemination,2026-09-14,STORYTELLERS GROUP LLC,DIRECT MAIL: PRINTING AND POSTAGE,2012429,F24,48,True,processed,G2026,G2026,SE.1179388.1,2026-09-16,https://docquery.fec.gov/cgi-bin/forms/C00960435/2012429/,https://docquery.fec.gov/cgi-bin/fecimg/?202609169904267626
No Going Back PAC,C00960435,R,MI-SEN,"ROGERS, MICHAEL",S4MI00595,REP,S,MI,00,S,178783.03,2026-09-11,2026-09-14,2026-09-14,dissemination,2026-09-14,STORYTELLERS GROUP LLC,DIRECT MAIL: PRINTING AND POSTAGE,2012429,F24,48,True,processed,G2026,G2026,SE.1179291.2,2026-09-16,https://docquery.fec.gov/cgi-bin/forms/C00960435/2012429/,https://docquery.fec.gov/cgi-bin/fecimg/?202609169904267630
No Going Back PAC,C00960435,R,MI-SEN,"EL-SAYED, ABDUL",S6MI00418,DEM,S,MI,00,O,178783.03,2026-09-11,2026-09-14,2026-09-14,dissemination,2026-09-14,STORYTELLERS GROUP LLC,DIRECT MAIL: PRINTING AND POSTAGE,2012429,F24,48,True,processed,G2026,G2026,SE.1179291.1,2026-09-16,https://docquery.fec.gov/cgi-bin/forms/C00960435/2012429/,https://docquery.fec.gov/cgi-bin/fecimg/?202609169904267626
No Going Back PAC,C00960435,R,NC-01,"BUCKHOUT, LAURIE",H4NC01137,REP,H,NC,01,S,19992.75,2026-09-09,2026-09-14,2026-09-14,dissemination,2026-09-14,STORYTELLERS GROUP LLC,DIRECT MAIL: PRINTING AND POSTAGE,2012429,F24,48,True,processed,G2026,G2026,SE.1178967.1,2026-09-16,https://docquery.fec.gov/cgi-bin/forms/C00960435/2012429/,https://docquery.fec.gov/cgi-bin/fecimg/?202609169904267630
No Going Back PAC,C00960435,R,NC-01,"DAVIS, DON",H2NC02287,DEM,H,NC,01,O,19992.75,2026-09-09,2026-09-14,2026-09-14,dissemination,2026-09-14,STORYTELLERS GROUP LLC,DIRECT MAIL: PRINTING AND POSTAGE,2012429,F24,48,True,processed,G2026,G2026,SE.1178967.2,2026-09-16,https://docquery.fec.gov/cgi-bin/forms/C00960435/2012429/,https://docquery.fec.gov/cgi-bin/fecimg/?202609169904267627
No Going Back PAC,C00960435,R,NY-17,"CONLEY, CAIT",H6NY17171,DEM,H,NY,17,O,557.12,2026-09-14,2026-09-14,2026-09-14,dissemination,2026-09-14,CREATIVE DIRECT,TEXT MESSAGES,2012429,F24,48,True,processed,G2026,G2026,SE.1181172,2026-09-16,https://docquery.fec.gov/cgi-bin/forms/C00960435/2012429/,https://docquery.fec.gov/cgi-bin/fecimg/?202609169904267636
No Going Back PAC,C00960435,R,OH-01,"LANDSMAN, GREG",H2OH01194,DEM,H,OH,01,O,109530.0,2026-09-11,2026-09-14,2026-09-14,dissemination,2026-09-14,PT STRATEGY LLC,DIRECT MAIL: PRINTING AND POSTAGE,2012429,F24,48,True,processed,G2026,G2026,SE.1179169,2026-09-16,https://docquery.fec.gov/cgi-bin/forms/C00960435/2012429/,https://docquery.fec.gov/cgi-bin/fecimg/?202609169904267627
No Going Back PAC,C00960435,R,OH-09,"MERRIN, DEREK",H4OH09169,REP,H,OH,09,S,34126.0,2026-09-11,2026-09-14,2026-09-14,dissemination,2026-09-14,PT STRATEGY LLC,DIRECT MAIL: PRINTING AND POSTAGE,2012429,F24,48,True,processed,G2026,G2026,SE.1179288.2,2026-09-16,https://docquery.fec.gov/cgi-bin/forms/C00960435/2012429/,https://docquery.fec.gov/cgi-bin/fecimg/?202609169904267631
No Going Back PAC,C00960435,R,OH-09,"KAPTUR, MARCY HON. M.C.",H2OH09031,DEM,H,OH,09,O,34126.0,2026-09-11,2026-09-14,2026-09-14,dissemination,2026-09-14,PT STRATEGY LLC,DIRECT MAIL: PRINTING AND POSTAGE,2012429,F24,48,True,processed,G2026,G2026,SE.1179288.1,2026-09-16,https://docquery.fec.gov/cgi-bin/forms/C00960435/2012429/,https://docquery.fec.gov/cgi-bin/fecimg/?202609169904267628
No Going Back PAC,C00960435,R,OH-10,"TURNER, MICHAEL R REP.",H2OH03067,REP,H,OH,10,S,72740.0,2026-09-16,2026-09-14,2026-09-14,dissemination,2026-09-14,PT STRATEGY LLC,DIRECT MAIL: PRINTING AND POSTAGE,2012429,F24,48,True,processed,G2026,G2026,SE.1181243,2026-09-16,https://docquery.fec.gov/cgi-bin/forms/C00960435/2012429/,https://docquery.fec.gov/cgi-bin/fecimg/?202609169904267637
No Going Back PAC,C00960435,R,PA-07,"BROOKS, BOB",H6PA07188,DEM,H,PA,07,O,42770.0,2026-09-14,2026-09-14,2026-09-14,dissemination,2026-09-14,PT STRATEGY LLC,DIRECT MAIL: PRINTING AND POSTAGE,2012429,F24,48,True,processed,G2026,G2026,SE.1180534,2026-09-16,https://docquery.fec.gov/cgi-bin/forms/C00960435/2012429/,https://docquery.fec.gov/cgi-bin/fecimg/?202609169904267631
No Going Back PAC,C00960435,R,PA-08,"COGNETTI, PAIGE",H6PA08293,DEM,H,PA,08,O,36609.85,2026-09-08,2026-09-14,2026-09-14,dissemination,2026-09-14,ELECTORAL COMMUNICATIONS GROUP LLC,DIRECT MAIL: PRINTING AND POSTAGE,2012429,F24,48,True,processed,G2026,G2026,SE.1178386,2026-09-16,https://docquery.fec.gov/cgi-bin/forms/C00960435/2012429/,https://docquery.fec.gov/cgi-bin/fecimg/?202609169904267632
No Going Back PAC,C00960435,R,PA-10,"PERRY, SCOTT",H2PA04135,REP,H,PA,10,S,17848.5,2026-09-11,2026-09-14,2026-09-14,dissemination,2026-09-14,PT STRATEGY LLC,DIRECT MAIL: PRINTING AND POSTAGE,2012429,F24,48,True,processed,G2026,G2026,SE.1179222.2,2026-09-16,https://docquery.fec.gov/cgi-bin/forms/C00960435/2012429/,https://docquery.fec.gov/cgi-bin/fecimg/?202609169904267633
No Going Back PAC,C00960435,R,PA-10,"STELSON, JANELLE",H4PA10104,DEM,H,PA,10,O,53545.5,2026-09-11,2026-09-14,2026-09-14,dissemination,2026-09-14,PT STRATEGY LLC,DIRECT MAIL: PRINTING AND POSTAGE,2012429,F24,48,True,processed,G2026,G2026,SE.1179222.1,2026-09-16,https://docquery.fec.gov/cgi-bin/forms/C00960435/2012429/,https://docquery.fec.gov/cgi-bin/fecimg/?202609169904267632
No Going Back PAC,C00960435,R,TX-23,"STOUT, KATY PADILLA",H6TX23273,DEM,H,TX,23,O,1702.04,2026-09-14,2026-09-14,2026-09-14,dissemination,2026-09-14,CREATIVE DIRECT,TEXT MESSAGES,2012429,F24,48,True,processed,G2026,G2026,SE.1181165,2026-09-16,https://docquery.fec.gov/cgi-bin/forms/C00960435/2012429/,https://docquery.fec.gov/cgi-bin/fecimg/?202609169904267635
No Going Back PAC,C00960435,R,TX-SEN,"PAXTON, WARREN KENNETH JR.",S6TX00388,REP,S,TX,00,S,935988.48,2026-09-08,2026-09-14,2026-09-14,dissemination,2026-09-14,MINUTE MAIL CONSULTING GROUP LLC,DIRECT MAIL: PRINTING AND POSTAGE,2012429,F24,48,True,processed,G2026,G2026,SE.1177529.1,2026-09-16,https://docquery.fec.gov/cgi-bin/forms/C00960435/2012429/,https://docquery.fec.gov/cgi-bin/fecimg/?202609169904267634
No Going Back PAC,C00960435,R,TX-SEN,"TALARICO, JAMES",S6TX00479,DEM,S,TX,00,O,935988.48,2026-09-08,2026-09-14,2026-09-14,dissemination,2026-09-14,MINUTE MAIL CONSULTING GROUP LLC,DIRECT MAIL: PRINTING AND POSTAGE,2012429,F24,48,True,processed,G2026,G2026,SE.1177529.2,2026-09-16,https://docquery.fec.gov/cgi-bin/forms/C00960435/2012429/,https://docquery.fec.gov/cgi-bin/fecimg/?202609169904267633
No Going Back PAC,C00960435,R,VA-02,"LURIA, ELAINE",H6VA02198,DEM,H,VA,02,O,944.0,2026-09-15,2026-09-14,2026-09-14,dissemination,2026-09-14,"1892, LLC",TEXT MESSAGES,2012429,F24,48,True,processed,G2026,G2026,SE.1180522,2026-09-16,https://docquery.fec.gov/cgi-bin/forms/C00960435/2012429/,https://docquery.fec.gov/cgi-bin/fecimg/?202609169904267634
No Going Back PAC,C00960435,R,WI-01,"BERMAN, MITCHELL",H6WI01283,DEM,H,WI,01,O,4637.24,2026-09-14,2026-09-14,2026-09-14,dissemination,2026-09-14,CREATIVE DIRECT,TEXT MESSAGES,2012429,F24,48,True,processed,G2026,G2026,SE.1181168,2026-09-16,https://docquery.fec.gov/cgi-bin/forms/C00960435/2012429/,https://docquery.fec.gov/cgi-bin/fecimg/?202609169904267635
Texas PAC,C00960211,R,TX-SEN,"TALARICO, JAMES",S6TX00479,DEM,S,TX,00,O,7500.0,2026-09-14,2026-09-14,2026-09-14,dissemination,2026-09-14,RED ELEPHANT STRATEGY LLC,MEDIA PRODUCTION,2012368,F24,48,True,processed,G2026,G2026,SE24.10,2026-09-16,https://docquery.fec.gov/cgi-bin/forms/C00960211/2012368/,https://docquery.fec.gov/cgi-bin/fecimg/?202609169904266301
HMP,C00495028,D,AK-AL,"BEGICH, NICHOLAS III",H2AK01083,REP,H,AK,00,O,7000.0,2026-09-15,2026-09-15,2026-09-15,dissemination,2026-09-14,WAVELENGTH STRATEGY LLC,MEDIA PRODUCTION - ESTIMATE,2014099,F24,48,True,processed,G2026,G2026,500680209,2026-09-19,https://docquery.fec.gov/cgi-bin/forms/C00495028/2014099/,https://docquery.fec.gov/cgi-bin/fecimg/?202609199904439457
HMP,C00495028,D,AK-AL,"BEGICH, NICHOLAS III",H2AK01083,REP,H,AK,00,O,174856.0,2026-09-15,2026-09-15,2026-09-15,dissemination,2026-09-14,WAVELENGTH STRATEGY LLC,DIGITAL ADVERTISING - ESTIMATE,2014099,F24,48,True,processed,G2026,G2026,500680208,2026-09-19,https://docquery.fec.gov/cgi-bin/forms/C00495028/2014099/,https://docquery.fec.gov/cgi-bin/fecimg/?202609199904439457
HMP,C00495028,D,AK-AL,"BEGICH, NICHOLAS III",H2AK01083,REP,H,AK,00,O,7093.62,2026-09-15,2026-09-15,2026-09-15,dissemination,2026-09-14,GPS IMPACT,MEDIA PRODUCTION - ESTIMATE,2014099,F24,48,True,processed,G2026,G2026,500680139,2026-09-19,https://docquery.fec.gov/cgi-bin/forms/C00495028/2014099/,https://docquery.fec.gov/cgi-bin/fecimg/?202609199904439423
HMP,C00495028,D,AZ-06,"CISCOMANI, JUAN",H2AZ02360,REP,H,AZ,06,O,365040.0,2026-09-15,2026-09-15,2026-09-15,dissemination,2026-09-14,WATERFRONT STRATEGIES INC.,TELEVISION ADVERTISING - ESTIMATE,2014099,F24,48,True,processed,G2026,G2026,500680185,2026-09-19,https://docquery.fec.gov/cgi-bin/forms/C00495028/2014099/,https://docquery.fec.gov/cgi-bin/fecimg/?202609199904439445
HMP,C00495028,D,AZ-06,"CISCOMANI, JUAN",H2AZ02360,REP,H,AZ,06,O,14688.0,2026-09-15,2026-09-15,2026-09-15,dissemination,2026-09-14,WATERFRONT STRATEGIES INC.,RADIO ADVERTISING - ESTIMATE,2014099,F24,48,True,processed,G2026,G2026,500680184,2026-09-19,https://docquery.fec.gov/cgi-bin/forms/C00495028/2014099/,https://docquery.fec.gov/cgi-bin/fecimg/?202609199904439445
HMP,C00495028,D,AZ-06,"CISCOMANI, JUAN",H2AZ02360,REP,H,AZ,06,O,130310.0,2026-09-15,2026-09-15,2026-09-15,dissemination,2026-09-14,UPLIFT CAMPAIGNS,DIGITAL ADVERTISING - ESTIMATE,2014099,F24,48,True,processed,G2026,G2026,500680183,2026-09-19,https://docquery.fec.gov/cgi-bin/forms/C00495028/2014099/,https://docquery.fec.gov/cgi-bin/fecimg/?202609199904439444
HMP,C00495028,D,AZ-06,"CISCOMANI, JUAN",H2AZ02360,REP,H,AZ,06,O,22050.65,2026-09-15,2026-09-15,2026-09-15,dissemination,2026-09-14,THE STRATEGY GROUP,DIRECT MAIL - ESTIMATE,2014099,F24,48,True,processed,G2026,G2026,500680178,2026-09-19,https://docquery.fec.gov/cgi-bin/forms/C00495028/2014099/,https://docquery.fec.gov/cgi-bin/fecimg/?202609199904439441
HMP,C00495028,D,CA-22,"VALADAO, DAVID",H2CA20094,REP,H,CA,22,O,530280.0,2026-09-15,2026-09-15,2026-09-15,dissemination,2026-09-14,WATERFRONT STRATEGIES INC.,TELEVISION ADVERTISING - ESTIMATE,2014099,F24,48,True,processed,G2026,G2026,500680187,2026-09-19,https://docquery.fec.gov/cgi-bin/forms/C00495028/2014099/,https://docquery.fec.gov/cgi-bin/fecimg/?202609199904439446
HMP,C00495028,D,CA-22,"VALADAO, DAVID",H2CA20094,REP,H,CA,22,O,25920.0,2026-09-15,2026-09-15,2026-09-15,dissemination,2026-09-14,WATERFRONT STRATEGIES INC.,RADIO ADVERTISING - ESTIMATE,2014099,F24,48,True,processed,G2026,G2026,500680186,2026-09-19,https://docquery.fec.gov/cgi-bin/forms/C00495028/2014099/,https://docquery.fec.gov/cgi-bin/fecimg/?202609199904439446
HMP,C00495028,D,CA-22,"VALADAO, DAVID",H2CA20094,REP,H,CA,22,O,150000.0,2026-09-15,2026-09-15,2026-09-15,dissemination,2026-09-14,TRILOGY INTERACTIVE LLC,DIGITAL ADVERTISING - ESTIMATE,2014099,F24,48,True,processed,G2026,G2026,500680181,2026-09-19,https://docquery.fec.gov/cgi-bin/forms/C00495028/2014099/,https://docquery.fec.gov/cgi-bin/fecimg/?202609199904439443
HMP,C00495028,D,CA-48,"DESMOND, JIM",H6CA49128,REP,H,CA,48,O,7000.0,2026-09-15,2026-09-15,2026-09-15,dissemination,2026-09-14,WAVELENGTH STRATEGY LLC,MEDIA PRODUCTION - ESTIMATE,2014099,F24,48,True,processed,G2026,G2026,500680211,2026-09-19,https://docquery.fec.gov/cgi-bin/forms/C00495028/2014099/,https://docquery.fec.gov/cgi-bin/fecimg/?202609199904439458
HMP,C00495028,D,CA-48,"DESMOND, JIM",H6CA49128,REP,H,CA,48,O,230023.0,2026-09-15,2026-09-15,2026-09-15,dissemination,2026-09-14,WAVELENGTH STRATEGY LLC,DIGITAL ADVERTISING - ESTIMATE,2014099,F24,48,True,processed,G2026,G2026,500680210,2026-09-19,https://docquery.fec.gov/cgi-bin/forms/C00495028/2014099/,https://docquery.fec.gov/cgi-bin/fecimg/?202609199904439458
HMP,C00495028,D,CA-48,"DESMOND, JIM",H6CA49128,REP,H,CA,48,O,495936.0,2026-09-15,2026-09-15,2026-09-15,dissemination,2026-09-14,WATERFRONT STRATEGIES INC.,TELEVISION ADVERTISING - ESTIMATE,2014099,F24,48,True,processed,G2026,G2026,500680189,2026-09-19,https://docquery.fec.gov/cgi-bin/forms/C00495028/2014099/,https://docquery.fec.gov/cgi-bin/fecimg/?202609199904439447
HMP,C00495028,D,CA-48,"DESMOND, JIM",H6CA49128,REP,H,CA,48,O,44928.0,2026-09-15,2026-09-15,2026-09-15,dissemination,2026-09-14,WATERFRONT STRATEGIES INC.,RADIO ADVERTISING - ESTIMATE,2014099,F24,48,True,processed,G2026,G2026,500680188,2026-09-19,https://docquery.fec.gov/cgi-bin/forms/C00495028/2014099/,https://docquery.fec.gov/cgi-bin/fecimg/?202609199904439447
HMP,C00495028,D,CA-48,"DESMOND, JIM",H6CA49128,REP,H,CA,48,O,29000.0,2026-09-15,2026-09-15,2026-09-15,dissemination,2026-09-14,SOLIDARITY STRATEGIES LLC,MEDIA PRODUCTION - ESTIMATE,2014099,F24,48,True,processed,G2026,G2026,500680170,2026-09-19,https://docquery.fec.gov/cgi-bin/forms/C00495028/2014099/,https://docquery.fec.gov/cgi-bin/fecimg/?202609199904439437
HMP,C00495028,D,CA-48,"DESMOND, JIM",H6CA49128,REP,H,CA,48,O,3500.0,2026-09-15,2026-09-15,2026-09-15,dissemination,2026-09-14,SOLIDARITY STRATEGIES LLC,MEDIA PRODUCTION - ESTIMATE,2014099,F24,48,True,processed,G2026,G2026,500680169,2026-09-19,https://docquery.fec.gov/cgi-bin/forms/C00495028/2014099/,https://docquery.fec.gov/cgi-bin/fecimg/?202609199904439437
HMP,C00495028,D,CA-48,"DESMOND, JIM",H6CA49128,REP,H,CA,48,O,3574.3,2026-09-15,2026-09-15,2026-09-15,dissemination,2026-09-14,SOLIDARITY STRATEGIES LLC,MEDIA PRODUCTION - ESTIMATE,2014099,F24,48,True,processed,G2026,G2026,500680168,2026-09-19,https://docquery.fec.gov/cgi-bin/forms/C00495028/2014099/,https://docquery.fec.gov/cgi-bin/fecimg/?202609199904439436
HMP,C00495028,D,CA-48,"DESMOND, JIM",H6CA49128,REP,H,CA,48,O,10204.14,2026-09-15,2026-09-15,2026-09-15,dissemination,2026-09-14,GPS IMPACT,MEDIA PRODUCTION - ESTIMATE,2014099,F24,48,True,processed,G2026,G2026,500680141,2026-09-19,https://docquery.fec.gov/cgi-bin/forms/C00495028/2014099/,https://docquery.fec.gov/cgi-bin/fecimg/?202609199904439424
HMP,C00495028,D,CA-48,"DESMOND, JIM",H6CA49128,REP,H,CA,48,O,53034.27,2026-09-15,2026-09-15,2026-09-15,dissemination,2026-09-14,GPS IMPACT,MEDIA PRODUCTION - ESTIMATE,2014099,F24,48,True,processed,G2026,G2026,500680140,2026-09-19,https://docquery.fec.gov/cgi-bin/forms/C00495028/2014099/,https://docquery.fec.gov/cgi-bin/fecimg/?202609199904439424
HMP,C00495028,D,CO-05,"CRANK, JEFF",H6CO05142,REP,H,CO,05,O,111456.0,2026-09-15,2026-09-15,2026-09-15,dissemination,2026-09-14,WATERFRONT STRATEGIES INC.,TELEVISION ADVERTISING - ESTIMATE,2014099,F24,48,True,processed,G2026,G2026,500680190,2026-09-19,https://docquery.fec.gov/cgi-bin/forms/C00495028/2014099/,https://docquery.fec.gov/cgi-bin/fecimg/?202609199904439448
HMP,C00495028,D,CO-05,"CRANK, JEFF",H6CO05142,REP,H,CO,05,O,9560.04,2026-09-15,2026-09-15,2026-09-15,dissemination,2026-09-14,"THREE POINT MEDIA, LLC",MEDIA PRODUCTION - ESTIMATE,2014099,F24,48,True,processed,G2026,G2026,500680179,2026-09-19,https://docquery.fec.gov/cgi-bin/forms/C00495028/2014099/,https://docquery.fec.gov/cgi-bin/fecimg/?202609199904439442
HMP,C00495028,D,CO-08,"EVANS, TIMOTHY GABRIEL JOSEPH",H4CO08034,REP,H,CO,08,O,38412.0,2026-09-15,2026-09-15,2026-09-15,dissemination,2026-09-14,WAVELENGTH STRATEGY LLC,DIGITAL ADVERTISING - ESTIMATE,2014099,F24,48,True,processed,G2026,G2026,500680212,2026-09-19,https://docquery.fec.gov/cgi-bin/forms/C00495028/2014099/,https://docquery.fec.gov/cgi-bin/fecimg/?202609199904439459
HMP,C00495028,D,CO-08,"EVANS, TIMOTHY GABRIEL JOSEPH",H4CO08034,REP,H,CO,08,O,648432.0,2026-09-15,2026-09-15,2026-09-15,dissemination,2026-09-14,WATERFRONT STRATEGIES INC.,TELEVISION ADVERTISING - ESTIMATE,2014099,F24,48,True,processed,G2026,G2026,500680192,2026-09-19,https://docquery.fec.gov/cgi-bin/forms/C00495028/2014099/,https://docquery.fec.gov/cgi-bin/fecimg/?202609199904439449
HMP,C00495028,D,CO-08,"EVANS, TIMOTHY GABRIEL JOSEPH",H4CO08034,REP,H,CO,08,O,21600.0,2026-09-15,2026-09-15,2026-09-15,dissemination,2026-09-14,WATERFRONT STRATEGIES INC.,RADIO ADVERTISING - ESTIMATE,2014099,F24,48,True,processed,G2026,G2026,500680191,2026-09-19,https://docquery.fec.gov/cgi-bin/forms/C00495028/2014099/,https://docquery.fec.gov/cgi-bin/fecimg/?202609199904439448
HMP,C00495028,D,CO-08,"EVANS, TIMOTHY GABRIEL JOSEPH",H4CO08034,REP,H,CO,08,O,8000.0,2026-09-15,2026-09-15,2026-09-15,dissemination,2026-09-14,SOLIDARITY STRATEGIES LLC,MEDIA PRODUCTION - ESTIMATE,2014099,F24,48,True,processed,G2026,G2026,500680171,2026-09-19,https://docquery.fec.gov/cgi-bin/forms/C00495028/2014099/,https://docquery.fec.gov/cgi-bin/fecimg/?202609199904439438
HMP,C00495028,D,IA-02,"MITCHELL, JOE",H6IA02237,REP,H,IA,02,O,259200.0,2026-09-15,2026-09-15,2026-09-15,dissemination,2026-09-14,WATERFRONT STRATEGIES INC.,TELEVISION ADVERTISING - ESTIMATE,2014099,F24,48,True,processed,G2026,G2026,500680193,2026-09-19,https://docquery.fec.gov/cgi-bin/forms/C00495028/2014099/,https://docquery.fec.gov/cgi-bin/fecimg/?202609199904439449
HMP,C00495028,D,IA-02,"MITCHELL, JOE",H6IA02237,REP,H,IA,02,O,123375.0,2026-09-15,2026-09-15,2026-09-15,dissemination,2026-09-14,SKDKNICKERBOCKER LLC,DIGITAL ADVERTISING - ESTIMATE,2014099,F24,48,True,processed,G2026,G2026,500680159,2026-09-19,https://docquery.fec.gov/cgi-bin/forms/C00495028/2014099/,https://docquery.fec.gov/cgi-bin/fecimg/?202609199904439432
HMP,C00495028,D,IA-03,"NUNN, ZACH",H2IA03119,REP,H,IA,03,O,212198.4,2026-09-15,2026-09-15,2026-09-15,dissemination,2026-09-14,WATERFRONT STRATEGIES INC.,TELEVISION ADVERTISING - ESTIMATE,2014099,F24,48,True,processed,G2026,G2026,500680194,2026-09-19,https://docquery.fec.gov/cgi-bin/forms/C00495028/2014099/,https://docquery.fec.gov/cgi-bin/fecimg/?202609199904439450
HMP,C00495028,D,MI-04,"HUIZENGA, WILLIAM P",H0MI02094,REP,H,MI,04,O,578534.4,2026-09-15,2026-09-15,2026-09-15,dissemination,2026-09-14,WATERFRONT STRATEGIES INC.,TELEVISION ADVERTISING - ESTIMATE,2014099,F24,48,True,processed,G2026,G2026,500680195,2026-09-19,https://docquery.fec.gov/cgi-bin/forms/C00495028/2014099/,https://docquery.fec.gov/cgi-bin/fecimg/?202609199904439450
HMP,C00495028,D,MI-07,"BARRETT, THOMAS M.",H2MI07123,REP,H,MI,07,O,416715.84,2026-09-15,2026-09-15,2026-09-15,dissemination,2026-09-14,WATERFRONT STRATEGIES INC.,TELEVISION ADVERTISING - ESTIMATE,2014099,F24,48,True,processed,G2026,G2026,500680196,2026-09-19,https://docquery.fec.gov/cgi-bin/forms/C00495028/2014099/,https://docquery.fec.gov/cgi-bin/fecimg/?202609199904439451
HMP,C00495028,D,MI-07,"BARRETT, THOMAS M.",H2MI07123,REP,H,MI,07,O,9760.98,2026-09-15,2026-09-15,2026-09-15,dissemination,2026-09-14,"THREE POINT MEDIA, LLC",MEDIA PRODUCTION - ESTIMATE,2014099,F24,48,True,processed,G2026,G2026,500680180,2026-09-19,https://docquery.fec.gov/cgi-bin/forms/C00495028/2014099/,https://docquery.fec.gov/cgi-bin/fecimg/?202609199904439442
HMP,C00495028,D,MI-07,"LAWRENCE, WILLIAM",H6MI07298,DEM,H,MI,07,S,26578.0,2026-09-15,2026-09-15,2026-09-15,dissemination,2026-09-14,SKDKNICKERBOCKER LLC,DIGITAL ADVERTISING - ESTIMATE,2014099,F24,48,True,processed,G2026,G2026,500680163,2026-09-19,https://docquery.fec.gov/cgi-bin/forms/C00495028/2014099/,https://docquery.fec.gov/cgi-bin/fecimg/?202609199904439434
HMP,C00495028,D,MI-07,"LAWRENCE, WILLIAM",H6MI07298,DEM,H,MI,07,S,21951.89,2026-09-15,2026-09-15,2026-09-15,dissemination,2026-09-14,SKDKNICKERBOCKER LLC,MEDIA PRODUCTION - ESTIMATE,2014099,F24,48,True,processed,G2026,G2026,500680162,2026-09-19,https://docquery.fec.gov/cgi-bin/forms/C00495028/2014099/,https://docquery.fec.gov/cgi-bin/fecimg/?202609199904439433
HMP,C00495028,D,MI-07,"BARRETT, THOMAS M.",H2MI07123,REP,H,MI,07,O,8117.62,2026-09-15,2026-09-15,2026-09-15,dissemination,2026-09-14,SKDKNICKERBOCKER LLC,MEDIA PRODUCTION - ESTIMATE,2014099,F24,48,True,processed,G2026,G2026,500680161,2026-09-19,https://docquery.fec.gov/cgi-bin/forms/C00495028/2014099/,https://docquery.fec.gov/cgi-bin/fecimg/?202609199904439433
HMP,C00495028,D,MI-07,"BARRETT, THOMAS M.",H2MI07123,REP,H,MI,07,O,132916.0,2026-09-15,2026-09-15,2026-09-15,dissemination,2026-09-14,SKDKNICKERBOCKER LLC,DIGITAL ADVERTISING - ESTIMATE,2014099,F24,48,True,processed,G2026,G2026,500680160,2026-09-19,https://docquery.fec.gov/cgi-bin/forms/C00495028/2014099/,https://docquery.fec.gov/cgi-bin/fecimg/?202609199904439432
HMP,C00495028,D,MI-10,"HINES, CHRISTINA",H6MI10276,DEM,H,MI,10,S,5408.49,2026-09-15,2026-09-15,2026-09-15,dissemination,2026-09-14,TECHNICOLOR POLITCAL LLC,MEDIA PRODUCTION - ESTIMATE,2014099,F24,48,True,processed,G2026,G2026,500680174,2026-09-19,https://docquery.fec.gov/cgi-bin/forms/C00495028/2014099/,https://docquery.fec.gov/cgi-bin/fecimg/?202609199904439439
HMP,C00495028,D,MI-10,"BOUCHARD, MICHAEL",H6MI10359,REP,H,MI,10,O,20363.04,2026-09-15,2026-09-15,2026-09-15,dissemination,2026-09-14,TECHNICOLOR POLITCAL LLC,MEDIA PRODUCTION - ESTIMATE,2014099,F24,48,True,processed,G2026,G2026,500680173,2026-09-19,https://docquery.fec.gov/cgi-bin/forms/C00495028/2014099/,https://docquery.fec.gov/cgi-bin/fecimg/?202609199904439439
HMP,C00495028,D,MI-10,"BOUCHARD, MICHAEL",H6MI10359,REP,H,MI,10,O,22123.72,2026-09-15,2026-09-15,2026-09-15,dissemination,2026-09-14,SKDKNICKERBOCKER LLC,MEDIA PRODUCTION - ESTIMATE,2014099,F24,48,True,processed,G2026,G2026,500680167,2026-09-19,https://docquery.fec.gov/cgi-bin/forms/C00495028/2014099/,https://docquery.fec.gov/cgi-bin/fecimg/?202609199904439436
HMP,C00495028,D,MI-10,"BOUCHARD, MICHAEL",H6MI10359,REP,H,MI,10,O,66616.0,2026-09-15,2026-09-15,2026-09-15,dissemination,2026-09-14,SKDKNICKERBOCKER LLC,DIGITAL ADVERTISING - ESTIMATE,2014099,F24,48,True,processed,G2026,G2026,500680166,2026-09-19,https://docquery.fec.gov/cgi-bin/forms/C00495028/2014099/,https://docquery.fec.gov/cgi-bin/fecimg/?202609199904439435
HMP,C00495028,D,MI-10,"HINES, CHRISTINA",H6MI10276,DEM,H,MI,10,S,21652.31,2026-09-15,2026-09-15,2026-09-15,dissemination,2026-09-14,SKDKNICKERBOCKER LLC,MEDIA PRODUCTION - ESTIMATE,2014099,F24,48,True,processed,G2026,G2026,500680165,2026-09-19,https://docquery.fec.gov/cgi-bin/forms/C00495028/2014099/,https://docquery.fec.gov/cgi-bin/fecimg/?202609199904439435
HMP,C00495028,D,MI-10,"HINES, CHRISTINA",H6MI10276,DEM,H,MI,10,S,45998.0,2026-09-15,2026-09-15,2026-09-15,dissemination,2026-09-14,SKDKNICKERBOCKER LLC,DIGITAL ADVERTISING - ESTIMATE,2014099,F24,48,True,processed,G2026,G2026,500680164,2026-09-19,https://docquery.fec.gov/cgi-bin/forms/C00495028/2014099/,https://docquery.fec.gov/cgi-bin/fecimg/?202609199904439434
HMP,C00495028,D,NC-11,"BALKCOM, JENNIFER",H6NC11321,REP,H,NC,11,O,691204.32,2026-09-15,2026-09-15,2026-09-15,dissemination,2026-09-14,WATERFRONT STRATEGIES INC.,TELEVISION ADVERTISING - ESTIMATE,2014099,F24,48,True,processed,G2026,G2026,500680197,2026-09-19,https://docquery.fec.gov/cgi-bin/forms/C00495028/2014099/,https://docquery.fec.gov/cgi-bin/fecimg/?202609199904439451
HMP,C00495028,D,NC-11,"BALKCOM, JENNIFER",H6NC11321,REP,H,NC,11,O,8364.2,2026-09-15,2026-09-15,2026-09-15,dissemination,2026-09-14,ADWELL,MEDIA PRODUCTION - ESTIMATE,2014099,F24,48,True,processed,G2026,G2026,500680121,2026-09-19,https://docquery.fec.gov/cgi-bin/forms/C00495028/2014099/,https://docquery.fec.gov/cgi-bin/fecimg/?202609199904439413
HMP,C00495028,D,NE-02,"HARDING, BRINKER",H6NE02208,REP,H,NE,02,O,286848.0,2026-09-15,2026-09-15,2026-09-15,dissemination,2026-09-14,WATERFRONT STRATEGIES INC.,TELEVISION ADVERTISING - ESTIMATE,2014099,F24,48,True,processed,G2026,G2026,500680198,2026-09-19,https://docquery.fec.gov/cgi-bin/forms/C00495028/2014099/,https://docquery.fec.gov/cgi-bin/fecimg/?202609199904439452
HMP,C00495028,D,NE-02,"HARDING, BRINKER",H6NE02208,REP,H,NE,02,O,1675.0,2026-09-15,2026-09-15,2026-09-15,dissemination,2026-09-14,"RYEGRASS, LLC",MEDIA PRODUCTION - ESTIMATE,2014099,F24,48,True,processed,G2026,G2026,500680157,2026-09-19,https://docquery.fec.gov/cgi-bin/forms/C00495028/2014099/,https://docquery.fec.gov/cgi-bin/fecimg/?202609199904439431
HMP,C00495028,D,NE-02,"HARDING, BRINKER",H6NE02208,REP,H,NE,02,O,1500.0,2026-09-15,2026-09-15,2026-09-15,dissemination,2026-09-14,BLUEPRINT INTERACTIVE,MEDIA PRODUCTION - ESTIMATE,2014099,F24,48,True,processed,G2026,G2026,500680126,2026-09-19,https://docquery.fec.gov/cgi-bin/forms/C00495028/2014099/,https://docquery.fec.gov/cgi-bin/fecimg/?202609199904439416
HMP,C00495028,D,NE-02,"HARDING, BRINKER",H6NE02208,REP,H,NE,02,O,96619.0,2026-09-15,2026-09-15,2026-09-15,dissemination,2026-09-14,BLUEPRINT INTERACTIVE,DIGITAL ADVERTISING - ESTIMATE,2014099,F24,48,True,processed,G2026,G2026,500680125,2026-09-19,https://docquery.fec.gov/cgi-bin/forms/C00495028/2014099/,https://docquery.fec.gov/cgi-bin/fecimg/?202609199904439415
HMP,C00495028,D,NJ-07,"KEAN, THOMAS JR.",H0NJ07089,,H,NJ,07,O,9199.0,2026-09-15,2026-09-15,2026-09-15,dissemination,2026-09-14,GAMBIT STRATEGIES LLC,MEDIA PRODUCTION - ESTIMATE,2014099,F24,48,True,processed,G2026,G2026,500680134,2026-09-19,https://docquery.fec.gov/cgi-bin/forms/C00495028/2014099/,https://docquery.fec.gov/cgi-bin/fecimg/?202609199904439421
HMP,C00495028,D,NJ-07,"KEAN, THOMAS JR.",H0NJ07089,,H,NJ,07,O,211403.0,2026-09-15,2026-09-15,2026-09-15,dissemination,2026-09-14,GAMBIT STRATEGIES LLC,DIGITAL ADVERTISING - ESTIMATE,2014099,F24,48,True,processed,G2026,G2026,500680133,2026-09-19,https://docquery.fec.gov/cgi-bin/forms/C00495028/2014099/,https://docquery.fec.gov/cgi-bin/fecimg/?202609199904439421
HMP,C00495028,D,NJ-07,"KEAN, THOMAS JR.",H0NJ07089,,H,NJ,07,O,13458.23,2026-09-15,2026-09-15,2026-09-15,dissemination,2026-09-14,"4C PARTNERS, LLC",MEDIA PRODUCTION - ESTIMATE,2014099,F24,48,True,processed,G2026,G2026,500680119,2026-09-19,https://docquery.fec.gov/cgi-bin/forms/C00495028/2014099/,https://docquery.fec.gov/cgi-bin/fecimg/?202609199904439412
HMP,C00495028,D,NJ-07,"KEAN, THOMAS JR.",H0NJ07089,,H,NJ,07,O,62040.0,2026-09-15,2026-09-15,2026-09-15,dissemination,2026-09-14,"4C PARTNERS, LLC",MEDIA PRODUCTION - ESTIMATE,2014099,F24,48,True,processed,G2026,G2026,500680118,2026-09-19,https://docquery.fec.gov/cgi-bin/forms/C00495028/2014099/,https://docquery.fec.gov/cgi-bin/fecimg/?202609199904439412
HMP,C00495028,D,NY-17,"LAWLER, MICHAEL VINCENT",H2NY17162,REP,H,NY,17,O,20000.0,2026-09-15,2026-09-15,2026-09-15,dissemination,2026-09-14,"RISING TIDE INTERACTIVE, LLC",MEDIA PRODUCTION - ESTIMATE,2014099,F24,48,True,processed,G2026,G2026,500680153,2026-09-19,https://docquery.fec.gov/cgi-bin/forms/C00495028/2014099/,https://docquery.fec.gov/cgi-bin/fecimg/?202609199904439429
HMP,C00495028,D,NY-17,"LAWLER, MICHAEL VINCENT",H2NY17162,REP,H,NY,17,O,89528.78,2026-09-15,2026-09-15,2026-09-15,dissemination,2026-09-14,"RISING TIDE INTERACTIVE, LLC",DIGITAL ADVERTISING - ESTIMATE,2014099,F24,48,True,processed,G2026,G2026,500680152,2026-09-19,https://docquery.fec.gov/cgi-bin/forms/C00495028/2014099/,https://docquery.fec.gov/cgi-bin/fecimg/?202609199904439428
HMP,C00495028,D,NY-17,"LAWLER, MICHAEL VINCENT",H2NY17162,REP,H,NY,17,O,15225.0,2026-09-15,2026-09-15,2026-09-15,dissemination,2026-09-14,DIXON DAVIS MEDIA GROUP LLC,MEDIA PRODUCTION - ESTIMATE,2014099,F24,48,True,processed,G2026,G2026,500680130,2026-09-19,https://docquery.fec.gov/cgi-bin/forms/C00495028/2014099/,https://docquery.fec.gov/cgi-bin/fecimg/?202609199904439419
HMP,C00495028,D,OH-09,"MERRIN, DEREK",H4OH09169,REP,H,OH,09,O,259200.0,2026-09-15,2026-09-15,2026-09-15,dissemination,2026-09-14,WATERFRONT STRATEGIES INC.,TELEVISION ADVERTISING - ESTIMATE,2014099,F24,48,True,processed,G2026,G2026,500680199,2026-09-19,https://docquery.fec.gov/cgi-bin/forms/C00495028/2014099/,https://docquery.fec.gov/cgi-bin/fecimg/?202609199904439452
HMP,C00495028,D,OH-09,"KAPTUR, MARCY HON. M.C.",H2OH09031,DEM,H,OH,09,S,42000.0,2026-09-15,2026-09-15,2026-09-15,dissemination,2026-09-14,MVAR MEDIA LLC,DIGITAL ADVERTISING - ESTIMATE,2014099,F24,48,True,processed,G2026,G2026,500680146,2026-09-19,https://docquery.fec.gov/cgi-bin/forms/C00495028/2014099/,https://docquery.fec.gov/cgi-bin/fecimg/?202609199904439425
HMP,C00495028,D,PA-07,"BROOKS, BOB",H6PA07188,DEM,H,PA,07,S,5000.0,2026-09-15,2026-09-15,2026-09-15,dissemination,2026-09-14,GAMBIT STRATEGIES LLC,DIGITAL ADVERTISING - ESTIMATE,2014099,F24,48,True,processed,G2026,G2026,500680137,2026-09-19,https://docquery.fec.gov/cgi-bin/forms/C00495028/2014099/,https://docquery.fec.gov/cgi-bin/fecimg/?202609199904439423
HMP,C00495028,D,PA-07,"MACKENZIE, RYAN E.",H8PA15195,REP,H,PA,07,O,8834.0,2026-09-15,2026-09-15,2026-09-15,dissemination,2026-09-14,GAMBIT STRATEGIES LLC,MEDIA PRODUCTION - ESTIMATE,2014099,F24,48,True,processed,G2026,G2026,500680136,2026-09-19,https://docquery.fec.gov/cgi-bin/forms/C00495028/2014099/,https://docquery.fec.gov/cgi-bin/fecimg/?202609199904439422
HMP,C00495028,D,PA-07,"MACKENZIE, RYAN E.",H8PA15195,REP,H,PA,07,O,117732.94,2026-09-15,2026-09-15,2026-09-15,dissemination,2026-09-14,GAMBIT STRATEGIES LLC,DIGITAL ADVERTISING - ESTIMATE,2014099,F24,48,True,processed,G2026,G2026,500680135,2026-09-19,https://docquery.fec.gov/cgi-bin/forms/C00495028/2014099/,https://docquery.fec.gov/cgi-bin/fecimg/?202609199904439422
HMP,C00495028,D,PA-07,"BROOKS, BOB",H6PA07188,DEM,H,PA,07,S,11831.38,2026-09-15,2026-09-15,2026-09-15,dissemination,2026-09-14,"CONEXION POLITICAL, LLC",MEDIA PRODUCTION - ESTIMATE,2014099,F24,48,True,processed,G2026,G2026,500680143,2026-09-19,https://docquery.fec.gov/cgi-bin/forms/C00495028/2014099/,https://docquery.fec.gov/cgi-bin/fecimg/?202609199904439417
HMP,C00495028,D,PA-07,"MACKENZIE, RYAN E.",H8PA15195,REP,H,PA,07,O,23221.25,2026-09-15,2026-09-15,2026-09-15,dissemination,2026-09-14,"CONEXION POLITICAL, LLC",MEDIA PRODUCTION - ESTIMATE,2014099,F24,48,True,processed,G2026,G2026,500680142,2026-09-19,https://docquery.fec.gov/cgi-bin/forms/C00495028/2014099/,https://docquery.fec.gov/cgi-bin/fecimg/?202609199904439417
HMP,C00495028,D,PA-07,"MACKENZIE, RYAN E.",H8PA15195,REP,H,PA,07,O,13498.5,2026-09-15,2026-09-15,2026-09-15,dissemination,2026-09-14,"4C PARTNERS, LLC",MEDIA PRODUCTION - ESTIMATE,2014099,F24,48,True,processed,G2026,G2026,500680120,2026-09-19,https://docquery.fec.gov/cgi-bin/forms/C00495028/2014099/,https://docquery.fec.gov/cgi-bin/fecimg/?202609199904439413
HMP,C00495028,D,PA-08,"BRESNAHAN, ROB",H4PA08124,REP,H,PA,08,O,337638.24,2026-09-15,2026-09-15,2026-09-15,dissemination,2026-09-14,WATERFRONT STRATEGIES INC.,TELEVISION ADVERTISING - ESTIMATE,2014099,F24,48,True,processed,G2026,G2026,500680200,2026-09-19,https://docquery.fec.gov/cgi-bin/forms/C00495028/2014099/,https://docquery.fec.gov/cgi-bin/fecimg/?202609199904439453
HMP,C00495028,D,PA-08,"BRESNAHAN, ROB",H4PA08124,REP,H,PA,08,O,9243.48,2026-09-15,2026-09-15,2026-09-15,dissemination,2026-09-14,MVAR MEDIA LLC,MEDIA PRODUCTION - ESTIMATE,2014099,F24,48,True,processed,G2026,G2026,500680148,2026-09-19,https://docquery.fec.gov/cgi-bin/forms/C00495028/2014099/,https://docquery.fec.gov/cgi-bin/fecimg/?202609199904439426
HMP,C00495028,D,PA-08,"BRESNAHAN, ROB",H4PA08124,REP,H,PA,08,O,111000.0,2026-09-15,2026-09-15,2026-09-15,dissemination,2026-09-14,MVAR MEDIA LLC,DIGITAL ADVERTISING - ESTIMATE,2014099,F24,48,True,processed,G2026,G2026,500680147,2026-09-19,https://docquery.fec.gov/cgi-bin/forms/C00495028/2014099/,https://docquery.fec.gov/cgi-bin/fecimg/?202609199904439426
HMP,C00495028,D,PA-10,"PERRY, SCOTT",H2PA04135,REP,H,PA,10,O,4435.0,2026-09-15,2026-09-15,2026-09-15,dissemination,2026-09-14,TECHNICOLOR POLITCAL LLC,MEDIA PRODUCTION - ESTIMATE,2014099,F24,48,True,processed,G2026,G2026,500680175,2026-09-19,https://docquery.fec.gov/cgi-bin/forms/C00495028/2014099/,https://docquery.fec.gov/cgi-bin/fecimg/?202609199904439440
HMP,C00495028,D,PA-10,"PERRY, SCOTT",H2PA04135,REP,H,PA,10,O,20446.92,2026-09-15,2026-09-15,2026-09-15,dissemination,2026-09-14,BLUEPRINT INTERACTIVE,DIGITAL ADVERTISING - ESTIMATE,2014099,F24,48,True,processed,G2026,G2026,500680127,2026-09-19,https://docquery.fec.gov/cgi-bin/forms/C00495028/2014099/,https://docquery.fec.gov/cgi-bin/fecimg/?202609199904439416
HMP,C00495028,D,TX-15,"DE LA CRUZ, MONICA",H0TX15124,REP,H,TX,15,O,625531.68,2026-09-15,2026-09-15,2026-09-15,dissemination,2026-09-14,WATERFRONT STRATEGIES INC.,TELEVISION ADVERTISING - ESTIMATE,2014099,F24,48,True,processed,G2026,G2026,500680202,2026-09-19,https://docquery.fec.gov/cgi-bin/forms/C00495028/2014099/,https://docquery.fec.gov/cgi-bin/fecimg/?202609199904439454
HMP,C00495028,D,TX-15,"DE LA CRUZ, MONICA",H0TX15124,REP,H,TX,15,O,25920.0,2026-09-15,2026-09-15,2026-09-15,dissemination,2026-09-14,WATERFRONT STRATEGIES INC.,RADIO ADVERTISING - ESTIMATE,2014099,F24,48,True,processed,G2026,G2026,500680201,2026-09-19,https://docquery.fec.gov/cgi-bin/forms/C00495028/2014099/,https://docquery.fec.gov/cgi-bin/fecimg/?202609199904439453
HMP,C00495028,D,TX-15,"DE LA CRUZ, MONICA",H0TX15124,REP,H,TX,15,O,15000.0,2026-09-15,2026-09-15,2026-09-15,dissemination,2026-09-14,SOLIDARITY STRATEGIES LLC,MEDIA PRODUCTION - ESTIMATE,2014099,F24,48,True,processed,G2026,G2026,500680172,2026-09-19,https://docquery.fec.gov/cgi-bin/forms/C00495028/2014099/,https://docquery.fec.gov/cgi-bin/fecimg/?202609199904439438
HMP,C00495028,D,TX-15,"DE LA CRUZ, MONICA",H0TX15124,REP,H,TX,15,O,17697.94,2026-09-15,2026-09-15,2026-09-15,dissemination,2026-09-14,SENA KOZAR STRATEGIES,MEDIA PRODUCTION - ESTIMATE,2014099,F24,48,True,processed,G2026,G2026,500680158,2026-09-19,https://docquery.fec.gov/cgi-bin/forms/C00495028/2014099/,https://docquery.fec.gov/cgi-bin/fecimg/?202609199904439431
HMP,C00495028,D,TX-34,"FLORES, ERIC",H6TX34080,REP,H,TX,34,O,1002486.24,2026-09-15,2026-09-15,2026-09-15,dissemination,2026-09-14,WATERFRONT STRATEGIES INC.,TELEVISION ADVERTISING - ESTIMATE,2014099,F24,48,True,processed,G2026,G2026,500680204,2026-09-19,https://docquery.fec.gov/cgi-bin/forms/C00495028/2014099/,https://docquery.fec.gov/cgi-bin/fecimg/?202609199904439455
HMP,C00495028,D,TX-34,"FLORES, ERIC",H6TX34080,REP,H,TX,34,O,25920.0,2026-09-15,2026-09-15,2026-09-15,dissemination,2026-09-14,WATERFRONT STRATEGIES INC.,RADIO ADVERTISING - ESTIMATE,2014099,F24,48,True,processed,G2026,G2026,500680203,2026-09-19,https://docquery.fec.gov/cgi-bin/forms/C00495028/2014099/,https://docquery.fec.gov/cgi-bin/fecimg/?202609199904439454
HMP,C00495028,D,TX-34,"GONZALEZ, VICENTE",H6TX15162,DEM,H,TX,34,S,128347.98,2026-09-15,2026-09-15,2026-09-15,dissemination,2026-09-14,WATERFRONT STRATEGIES INC.,DIGITAL ADVERTISING AND PRODUCTION - ESTIMATE,2014099,F24,48,True,processed,G2026,G2026,500680138,2026-09-19,https://docquery.fec.gov/cgi-bin/forms/C00495028/2014099/,https://docquery.fec.gov/cgi-bin/fecimg/?202609199904439444
HMP,C00495028,D,TX-34,"FLORES, ERIC",H6TX34080,REP,H,TX,34,O,44592.79,2026-09-15,2026-09-15,2026-09-15,dissemination,2026-09-14,RALSTON LAPP GUINN MEDIA,MEDIA PRODUCTION - ESTIMATE,2014099,F24,48,True,processed,G2026,G2026,500680151,2026-09-19,https://docquery.fec.gov/cgi-bin/forms/C00495028/2014099/,https://docquery.fec.gov/cgi-bin/fecimg/?202609199904439428
HMP,C00495028,D,TX-34,"FLORES, ERIC",H6TX34080,REP,H,TX,34,O,11913.08,2026-09-15,2026-09-15,2026-09-15,dissemination,2026-09-14,RALSTON LAPP GUINN MEDIA,MEDIA PRODUCTION - ESTIMATE,2014099,F24,48,True,processed,G2026,G2026,500680150,2026-09-19,https://docquery.fec.gov/cgi-bin/forms/C00495028/2014099/,https://docquery.fec.gov/cgi-bin/fecimg/?202609199904439427
HMP,C00495028,D,TX-34,"GONZALEZ, VICENTE",H6TX15162,DEM,H,TX,34,S,10410.63,2026-09-15,2026-09-15,2026-09-15,dissemination,2026-09-14,RALSTON LAPP GUINN MEDIA,MEDIA PRODUCTION - ESTIMATE,2014099,F24,48,True,processed,G2026,G2026,500680149,2026-09-19,https://docquery.fec.gov/cgi-bin/forms/C00495028/2014099/,https://docquery.fec.gov/cgi-bin/fecimg/?202609199904439427
HMP,C00495028,D,TX-34,"GONZALEZ, VICENTE",H6TX15162,DEM,H,TX,34,S,17539.9,2026-09-15,2026-09-15,2026-09-15,dissemination,2026-09-14,"CONEXION POLITICAL, LLC",MEDIA PRODUCTION - ESTIMATE,2014099,F24,48,True,processed,G2026,G2026,500680144,2026-09-19,https://docquery.fec.gov/cgi-bin/forms/C00495028/2014099/,https://docquery.fec.gov/cgi-bin/fecimg/?202609199904439418
HMP,C00495028,D,VA-01,"WITTMAN, ROBERT MR.",H8VA01147,REP,H,VA,01,O,423360.0,2026-09-15,2026-09-15,2026-09-15,dissemination,2026-09-14,WATERFRONT STRATEGIES INC.,TELEVISION ADVERTISING - ESTIMATE,2014099,F24,48,True,processed,G2026,G2026,500680205,2026-09-19,https://docquery.fec.gov/cgi-bin/forms/C00495028/2014099/,https://docquery.fec.gov/cgi-bin/fecimg/?202609199904439455
HMP,C00495028,D,VA-01,"TAYLOR, SHANNON LEIGH",H6VA01299,DEM,H,VA,01,S,4908.49,2026-09-15,2026-09-15,2026-09-15,dissemination,2026-09-14,TECHNICOLOR POLITCAL LLC,MEDIA PRODUCTION - ESTIMATE,2014099,F24,48,True,processed,G2026,G2026,500680177,2026-09-19,https://docquery.fec.gov/cgi-bin/forms/C00495028/2014099/,https://docquery.fec.gov/cgi-bin/fecimg/?202609199904439441
HMP,C00495028,D,VA-01,"WITTMAN, ROBERT MR.",H8VA01147,REP,H,VA,01,O,23662.03,2026-09-15,2026-09-15,2026-09-15,dissemination,2026-09-14,TECHNICOLOR POLITCAL LLC,MEDIA PRODUCTION - ESTIMATE,2014099,F24,48,True,processed,G2026,G2026,500680176,2026-09-19,https://docquery.fec.gov/cgi-bin/forms/C00495028/2014099/,https://docquery.fec.gov/cgi-bin/fecimg/?202609199904439440
HMP,C00495028,D,VA-01,"WITTMAN, ROBERT MR.",H8VA01147,REP,H,VA,01,O,56662.41,2026-09-15,2026-09-15,2026-09-15,dissemination,2026-09-14,MOXIE MEDIA,DIRECT MAIL - ESTIMATE,2014099,F24,48,True,processed,G2026,G2026,500680145,2026-09-19,https://docquery.fec.gov/cgi-bin/forms/C00495028/2014099/,https://docquery.fec.gov/cgi-bin/fecimg/?202609199904439425
HMP,C00495028,D,VA-01,"WITTMAN, ROBERT MR.",H8VA01147,REP,H,VA,01,O,10682.23,2026-09-15,2026-09-15,2026-09-15,dissemination,2026-09-14,DECLARATION MEDIA,MEDIA PRODUCTION - ESTIMATE,2014099,F24,48,True,processed,G2026,G2026,500680129,2026-09-19,https://docquery.fec.gov/cgi-bin/forms/C00495028/2014099/,https://docquery.fec.gov/cgi-bin/fecimg/?202609199904439419
HMP,C00495028,D,VA-01,"WITTMAN, ROBERT MR.",H8VA01147,REP,H,VA,01,O,81201.85,2026-09-15,2026-09-15,2026-09-15,dissemination,2026-09-14,DECLARATION MEDIA,MEDIA PRODUCTION - ESTIMATE,2014099,F24,48,True,processed,G2026,G2026,500680128,2026-09-19,https://docquery.fec.gov/cgi-bin/forms/C00495028/2014099/,https://docquery.fec.gov/cgi-bin/fecimg/?202609199904439418
HMP,C00495028,D,VA-01,"TAYLOR, SHANNON LEIGH",H6VA01299,DEM,H,VA,01,S,5100.0,2026-09-15,2026-09-15,2026-09-15,dissemination,2026-09-14,AL MEDIA LLC,DIGITAL ADVERTISING - ESTIMATE,2014099,F24,48,True,processed,G2026,G2026,500680124,2026-09-19,https://docquery.fec.gov/cgi-bin/forms/C00495028/2014099/,https://docquery.fec.gov/cgi-bin/fecimg/?202609199904439415
HMP,C00495028,D,VA-01,"WITTMAN, ROBERT MR.",H8VA01147,REP,H,VA,01,O,10735.0,2026-09-15,2026-09-15,2026-09-15,dissemination,2026-09-14,AL MEDIA LLC,MEDIA PRODUCTION - ESTIMATE,2014099,F24,48,True,processed,G2026,G2026,500680123,2026-09-19,https://docquery.fec.gov/cgi-bin/forms/C00495028/2014099/,https://docquery.fec.gov/cgi-bin/fecimg/?202609199904439414
HMP,C00495028,D,VA-01,"WITTMAN, ROBERT MR.",H8VA01147,REP,H,VA,01,O,160130.0,2026-09-15,2026-09-15,2026-09-15,dissemination,2026-09-14,AL MEDIA LLC,DIGITAL ADVERTISING - ESTIMATE,2014099,F24,48,True,processed,G2026,G2026,500680122,2026-09-19,https://docquery.fec.gov/cgi-bin/forms/C00495028/2014099/,https://docquery.fec.gov/cgi-bin/fecimg/?202609199904439414
HMP,C00495028,D,VA-02,"KIGGANS, JENNIFER",H2VA02064,REP,H,VA,02,O,259200.0,2026-09-15,2026-09-15,2026-09-15,dissemination,2026-09-14,WATERFRONT STRATEGIES INC.,TELEVISION ADVERTISING - ESTIMATE,2014099,F24,48,True,processed,G2026,G2026,500680206,2026-09-19,https://docquery.fec.gov/cgi-bin/forms/C00495028/2014099/,https://docquery.fec.gov/cgi-bin/fecimg/?202609199904439456
HMP,C00495028,D,VA-02,"KIGGANS, JENNIFER",H2VA02064,REP,H,VA,02,O,195300.0,2026-09-15,2026-09-15,2026-09-15,dissemination,2026-09-14,TRILOGY INTERACTIVE LLC,DIGITAL ADVERTISING - ESTIMATE,2014099,F24,48,True,processed,G2026,G2026,500680182,2026-09-19,https://docquery.fec.gov/cgi-bin/forms/C00495028/2014099/,https://docquery.fec.gov/cgi-bin/fecimg/?202609199904439443
HMP,C00495028,D,WA-03,"BRAUN, JOHN",H6WA03275,REP,H,WA,03,O,103850.0,2026-09-15,2026-09-15,2026-09-15,dissemination,2026-09-14,"RISING TIDE INTERACTIVE, LLC",DIGITAL ADVERTISING - ESTIMATE,2014099,F24,48,True,processed,G2026,G2026,500680154,2026-09-19,https://docquery.fec.gov/cgi-bin/forms/C00495028/2014099/,https://docquery.fec.gov/cgi-bin/fecimg/?202609199904439429
HMP,C00495028,D,WI-03,"VAN ORDEN, DERRICK F.",H0WI03175,REP,H,WI,03,O,682560.0,2026-09-15,2026-09-15,2026-09-15,dissemination,2026-09-14,WATERFRONT STRATEGIES INC.,TELEVISION ADVERTISING - ESTIMATE,2014099,F24,48,True,processed,G2026,G2026,500680207,2026-09-19,https://docquery.fec.gov/cgi-bin/forms/C00495028/2014099/,https://docquery.fec.gov/cgi-bin/fecimg/?202609199904439456
HMP,C00495028,D,WI-03,"VAN ORDEN, DERRICK F.",H0WI03175,REP,H,WI,03,O,186493.38,2026-09-15,2026-09-15,2026-09-15,dissemination,2026-09-14,"RISING TIDE INTERACTIVE, LLC",DIGITAL ADVERTISING - ESTIMATE,2014099,F24,48,True,processed,G2026,G2026,500680156,2026-09-19,https://docquery.fec.gov/cgi-bin/forms/C00495028/2014099/,https://docquery.fec.gov/cgi-bin/fecimg/?202609199904439430
HMP,C00495028,D,WI-03,"VAN ORDEN, DERRICK F.",H0WI03175,REP,H,WI,03,O,16000.0,2026-09-15,2026-09-15,2026-09-15,dissemination,2026-09-14,"RISING TIDE INTERACTIVE, LLC",MEDIA PRODUCTION - ESTIMATE,2014099,F24,48,True,processed,G2026,G2026,500680155,2026-09-19,https://docquery.fec.gov/cgi-bin/forms/C00495028/2014099/,https://docquery.fec.gov/cgi-bin/fecimg/?202609199904439430
HMP,C00495028,D,WI-03,"VAN ORDEN, DERRICK F.",H0WI03175,REP,H,WI,03,O,14175.0,2026-09-15,2026-09-15,2026-09-15,dissemination,2026-09-14,DIXON DAVIS MEDIA GROUP LLC,MEDIA PRODUCTION - ESTIMATE,2014099,F24,48,True,processed,G2026,G2026,500680132,2026-09-19,https://docquery.fec.gov/cgi-bin/forms/C00495028/2014099/,https://docquery.fec.gov/cgi-bin/fecimg/?202609199904439420
HMP,C00495028,D,WI-03,"VAN ORDEN, DERRICK F.",H0WI03175,REP,H,WI,03,O,49985.0,2026-09-15,2026-09-15,2026-09-15,dissemination,2026-09-14,DIXON DAVIS MEDIA GROUP LLC,MEDIA PRODUCTION - ESTIMATE,2014099,F24,48,True,processed,G2026,G2026,500680131,2026-09-19,https://docquery.fec.gov/cgi-bin/forms/C00495028/2014099/,https://docquery.fec.gov/cgi-bin/fecimg/?202609199904439420
No Going Back PAC,C00960435,R,AK-SEN,"SULLIVAN, DAN",S4AK00214,REP,S,AK,00,S,30114.55,2026-09-16,2026-09-15,2026-09-15,dissemination,2026-09-14,CALIBER CONTACT,DIRECT MAIL: PRINTING AND POSTAGE,2012850,F24,48,True,processed,G2026,G2026,SE.1180948.1,2026-09-17,https://docquery.fec.gov/cgi-bin/forms/C00960435/2012850/,https://docquery.fec.gov/cgi-bin/fecimg/?202609179904301878
No Going Back PAC,C00960435,R,AK-SEN,"PELTOLA, MARY",S6AK00276,DEM,S,AK,00,O,2769.04,2026-09-16,2026-09-15,2026-09-15,dissemination,2026-09-14,CALIBER CONTACT,TEXT MESSAGES,2012850,F24,48,True,processed,G2026,G2026,SE.1180954,2026-09-17,https://docquery.fec.gov/cgi-bin/forms/C00960435/2012850/,https://docquery.fec.gov/cgi-bin/fecimg/?202609179904301877
No Going Back PAC,C00960435,R,AK-SEN,"PELTOLA, MARY",S6AK00276,DEM,S,AK,00,O,30114.55,2026-09-16,2026-09-15,2026-09-15,dissemination,2026-09-14,CALIBER CONTACT,DIRECT MAIL: PRINTING AND POSTAGE,2012850,F24,48,True,processed,G2026,G2026,SE.1180948.2,2026-09-17,https://docquery.fec.gov/cgi-bin/forms/C00960435/2012850/,https://docquery.fec.gov/cgi-bin/fecimg/?202609179904301877
No Going Back PAC,C00960435,R,CA-48,"VON WILPERT, MARNI",H6CA48310,DEM,H,CA,48,O,1091.12,2026-09-16,2026-09-15,2026-09-15,dissemination,2026-09-14,ELECTORAL COMMUNICATIONS GROUP LLC,TEXT MESSAGES,2012850,F24,48,True,processed,G2026,G2026,SE.1180672,2026-09-17,https://docquery.fec.gov/cgi-bin/forms/C00960435/2012850/,https://docquery.fec.gov/cgi-bin/fecimg/?202609179904301878
No Going Back PAC,C00960435,R,FL-09,"GREEN, DAN",H6FL09294,REP,H,FL,09,S,35269.58,2026-09-16,2026-09-15,2026-09-15,dissemination,2026-09-14,CALIBER CONTACT,DIRECT MAIL: PRINTING AND POSTAGE,2012850,F24,48,True,processed,G2026,G2026,SE.1180958.1,2026-09-17,https://docquery.fec.gov/cgi-bin/forms/C00960435/2012850/,https://docquery.fec.gov/cgi-bin/fecimg/?202609179904301879
No Going Back PAC,C00960435,R,FL-09,"SOTO, DARREN",H6FL09179,DEM,H,FL,09,O,35269.58,2026-09-16,2026-09-15,2026-09-15,dissemination,2026-09-14,CALIBER CONTACT,DIRECT MAIL: PRINTING AND POSTAGE,2012850,F24,48,True,processed,G2026,G2026,SE.1180958.2,2026-09-17,https://docquery.fec.gov/cgi-bin/forms/C00960435/2012850/,https://docquery.fec.gov/cgi-bin/fecimg/?202609179904301879
No Going Back PAC,C00960435,R,FL-22,"ASKAR, CASEY",H6FL22248,REP,H,FL,22,S,19308.39,2026-09-11,2026-09-15,2026-09-15,dissemination,2026-09-14,WHISTLESTOP STRATEGIES LLC,DIRECT MAIL: PRINTING AND POSTAGE,2012850,F24,48,True,processed,G2026,G2026,SE.1179415.1,2026-09-17,https://docquery.fec.gov/cgi-bin/forms/C00960435/2012850/,https://docquery.fec.gov/cgi-bin/fecimg/?202609179904301881
No Going Back PAC,C00960435,R,FL-22,"DANDIYA, PIA",H6FL21059,DEM,H,FL,22,O,19308.39,2026-09-11,2026-09-15,2026-09-15,dissemination,2026-09-14,WHISTLESTOP STRATEGIES LLC,DIRECT MAIL: PRINTING AND POSTAGE,2012850,F24,48,True,processed,G2026,G2026,SE.1179415.2,2026-09-17,https://docquery.fec.gov/cgi-bin/forms/C00960435/2012850/,https://docquery.fec.gov/cgi-bin/fecimg/?202609179904301880
No Going Back PAC,C00960435,R,FL-25,"SINGER, SCOTT M.",H6FL23188,REP,H,FL,25,S,20832.13,2026-09-11,2026-09-15,2026-09-15,dissemination,2026-09-14,WHISTLESTOP STRATEGIES LLC,DIRECT MAIL: PRINTING AND POSTAGE,2012850,F24,48,True,processed,G2026,G2026,SE.1179417.1,2026-09-17,https://docquery.fec.gov/cgi-bin/forms/C00960435/2012850/,https://docquery.fec.gov/cgi-bin/fecimg/?202609179904301882
No Going Back PAC,C00960435,R,FL-25,"MOSKOWITZ, JARED",H2FL22171,DEM,H,FL,25,O,20832.13,2026-09-11,2026-09-15,2026-09-15,dissemination,2026-09-14,WHISTLESTOP STRATEGIES LLC,DIRECT MAIL: PRINTING AND POSTAGE,2012850,F24,48,True,processed,G2026,G2026,SE.1179417.2,2026-09-17,https://docquery.fec.gov/cgi-bin/forms/C00960435/2012850/,https://docquery.fec.gov/cgi-bin/fecimg/?202609179904301880
No Going Back PAC,C00960435,R,GA-SEN,"COLLINS, MICHAEL A JR",S6GA00390,REP,S,GA,00,S,166843.87,2026-09-09,2026-09-15,2026-09-15,dissemination,2026-09-14,WHISTLESTOP STRATEGIES LLC,DIRECT MAIL: PRINTING AND POSTAGE,2012850,F24,48,True,processed,G2026,G2026,SE.1178464.2,2026-09-17,https://docquery.fec.gov/cgi-bin/forms/C00960435/2012850/,https://docquery.fec.gov/cgi-bin/fecimg/?202609179904301882
No Going Back PAC,C00960435,R,GA-SEN,"OSSOFF, T. JONATHAN",S8GA00180,DEM,S,GA,00,O,166843.87,2026-09-09,2026-09-15,2026-09-15,dissemination,2026-09-14,WHISTLESTOP STRATEGIES LLC,DIRECT MAIL: PRINTING AND POSTAGE,2012850,F24,48,True,processed,G2026,G2026,SE.1178464.1,2026-09-17,https://docquery.fec.gov/cgi-bin/forms/C00960435/2012850/,https://docquery.fec.gov/cgi-bin/fecimg/?202609179904301881
No Going Back PAC,C00960435,R,MI-04,"HUIZENGA, WILLIAM P",H0MI02094,REP,H,MI,04,S,36802.41,2026-09-10,2026-09-15,2026-09-15,dissemination,2026-09-14,STORYTELLERS GROUP LLC,DIRECT MAIL: PRINTING AND POSTAGE,2012850,F24,48,True,processed,G2026,G2026,SE.1179800.1,2026-09-17,https://docquery.fec.gov/cgi-bin/forms/C00960435/2012850/,https://docquery.fec.gov/cgi-bin/fecimg/?202609179904301884
No Going Back PAC,C00960435,R,MI-04,"MCCANN, SEAN",H6MI04204,DEM,H,MI,04,O,36802.42,2026-09-10,2026-09-15,2026-09-15,dissemination,2026-09-14,STORYTELLERS GROUP LLC,DIRECT MAIL: PRINTING AND POSTAGE,2012850,F24,48,True,processed,G2026,G2026,SE.1179800.2,2026-09-17,https://docquery.fec.gov/cgi-bin/forms/C00960435/2012850/,https://docquery.fec.gov/cgi-bin/fecimg/?202609179904301883
No Going Back PAC,C00960435,R,MI-10,"HINES, CHRISTINA",H6MI10276,DEM,H,MI,10,O,399.0,2026-09-14,2026-09-15,2026-09-15,dissemination,2026-09-14,"1892, LLC",TEXT MESSAGES,2012850,F24,48,True,processed,G2026,G2026,SE.1180232,2026-09-17,https://docquery.fec.gov/cgi-bin/forms/C00960435/2012850/,https://docquery.fec.gov/cgi-bin/fecimg/?202609179904301883
No Going Back PAC,C00960435,R,NC-SEN,"COOPER, ROY",S6NC00407,DEM,S,NC,00,O,23514.8,2026-09-16,2026-09-15,2026-09-15,dissemination,2026-09-14,CALIBER CONTACT,TEXT MESSAGES,2012850,F24,48,True,processed,G2026,G2026,SE.1180957,2026-09-17,https://docquery.fec.gov/cgi-bin/forms/C00960435/2012850/,https://docquery.fec.gov/cgi-bin/fecimg/?202609179904301885
No Going Back PAC,C00960435,R,NC-SEN,"WHATLEY, MICHAEL",S6NC00415,REP,S,NC,00,S,70194.46,2026-09-14,2026-09-15,2026-09-15,dissemination,2026-09-14,CALIBER CONTACT,DIRECT MAIL: PRINTING AND POSTAGE,2012850,F24,48,True,processed,G2026,G2026,SE.1179953.1,2026-09-17,https://docquery.fec.gov/cgi-bin/forms/C00960435/2012850/,https://docquery.fec.gov/cgi-bin/fecimg/?202609179904301885
No Going Back PAC,C00960435,R,NC-SEN,"COOPER, ROY",S6NC00407,DEM,S,NC,00,O,210583.4,2026-09-14,2026-09-15,2026-09-15,dissemination,2026-09-14,CALIBER CONTACT,DIRECT MAIL: PRINTING AND POSTAGE,2012850,F24,48,True,processed,G2026,G2026,SE.1179953.2,2026-09-17,https://docquery.fec.gov/cgi-bin/forms/C00960435/2012850/,https://docquery.fec.gov/cgi-bin/fecimg/?202609179904301884
No Going Back PAC,C00960435,R,NJ-09,"PINO, ROSEMARY",H6NJ09264,REP,H,NJ,09,S,18625.81,2026-09-14,2026-09-15,2026-09-15,dissemination,2026-09-14,WHISTLESTOP STRATEGIES LLC,DIRECT MAIL: PRINTING AND POSTAGE,2012850,F24,48,True,processed,G2026,G2026,SE.1180248.1,2026-09-17,https://docquery.fec.gov/cgi-bin/forms/C00960435/2012850/,https://docquery.fec.gov/cgi-bin/fecimg/?202609179904301886
No Going Back PAC,C00960435,R,NJ-09,"POU, NELIDA",H4NJ09194,DEM,H,NJ,09,O,18625.8,2026-09-14,2026-09-15,2026-09-15,dissemination,2026-09-14,WHISTLESTOP STRATEGIES LLC,DIRECT MAIL: PRINTING AND POSTAGE,2012850,F24,48,True,processed,G2026,G2026,SE.1180248.2,2026-09-17,https://docquery.fec.gov/cgi-bin/forms/C00960435/2012850/,https://docquery.fec.gov/cgi-bin/fecimg/?202609179904301886
No Going Back PAC,C00960435,R,NM-02,"CUNNINGHAM, GREG",H6NM02127,REP,H,NM,02,S,19476.66,2026-09-14,2026-09-15,2026-09-15,dissemination,2026-09-14,WHISTLESTOP STRATEGIES LLC,DIRECT MAIL: PRINTING AND POSTAGE,2012850,F24,48,True,processed,G2026,G2026,SE.1179871.1,2026-09-17,https://docquery.fec.gov/cgi-bin/forms/C00960435/2012850/,https://docquery.fec.gov/cgi-bin/fecimg/?202609179904301888
No Going Back PAC,C00960435,R,NM-02,"VASQUEZ, GABRIEL",H2NM02191,DEM,H,NM,02,O,19476.66,2026-09-14,2026-09-15,2026-09-15,dissemination,2026-09-14,WHISTLESTOP STRATEGIES LLC,DIRECT MAIL: PRINTING AND POSTAGE,2012850,F24,48,True,processed,G2026,G2026,SE.1179871.2,2026-09-17,https://docquery.fec.gov/cgi-bin/forms/C00960435/2012850/,https://docquery.fec.gov/cgi-bin/fecimg/?202609179904301887
No Going Back PAC,C00960435,R,NY-04,"DRISCOLL, JEANINE",H6NY04211,REP,H,NY,04,S,15236.63,2026-09-11,2026-09-15,2026-09-15,dissemination,2026-09-14,WHISTLESTOP STRATEGIES LLC,DIRECT MAIL: PRINTING AND POSTAGE,2012850,F24,48,True,processed,G2026,G2026,SE.1179411.1,2026-09-17,https://docquery.fec.gov/cgi-bin/forms/C00960435/2012850/,https://docquery.fec.gov/cgi-bin/fecimg/?202609179904301888
No Going Back PAC,C00960435,R,NY-04,"GILLEN, LAURA",H2NY04244,DEM,H,NY,04,O,15236.63,2026-09-11,2026-09-15,2026-09-15,dissemination,2026-09-14,WHISTLESTOP STRATEGIES LLC,DIRECT MAIL: PRINTING AND POSTAGE,2012850,F24,48,True,processed,G2026,G2026,SE.1179411.2,2026-09-17,https://docquery.fec.gov/cgi-bin/forms/C00960435/2012850/,https://docquery.fec.gov/cgi-bin/fecimg/?202609179904301887
No Going Back PAC,C00960435,R,TX-09,"MEALER, ALEXANDRA",H6TX09140,REP,H,TX,09,S,47007.09,2026-09-16,2026-09-15,2026-09-15,dissemination,2026-09-14,CALIBER CONTACT,DIRECT MAIL: PRINTING AND POSTAGE,2012850,F24,48,True,processed,G2026,G2026,SE.1180975.1,2026-09-17,https://docquery.fec.gov/cgi-bin/forms/C00960435/2012850/,https://docquery.fec.gov/cgi-bin/fecimg/?202609179904301890
No Going Back PAC,C00960435,R,TX-09,"GUTIERREZ, LETICIA",H6TX09231,DEM,H,TX,09,O,47007.09,2026-09-16,2026-09-15,2026-09-15,dissemination,2026-09-14,CALIBER CONTACT,DIRECT MAIL: PRINTING AND POSTAGE,2012850,F24,48,True,processed,G2026,G2026,SE.1180975.2,2026-09-17,https://docquery.fec.gov/cgi-bin/forms/C00960435/2012850/,https://docquery.fec.gov/cgi-bin/fecimg/?202609179904301889
No Going Back PAC,C00960435,R,TX-28,"TIJERINA, TANO",H6TX28124,REP,H,TX,28,S,12609.62,2026-09-14,2026-09-15,2026-09-15,dissemination,2026-09-14,WHISTLESTOP STRATEGIES LLC,DIRECT MAIL: PRINTING AND POSTAGE,2012850,F24,48,True,processed,G2026,G2026,SE.1180228.1,2026-09-17,https://docquery.fec.gov/cgi-bin/forms/C00960435/2012850/,https://docquery.fec.gov/cgi-bin/fecimg/?202609179904301891
No Going Back PAC,C00960435,R,TX-28,"CUELLAR, HENRY R.",H2TX23082,DEM,H,TX,28,O,12609.63,2026-09-14,2026-09-15,2026-09-15,dissemination,2026-09-14,WHISTLESTOP STRATEGIES LLC,DIRECT MAIL: PRINTING AND POSTAGE,2012850,F24,48,True,processed,G2026,G2026,SE.1180228.2,2026-09-17,https://docquery.fec.gov/cgi-bin/forms/C00960435/2012850/,https://docquery.fec.gov/cgi-bin/fecimg/?202609179904301889
No Going Back PAC,C00960435,R,VA-02,"KIGGANS, JENNIFER",H2VA02064,REP,H,VA,02,S,19778.89,2026-09-10,2026-09-15,2026-09-15,dissemination,2026-09-14,STORYTELLERS GROUP LLC,DIRECT MAIL: PRINTING AND POSTAGE,2012850,F24,48,True,processed,G2026,G2026,SE.1179636.1,2026-09-17,https://docquery.fec.gov/cgi-bin/forms/C00960435/2012850/,https://docquery.fec.gov/cgi-bin/fecimg/?202609179904301891
No Going Back PAC,C00960435,R,VA-02,"LURIA, ELAINE",H6VA02198,DEM,H,VA,02,O,19778.89,2026-09-10,2026-09-15,2026-09-15,dissemination,2026-09-14,STORYTELLERS GROUP LLC,DIRECT MAIL: PRINTING AND POSTAGE,2012850,F24,48,True,processed,G2026,G2026,SE.1179636.2,2026-09-17,https://docquery.fec.gov/cgi-bin/forms/C00960435/2012850/,https://docquery.fec.gov/cgi-bin/fecimg/?202609179904301890
No Going Back PAC,C00960435,R,WA-03,"BRAUN, JOHN",H6WA03275,REP,H,WA,03,S,42344.63,2026-09-10,2026-09-15,2026-09-15,dissemination,2026-09-14,STORYTELLERS GROUP LLC,DIRECT MAIL: PRINTING AND POSTAGE,2012850,F24,48,True,processed,G2026,G2026,SE.1179864.1,2026-09-17,https://docquery.fec.gov/cgi-bin/forms/C00960435/2012850/,https://docquery.fec.gov/cgi-bin/fecimg/?202609179904301893
No Going Back PAC,C00960435,R,WA-03,"GLUESENKAMP PEREZ, MARIE",H2WA03217,DEM,H,WA,03,O,42344.62,2026-09-10,2026-09-15,2026-09-15,dissemination,2026-09-14,STORYTELLERS GROUP LLC,DIRECT MAIL: PRINTING AND POSTAGE,2012850,F24,48,True,processed,G2026,G2026,SE.1179864.2,2026-09-17,https://docquery.fec.gov/cgi-bin/forms/C00960435/2012850/,https://docquery.fec.gov/cgi-bin/fecimg/?202609179904301892
No Going Back PAC,C00960435,R,WI-03,"COOKE, REBECCA",H4WI03169,DEM,H,WI,03,O,2323.0,2026-09-16,2026-09-15,2026-09-15,dissemination,2026-09-14,"1892, LLC",TEXT MESSAGES,2012850,F24,48,True,processed,G2026,G2026,SE.1181177,2026-09-17,https://docquery.fec.gov/cgi-bin/forms/C00960435/2012850/,https://docquery.fec.gov/cgi-bin/fecimg/?202609179904301894
No Going Back PAC,C00960435,R,WI-03,"VAN ORDEN, DERRICK F.",H0WI03175,REP,H,WI,03,S,10339.05,2026-09-10,2026-09-15,2026-09-15,dissemination,2026-09-14,STORYTELLERS GROUP LLC,DIRECT MAIL: PRINTING AND POSTAGE,2012850,F24,48,True,processed,G2026,G2026,SE.1179299.1,2026-09-17,https://docquery.fec.gov/cgi-bin/forms/C00960435/2012850/,https://docquery.fec.gov/cgi-bin/fecimg/?202609179904301893
No Going Back PAC,C00960435,R,WI-03,"COOKE, REBECCA",H4WI03169,DEM,H,WI,03,O,10339.04,2026-09-10,2026-09-15,2026-09-15,dissemination,2026-09-14,STORYTELLERS GROUP LLC,DIRECT MAIL: PRINTING AND POSTAGE,2012850,F24,48,True,processed,G2026,G2026,SE.1179299.2,2026-09-17,https://docquery.fec.gov/cgi-bin/forms/C00960435/2012850/,https://docquery.fec.gov/cgi-bin/fecimg/?202609179904301892
SLF,C00571703,R,GA-SEN,"OSSOFF, T. JONATHAN",S8GA00180,DEM,S,GA,00,O,17500.0,2026-09-15,2026-09-15,2026-09-15,dissemination,2026-09-14,FP1 STRATEGIES LLC,MEDIA PRODUCTION,2012840,F24,48,True,processed,G2026,G2026,SE.2,2026-09-17,https://docquery.fec.gov/cgi-bin/forms/C00571703/2012840/,https://docquery.fec.gov/cgi-bin/fecimg/?202609179904301537
SLF,C00571703,R,GA-SEN,"OSSOFF, T. JONATHAN",S8GA00180,DEM,S,GA,00,O,2094568.44,2026-09-14,2026-09-15,2026-09-15,dissemination,2026-09-14,MHB MEDIA INC,MEDIA PLACEMENT,2012840,F24,48,True,processed,G2026,G2026,SE.1,2026-09-17,https://docquery.fec.gov/cgi-bin/forms/C00571703/2012840/,https://docquery.fec.gov/cgi-bin/fecimg/?202609179904301537
SLF,C00571703,R,ME-SEN,"JACKSON, TROY DALE",S6ME00464,DEM,S,ME,00,O,117278.06,2026-09-15,2026-09-15,2026-09-15,dissemination,2026-09-14,CREATIVE DIRECT,POSTAGE / PRINTING / PRODUCTION,2012840,F24,48,True,processed,G2026,G2026,SE.3,2026-09-17,https://docquery.fec.gov/cgi-bin/forms/C00571703/2012840/,https://docquery.fec.gov/cgi-bin/fecimg/?202609179904301538
SLF,C00571703,R,MI-SEN,"EL-SAYED, ABDUL",S6MI00418,DEM,S,MI,00,O,2073400.96,2026-09-14,2026-09-15,2026-09-15,dissemination,2026-09-14,MHB MEDIA INC,MEDIA PLACEMENT,2012840,F24,48,True,processed,G2026,G2026,SE.4,2026-09-17,https://docquery.fec.gov/cgi-bin/forms/C00571703/2012840/,https://docquery.fec.gov/cgi-bin/fecimg/?202609179904301538
SLF,C00571703,R,NC-SEN,"COOPER, ROY",S6NC00407,DEM,S,NC,00,O,17500.0,2026-09-15,2026-09-15,2026-09-15,dissemination,2026-09-14,PRIME MEDIA PARTNERS LLC,MEDIA PRODUCTION,2012840,F24,48,True,processed,G2026,G2026,SE.5,2026-09-17,https://docquery.fec.gov/cgi-bin/forms/C00571703/2012840/,https://docquery.fec.gov/cgi-bin/fecimg/?202609179904301539
Texas PAC,C00960211,R,TX-SEN,"TALARICO, JAMES",S6TX00479,DEM,S,TX,00,O,373961.07,2026-09-11,2026-09-15,2026-09-15,dissemination,2026-09-14,GOLDFINCH PARTNERS LLC,PRINTING/POSTAGE,2012756,F24,48,True,processed,G2026,G2026,SE24.12,2026-09-17,https://docquery.fec.gov/cgi-bin/forms/C00960211/2012756/,https://docquery.fec.gov/cgi-bin/fecimg/?202609179904297235
Texas PAC,C00960211,R,TX-SEN,"PAXTON, WARREN KENNETH JR.",S6TX00388,REP,S,TX,00,S,373961.08,2026-09-11,2026-09-15,2026-09-15,dissemination,2026-09-14,GOLDFINCH PARTNERS LLC,PRINTING/POSTAGE,2012756,F24,48,True,processed,G2026,G2026,SE24.11,2026-09-17,https://docquery.fec.gov/cgi-bin/forms/C00960211/2012756/,https://docquery.fec.gov/cgi-bin/fecimg/?202609179904297235
WinSenate,C00865444,D,AK-SEN,"SULLIVAN, DAN",S4AK00214,REP,S,AK,00,O,481546.84,2026-09-15,2026-09-15,2026-09-15,dissemination,2026-09-14,WATERFRONT STRATEGIES,MEDIA BUY - ESTIMATE,2012776,F24,48,True,processed,G2026,G2026,500196652,2026-09-17,https://docquery.fec.gov/cgi-bin/forms/C00865444/2012776/,https://docquery.fec.gov/cgi-bin/fecimg/?202609179904297809
WinSenate,C00865444,D,IA-SEN,"ARENHOLZ, ASHLEY HINSON",S6IA00314,REP,S,IA,00,O,1523660.5,2026-09-15,2026-09-15,2026-09-15,dissemination,2026-09-14,WATERFRONT STRATEGIES,MEDIA BUY - ESTIMATE,2012776,F24,48,True,processed,G2026,G2026,500196651,2026-09-17,https://docquery.fec.gov/cgi-bin/forms/C00865444/2012776/,https://docquery.fec.gov/cgi-bin/fecimg/?202609179904297808
WinSenate,C00865444,D,IA-SEN,"ARENHOLZ, ASHLEY HINSON",S6IA00314,REP,S,IA,00,O,1000.0,2026-09-15,2026-09-15,2026-09-15,dissemination,2026-09-14,TRILOGY INTERACTIVE LLC,MEDIA PRODUCTION - ESTIMATE,2012776,F24,48,True,processed,G2026,G2026,500196704,2026-09-17,https://docquery.fec.gov/cgi-bin/forms/C00865444/2012776/,https://docquery.fec.gov/cgi-bin/fecimg/?202609179904297806
WinSenate,C00865444,D,IA-SEN,"ARENHOLZ, ASHLEY HINSON",S6IA00314,REP,S,IA,00,O,300000.0,2026-09-15,2026-09-15,2026-09-15,dissemination,2026-09-14,TRILOGY INTERACTIVE LLC,DIGITAL MEDIA BUY - ESTIMATE,2012776,F24,48,True,processed,G2026,G2026,500196691,2026-09-17,https://docquery.fec.gov/cgi-bin/forms/C00865444/2012776/,https://docquery.fec.gov/cgi-bin/fecimg/?202609179904297805
WinSenate,C00865444,D,IA-SEN,"ARENHOLZ, ASHLEY HINSON",S6IA00314,REP,S,IA,00,O,1600.0,2026-09-15,2026-09-15,2026-09-15,dissemination,2026-09-14,ACTIVATE HQ,ONLINE CONTENT - ESTIMATE,2012776,F24,48,True,processed,G2026,G2026,500196690,2026-09-17,https://docquery.fec.gov/cgi-bin/forms/C00865444/2012776/,https://docquery.fec.gov/cgi-bin/fecimg/?202609179904297799
WinSenate,C00865444,D,ME-SEN,"COLLINS, SUSAN",S6ME00159,REP,S,ME,00,O,2054566.77,2026-09-15,2026-09-15,2026-09-15,dissemination,2026-09-14,WATERFRONT STRATEGIES,MEDIA BUY - ESTIMATE,2012776,F24,48,True,processed,G2026,G2026,500196650,2026-09-17,https://docquery.fec.gov/cgi-bin/forms/C00865444/2012776/,https://docquery.fec.gov/cgi-bin/fecimg/?202609179904297808
WinSenate,C00865444,D,ME-SEN,"COLLINS, SUSAN",S6ME00159,REP,S,ME,00,O,19674.86,2026-09-15,2026-09-15,2026-09-15,dissemination,2026-09-14,"MVAR MEDIA, LLC",MEDIA PRODUCTION - ESTIMATE,2012776,F24,48,True,processed,G2026,G2026,500196657,2026-09-17,https://docquery.fec.gov/cgi-bin/forms/C00865444/2012776/,https://docquery.fec.gov/cgi-bin/fecimg/?202609179904297805
WinSenate,C00865444,D,ME-SEN,"JACKSON, TROY DALE",S6ME00464,DEM,S,ME,00,S,817500.0,2026-09-15,2026-09-15,2026-09-15,dissemination,2026-09-14,"MVAR MEDIA, LLC",DIGITAL MEDIA BUY - ESTIMATE,2012776,F24,48,True,processed,G2026,G2026,500196656,2026-09-17,https://docquery.fec.gov/cgi-bin/forms/C00865444/2012776/,https://docquery.fec.gov/cgi-bin/fecimg/?202609179904297804
WinSenate,C00865444,D,ME-SEN,"COLLINS, SUSAN",S6ME00159,REP,S,ME,00,O,3088.18,2026-09-15,2026-09-15,2026-09-15,dissemination,2026-09-14,"MVAR MEDIA, LLC",DIGITAL MEDIA BUY - ESTIMATE,2012776,F24,48,True,processed,G2026,G2026,500196655,2026-09-17,https://docquery.fec.gov/cgi-bin/forms/C00865444/2012776/,https://docquery.fec.gov/cgi-bin/fecimg/?202609179904297804
WinSenate,C00865444,D,MI-SEN,"EL-SAYED, ABDUL",S6MI00418,DEM,S,MI,00,S,17350.0,2026-09-15,2026-09-15,2026-09-15,dissemination,2026-09-14,AL MEDIA LLC,MEDIA PRODUCTION - ESTIMATE,2012776,F24,48,True,processed,G2026,G2026,500196689,2026-09-17,https://docquery.fec.gov/cgi-bin/forms/C00865444/2012776/,https://docquery.fec.gov/cgi-bin/fecimg/?202609179904297801
WinSenate,C00865444,D,MI-SEN,"EL-SAYED, ABDUL",S6MI00418,DEM,S,MI,00,S,197619.0,2026-09-15,2026-09-15,2026-09-15,dissemination,2026-09-14,AL MEDIA LLC,DIGITAL MEDIA BUY - ESTIMATE,2012776,F24,48,True,processed,G2026,G2026,500196686,2026-09-17,https://docquery.fec.gov/cgi-bin/forms/C00865444/2012776/,https://docquery.fec.gov/cgi-bin/fecimg/?202609179904297800
WinSenate,C00865444,D,MI-SEN,"ROGERS, MICHAEL",S4MI00595,REP,S,MI,00,O,797682.0,2026-09-15,2026-09-15,2026-09-15,dissemination,2026-09-14,AL MEDIA LLC,DIGITAL MEDIA BUY - ESTIMATE,2012776,F24,48,True,processed,G2026,G2026,500196685,2026-09-17,https://docquery.fec.gov/cgi-bin/forms/C00865444/2012776/,https://docquery.fec.gov/cgi-bin/fecimg/?202609179904297799
WinSenate,C00865444,D,NC-SEN,"WHATLEY, MICHAEL",S6NC00415,REP,S,NC,00,O,28984.0,2026-09-15,2026-09-15,2026-09-15,dissemination,2026-09-14,WATERFRONT STRATEGIES,MEDIA PRODUCTION - ESTIMATE,2012776,F24,48,True,processed,G2026,G2026,500196653,2026-09-17,https://docquery.fec.gov/cgi-bin/forms/C00865444/2012776/,https://docquery.fec.gov/cgi-bin/fecimg/?202609179904297809
WinSenate,C00865444,D,NC-SEN,"WHATLEY, MICHAEL",S6NC00415,REP,S,NC,00,O,2289158.9,2026-09-15,2026-09-15,2026-09-15,dissemination,2026-09-14,WATERFRONT STRATEGIES,MEDIA BUY - ESTIMATE,2012776,F24,48,True,processed,G2026,G2026,500196647,2026-09-17,https://docquery.fec.gov/cgi-bin/forms/C00865444/2012776/,https://docquery.fec.gov/cgi-bin/fecimg/?202609179904297806
WinSenate,C00865444,D,NC-SEN,"WHATLEY, MICHAEL",S6NC00415,REP,S,NC,00,O,500000.0,2026-09-15,2026-09-15,2026-09-15,dissemination,2026-09-14,C PLUS K LLC,DIGITAL MEDIA BUY - ESTIMATE,2012776,F24,48,True,processed,G2026,G2026,500196694,2026-09-17,https://docquery.fec.gov/cgi-bin/forms/C00865444/2012776/,https://docquery.fec.gov/cgi-bin/fecimg/?202609179904297803
WinSenate,C00865444,D,NC-SEN,"WHATLEY, MICHAEL",S6NC00415,REP,S,NC,00,O,3281.0,2026-09-15,2026-09-15,2026-09-15,dissemination,2026-09-14,C PLUS K LLC,MEDIA PRODUCTION - ESTIMATE,2012776,F24,48,True,processed,G2026,G2026,500196692,2026-09-17,https://docquery.fec.gov/cgi-bin/forms/C00865444/2012776/,https://docquery.fec.gov/cgi-bin/fecimg/?202609179904297802
WinSenate,C00865444,D,NH-SEN,"SUNUNU, JOHN E.",S6NH00208,REP,S,NH,00,O,1014367.76,2026-09-15,2026-09-15,2026-09-15,dissemination,2026-09-14,WATERFRONT STRATEGIES,MEDIA BUY - ESTIMATE,2012776,F24,48,True,processed,G2026,G2026,500196648,2026-09-17,https://docquery.fec.gov/cgi-bin/forms/C00865444/2012776/,https://docquery.fec.gov/cgi-bin/fecimg/?202609179904297807
WinSenate,C00865444,D,NH-SEN,"SUNUNU, JOHN E.",S6NH00208,REP,S,NH,00,O,23944.0,2026-09-15,2026-09-15,2026-09-15,dissemination,2026-09-14,DIXON/DAVIS MEDIA GROUP LLC,MEDIA PRODUCTION - ESTIMATE,2012776,F24,48,True,processed,G2026,G2026,500196695,2026-09-17,https://docquery.fec.gov/cgi-bin/forms/C00865444/2012776/,https://docquery.fec.gov/cgi-bin/fecimg/?202609179904297803
WinSenate,C00865444,D,NH-SEN,"SUNUNU, JOHN E.",S6NH00208,REP,S,NH,00,O,300000.0,2026-09-15,2026-09-15,2026-09-15,dissemination,2026-09-14,AL MEDIA LLC,DIGITAL MEDIA BUY - ESTIMATE,2012776,F24,48,True,processed,G2026,G2026,500196688,2026-09-17,https://docquery.fec.gov/cgi-bin/forms/C00865444/2012776/,https://docquery.fec.gov/cgi-bin/fecimg/?202609179904297801
WinSenate,C00865444,D,NH-SEN,"SUNUNU, JOHN E.",S6NH00208,REP,S,NH,00,O,287863.0,2026-09-15,2026-09-15,2026-09-15,dissemination,2026-09-14,AL MEDIA LLC,DIGITAL MEDIA BUY - ESTIMATE,2012776,F24,48,True,processed,G2026,G2026,500196687,2026-09-17,https://docquery.fec.gov/cgi-bin/forms/C00865444/2012776/,https://docquery.fec.gov/cgi-bin/fecimg/?202609179904297800
WinSenate,C00865444,D,OH-SEN,"HUSTED, JON",S6OH00304,REP,S,OH,00,O,3452233.36,2026-09-15,2026-09-15,2026-09-15,dissemination,2026-09-14,WATERFRONT STRATEGIES,MEDIA BUY - ESTIMATE,2012776,F24,48,True,processed,G2026,G2026,500196649,2026-09-17,https://docquery.fec.gov/cgi-bin/forms/C00865444/2012776/,https://docquery.fec.gov/cgi-bin/fecimg/?202609179904297807
WinSenate,C00865444,D,OH-SEN,"HUSTED, JON",S6OH00304,REP,S,OH,00,O,100000.0,2026-09-15,2026-09-15,2026-09-15,dissemination,2026-09-14,C PLUS K LLC,DIGITAL MEDIA BUY - ESTIMATE,2012776,F24,48,True,processed,G2026,G2026,500196693,2026-09-17,https://docquery.fec.gov/cgi-bin/forms/C00865444/2012776/,https://docquery.fec.gov/cgi-bin/fecimg/?202609179904297802
CLF,C00504530,R,AZ-01,"SHAH, DR. AMISH",,,H,AZ,01,O,13000.0,2026-09-15,2026-09-16,2026-09-16,dissemination,2026-09-14,PATCHWORK CREATIVE,MEDIA PRODUCTION,2013953,F24,48,True,processed,G2026,G2026,SE24.4783,2026-09-18,https://docquery.fec.gov/cgi-bin/forms/C00504530/2013953/,https://docquery.fec.gov/cgi-bin/fecimg/?202609189904424412
CLF,C00504530,R,AZ-01,"SHAH, DR. AMISH",,,H,AZ,01,O,820016.12,2026-09-14,2026-09-16,2026-09-16,dissemination,2026-09-14,FLEXPOINT MEDIA,MEDIA PLACEMENT,2013953,F24,48,True,processed,G2026,G2026,SE24.3784,2026-09-18,https://docquery.fec.gov/cgi-bin/forms/C00504530/2013953/,https://docquery.fec.gov/cgi-bin/fecimg/?202609189904424411
CLF,C00504530,R,AZ-01,"SHAH, DR. AMISH",,,H,AZ,01,O,200000.0,2026-09-11,2026-09-16,2026-09-16,dissemination,2026-09-14,FLEXPOINT MEDIA,DIGITAL PLACEMENT,2013953,F24,48,True,processed,G2026,G2026,SE24.3764,2026-09-18,https://docquery.fec.gov/cgi-bin/forms/C00504530/2013953/,https://docquery.fec.gov/cgi-bin/fecimg/?202609189904424411
CLF,C00504530,R,AZ-06,"MENDOZA, JOANNA",,,H,AZ,06,O,284670.59,2026-09-15,2026-09-16,2026-09-16,dissemination,2026-09-14,FLEXPOINT MEDIA,MEDIA PLACEMENT,2013953,F24,48,True,processed,G2026,G2026,SE24.4782,2026-09-18,https://docquery.fec.gov/cgi-bin/forms/C00504530/2013953/,https://docquery.fec.gov/cgi-bin/fecimg/?202609189904424413
CLF,C00504530,R,AZ-06,"MENDOZA, JOANNA",,,H,AZ,06,O,160000.0,2026-09-11,2026-09-16,2026-09-16,dissemination,2026-09-14,FLEXPOINT MEDIA,DIGITAL PLACEMENT,2013953,F24,48,True,processed,G2026,G2026,SE24.3762,2026-09-18,https://docquery.fec.gov/cgi-bin/forms/C00504530/2013953/,https://docquery.fec.gov/cgi-bin/fecimg/?202609189904424412
CLF,C00504530,R,CA-13,"GRAY, ADAM C.",,,H,CA,13,O,13000.0,2026-09-16,2026-09-16,2026-09-16,dissemination,2026-09-14,THE HEREFORD AGENCY,MEDIA PRODUCTION,2013953,F24,48,True,processed,G2026,G2026,SE24.4787,2026-09-18,https://docquery.fec.gov/cgi-bin/forms/C00504530/2013953/,https://docquery.fec.gov/cgi-bin/fecimg/?202609189904424414
CLF,C00504530,R,CA-13,"GRAY, ADAM C.",,,H,CA,13,O,150000.0,2026-09-11,2026-09-16,2026-09-16,dissemination,2026-09-14,STARBOARD ADVERTISING,DIGITAL PLACEMENT,2013953,F24,48,True,processed,G2026,G2026,SE24.3767,2026-09-18,https://docquery.fec.gov/cgi-bin/forms/C00504530/2013953/,https://docquery.fec.gov/cgi-bin/fecimg/?202609189904424414
CLF,C00504530,R,CA-13,"GRAY, ADAM C.",,,H,CA,13,O,466846.2,2026-09-11,2026-09-16,2026-09-16,dissemination,2026-09-14,DEL RAY MEDIA LLC,MEDIA PLACEMENT,2013953,F24,48,True,processed,G2026,G2026,SE24.3771,2026-09-18,https://docquery.fec.gov/cgi-bin/forms/C00504530/2013953/,https://docquery.fec.gov/cgi-bin/fecimg/?202609189904424413
CLF,C00504530,R,CA-22,"VILLEGAS, RANDY",,,H,CA,22,O,160000.0,2026-09-11,2026-09-16,2026-09-16,dissemination,2026-09-14,STARBOARD ADVERTISING,DIGITAL PLACEMENT,2013953,F24,48,True,processed,G2026,G2026,SE24.3766,2026-09-18,https://docquery.fec.gov/cgi-bin/forms/C00504530/2013953/,https://docquery.fec.gov/cgi-bin/fecimg/?202609189904424415
CLF,C00504530,R,CA-22,"VILLEGAS, RANDY",,,H,CA,22,O,611843.27,2026-09-11,2026-09-16,2026-09-16,dissemination,2026-09-14,DEL RAY MEDIA LLC,MEDIA PLACEMENT,2013953,F24,48,True,processed,G2026,G2026,SE24.3772,2026-09-18,https://docquery.fec.gov/cgi-bin/forms/C00504530/2013953/,https://docquery.fec.gov/cgi-bin/fecimg/?202609189904424415
CLF,C00504530,R,CO-08,"RUTINEL, MANNY",,,H,CO,08,O,488952.67,2026-09-14,2026-09-16,2026-09-16,dissemination,2026-09-14,FLEXPOINT MEDIA,MEDIA PLACEMENT,2013953,F24,48,True,processed,G2026,G2026,SE24.3785,2026-09-18,https://docquery.fec.gov/cgi-bin/forms/C00504530/2013953/,https://docquery.fec.gov/cgi-bin/fecimg/?202609189904424416
CLF,C00504530,R,CO-08,"RUTINEL, MANNY",,,H,CO,08,O,250000.0,2026-09-11,2026-09-16,2026-09-16,dissemination,2026-09-14,FLEXPOINT MEDIA,DIGITAL PLACEMENT,2013953,F24,48,True,processed,G2026,G2026,SE24.3759,2026-09-18,https://docquery.fec.gov/cgi-bin/forms/C00504530/2013953/,https://docquery.fec.gov/cgi-bin/fecimg/?202609189904424416
CLF,C00504530,R,IA-01,"BOHANNAN, CHRISTINA",,,H,IA,01,O,559871.1,2026-09-11,2026-09-16,2026-09-16,dissemination,2026-09-14,DEL RAY MEDIA LLC,MEDIA PLACEMENT,2013953,F24,48,True,processed,G2026,G2026,SE24.3773,2026-09-18,https://docquery.fec.gov/cgi-bin/forms/C00504530/2013953/,https://docquery.fec.gov/cgi-bin/fecimg/?202609189904424417
CLF,C00504530,R,IA-01,"BOHANNAN, CHRISTINA",,,H,IA,01,O,200035.0,2026-09-11,2026-09-16,2026-09-16,dissemination,2026-09-14,DEL RAY MEDIA LLC,DIGITAL PLACEMENT,2013953,F24,48,True,processed,G2026,G2026,SE24.3770,2026-09-18,https://docquery.fec.gov/cgi-bin/forms/C00504530/2013953/,https://docquery.fec.gov/cgi-bin/fecimg/?202609189904424417
CLF,C00504530,R,IA-03,"TRONE GARRIOTT, SARAH",,,H,IA,03,O,252317.9,2026-09-11,2026-09-16,2026-09-16,dissemination,2026-09-14,DEL RAY MEDIA LLC,MEDIA PLACEMENT,2013953,F24,48,True,processed,G2026,G2026,SE24.3774,2026-09-18,https://docquery.fec.gov/cgi-bin/forms/C00504530/2013953/,https://docquery.fec.gov/cgi-bin/fecimg/?202609189904424418
CLF,C00504530,R,IA-03,"TRONE GARRIOTT, SARAH",,,H,IA,03,O,175035.0,2026-09-11,2026-09-16,2026-09-16,dissemination,2026-09-14,DEL RAY MEDIA LLC,DIGITAL PLACEMENT,2013953,F24,48,True,processed,G2026,G2026,SE24.3768,2026-09-18,https://docquery.fec.gov/cgi-bin/forms/C00504530/2013953/,https://docquery.fec.gov/cgi-bin/fecimg/?202609189904424418
CLF,C00504530,R,ME-02,"DUNLAP, MATT",,,H,ME,02,O,13000.0,2026-09-16,2026-09-16,2026-09-16,dissemination,2026-09-14,THE HEREFORD AGENCY,MEDIA PRODUCTION,2013953,F24,48,True,processed,G2026,G2026,SE24.4789,2026-09-18,https://docquery.fec.gov/cgi-bin/forms/C00504530/2013953/,https://docquery.fec.gov/cgi-bin/fecimg/?202609189904424420
CLF,C00504530,R,ME-02,"DUNLAP, MATT",,,H,ME,02,O,585757.98,2026-09-14,2026-09-16,2026-09-16,dissemination,2026-09-14,FLEXPOINT MEDIA,MEDIA PLACEMENT,2013953,F24,48,True,processed,G2026,G2026,SE24.3786,2026-09-18,https://docquery.fec.gov/cgi-bin/forms/C00504530/2013953/,https://docquery.fec.gov/cgi-bin/fecimg/?202609189904424419
CLF,C00504530,R,ME-02,"DUNLAP, MATT",,,H,ME,02,O,75000.0,2026-09-11,2026-09-16,2026-09-16,dissemination,2026-09-14,FLEXPOINT MEDIA,DIGITAL PLACEMENT,2013953,F24,48,True,processed,G2026,G2026,SE24.3754,2026-09-18,https://docquery.fec.gov/cgi-bin/forms/C00504530/2013953/,https://docquery.fec.gov/cgi-bin/fecimg/?202609189904424419
CLF,C00504530,R,MI-07,"LAWRENCE, WILLIAM",,,H,MI,07,O,457464.37,2026-09-11,2026-09-16,2026-09-16,dissemination,2026-09-14,DEL RAY MEDIA LLC,MEDIA PLACEMENT,2013953,F24,48,True,processed,G2026,G2026,SE24.3776,2026-09-18,https://docquery.fec.gov/cgi-bin/forms/C00504530/2013953/,https://docquery.fec.gov/cgi-bin/fecimg/?202609189904424421
CLF,C00504530,R,MI-07,"LAWRENCE, WILLIAM",,,H,MI,07,O,225035.0,2026-09-11,2026-09-16,2026-09-16,dissemination,2026-09-14,DEL RAY MEDIA LLC,DIGITAL PLACEMENT,2013953,F24,48,True,processed,G2026,G2026,SE24.3769,2026-09-18,https://docquery.fec.gov/cgi-bin/forms/C00504530/2013953/,https://docquery.fec.gov/cgi-bin/fecimg/?202609189904424420
CLF,C00504530,R,MI-08,"MCDONALD RIVET, KRISTEN",,,H,MI,08,O,100000.0,2026-09-14,2026-09-16,2026-09-16,dissemination,2026-09-14,RIGHT TARGET MEDIA,DIGITAL PLACEMENT,2013953,F24,48,True,processed,G2026,G2026,SE24.3781,2026-09-18,https://docquery.fec.gov/cgi-bin/forms/C00504530/2013953/,https://docquery.fec.gov/cgi-bin/fecimg/?202609189904424422
CLF,C00504530,R,MI-08,"MCDONALD RIVET, KRISTEN",,,H,MI,08,O,254694.26,2026-09-11,2026-09-16,2026-09-16,dissemination,2026-09-14,DEL RAY MEDIA LLC,MEDIA PLACEMENT,2013953,F24,48,True,processed,G2026,G2026,SE24.3777,2026-09-18,https://docquery.fec.gov/cgi-bin/forms/C00504530/2013953/,https://docquery.fec.gov/cgi-bin/fecimg/?202609189904424421
CLF,C00504530,R,NC-01,"DAVIS, DON",,,H,NC,01,O,13000.0,2026-09-16,2026-09-16,2026-09-16,dissemination,2026-09-14,THE HEREFORD AGENCY,MEDIA PRODUCTION,2013953,F24,48,True,processed,G2026,G2026,SE24.4790,2026-09-18,https://docquery.fec.gov/cgi-bin/forms/C00504530/2013953/,https://docquery.fec.gov/cgi-bin/fecimg/?202609189904424423
CLF,C00504530,R,NC-01,"DAVIS, DON",,,H,NC,01,O,895007.66,2026-09-14,2026-09-16,2026-09-16,dissemination,2026-09-14,FLEXPOINT MEDIA,MEDIA PLACEMENT,2013953,F24,48,True,processed,G2026,G2026,SE24.3787,2026-09-18,https://docquery.fec.gov/cgi-bin/forms/C00504530/2013953/,https://docquery.fec.gov/cgi-bin/fecimg/?202609189904424423
CLF,C00504530,R,NC-01,"DAVIS, DON",,,H,NC,01,O,225000.0,2026-09-11,2026-09-16,2026-09-16,dissemination,2026-09-14,FLEXPOINT MEDIA,DIGITAL PLACEMENT,2013953,F24,48,True,processed,G2026,G2026,SE24.3757,2026-09-18,https://docquery.fec.gov/cgi-bin/forms/C00504530/2013953/,https://docquery.fec.gov/cgi-bin/fecimg/?202609189904424422
CLF,C00504530,R,NE-02,"POWELL, DENISE",,,H,NE,02,O,175000.0,2026-09-14,2026-09-16,2026-09-16,dissemination,2026-09-14,RIGHT TARGET MEDIA,DIGITAL PLACEMENT,2013953,F24,48,True,processed,G2026,G2026,SE24.3782,2026-09-18,https://docquery.fec.gov/cgi-bin/forms/C00504530/2013953/,https://docquery.fec.gov/cgi-bin/fecimg/?202609189904424424
CLF,C00504530,R,NE-02,"POWELL, DENISE",,,H,NE,02,O,256576.16,2026-09-11,2026-09-16,2026-09-16,dissemination,2026-09-14,DEL RAY MEDIA LLC,MEDIA PLACEMENT,2013953,F24,48,True,processed,G2026,G2026,SE24.3778,2026-09-18,https://docquery.fec.gov/cgi-bin/forms/C00504530/2013953/,https://docquery.fec.gov/cgi-bin/fecimg/?202609189904424424
CLF,C00504530,R,NM-02,"VASQUEZ, GABRIEL",,,H,NM,02,O,13000.0,2026-09-16,2026-09-16,2026-09-16,dissemination,2026-09-14,ONMESSAGE INC.,MEDIA PRODUCTION,2013953,F24,48,True,processed,G2026,G2026,SE24.4785,2026-09-18,https://docquery.fec.gov/cgi-bin/forms/C00504530/2013953/,https://docquery.fec.gov/cgi-bin/fecimg/?202609189904424427
CLF,C00504530,R,NM-02,"VASQUEZ, GABRIEL",,,H,NM,02,O,20871.25,2026-09-15,2026-09-16,2026-09-16,dissemination,2026-09-14,DEL RAY MEDIA LLC,MEDIA PLACEMENT,2013953,F24,48,True,processed,G2026,G2026,SE24.4784,2026-09-18,https://docquery.fec.gov/cgi-bin/forms/C00504530/2013953/,https://docquery.fec.gov/cgi-bin/fecimg/?202609189904424426
CLF,C00504530,R,NM-02,"VASQUEZ, GABRIEL",,,H,NM,02,O,175000.0,2026-09-15,2026-09-16,2026-09-16,dissemination,2026-09-14,ALAMO INTELLIGENCE LLC,DIGITAL PLACEMENT,2013953,F24,48,True,processed,G2026,G2026,SE24.4780,2026-09-18,https://docquery.fec.gov/cgi-bin/forms/C00504530/2013953/,https://docquery.fec.gov/cgi-bin/fecimg/?202609189904424426
CLF,C00504530,R,NM-02,"VASQUEZ, GABRIEL",,,H,NM,02,O,13000.0,2026-09-11,2026-09-16,2026-09-16,dissemination,2026-09-14,ONMESSAGE INC.,MEDIA PRODUCTION,2013953,F24,48,True,processed,G2026,G2026,SE24.3779,2026-09-18,https://docquery.fec.gov/cgi-bin/forms/C00504530/2013953/,https://docquery.fec.gov/cgi-bin/fecimg/?202609189904424425
CLF,C00504530,R,NM-02,"VASQUEZ, GABRIEL",,,H,NM,02,O,297253.06,2026-09-11,2026-09-16,2026-09-16,dissemination,2026-09-14,DEL RAY MEDIA LLC,MEDIA PLACEMENT,2013953,F24,48,True,processed,G2026,G2026,SE24.3780,2026-09-18,https://docquery.fec.gov/cgi-bin/forms/C00504530/2013953/,https://docquery.fec.gov/cgi-bin/fecimg/?202609189904424425
CLF,C00504530,R,NY-17,"CONLEY, CAIT",,,H,NY,17,O,225000.0,2026-09-11,2026-09-16,2026-09-16,dissemination,2026-09-14,FLEXPOINT MEDIA,DIGITAL PLACEMENT,2013953,F24,48,True,processed,G2026,G2026,SE24.3755,2026-09-18,https://docquery.fec.gov/cgi-bin/forms/C00504530/2013953/,https://docquery.fec.gov/cgi-bin/fecimg/?202609189904424427
CLF,C00504530,R,OH-09,"KAPTUR, HON. M.C. MARCY",,,H,OH,09,O,379350.45,2026-09-14,2026-09-16,2026-09-16,dissemination,2026-09-14,FLEXPOINT MEDIA,MEDIA PLACEMENT,2013953,F24,48,True,processed,G2026,G2026,SE24.3788,2026-09-18,https://docquery.fec.gov/cgi-bin/forms/C00504530/2013953/,https://docquery.fec.gov/cgi-bin/fecimg/?202609189904424428
CLF,C00504530,R,OH-09,"KAPTUR, HON. M.C. MARCY",,,H,OH,09,O,175000.0,2026-09-11,2026-09-16,2026-09-16,dissemination,2026-09-14,FLEXPOINT MEDIA,DIGITAL PLACEMENT,2013953,F24,48,True,processed,G2026,G2026,SE24.3760,2026-09-18,https://docquery.fec.gov/cgi-bin/forms/C00504530/2013953/,https://docquery.fec.gov/cgi-bin/fecimg/?202609189904424428
CLF,C00504530,R,PA-08,"COGNETTI, PAIGE",,,H,PA,08,O,13000.0,2026-09-14,2026-09-16,2026-09-16,dissemination,2026-09-14,PRIME MEDIA PARTNERS,MEDIA PRODUCTION,2013953,F24,48,True,processed,G2026,G2026,SE24.3783,2026-09-18,https://docquery.fec.gov/cgi-bin/forms/C00504530/2013953/,https://docquery.fec.gov/cgi-bin/fecimg/?202609189904424430
CLF,C00504530,R,PA-08,"COGNETTI, PAIGE",,,H,PA,08,O,359876.48,2026-09-14,2026-09-16,2026-09-16,dissemination,2026-09-14,FLEXPOINT MEDIA,MEDIA PLACEMENT,2013953,F24,48,True,processed,G2026,G2026,SE24.3789,2026-09-18,https://docquery.fec.gov/cgi-bin/forms/C00504530/2013953/,https://docquery.fec.gov/cgi-bin/fecimg/?202609189904424429
CLF,C00504530,R,PA-08,"COGNETTI, PAIGE",,,H,PA,08,O,175000.0,2026-09-11,2026-09-16,2026-09-16,dissemination,2026-09-14,FLEXPOINT MEDIA,DIGITAL PLACEMENT,2013953,F24,48,True,processed,G2026,G2026,SE24.3758,2026-09-18,https://docquery.fec.gov/cgi-bin/forms/C00504530/2013953/,https://docquery.fec.gov/cgi-bin/fecimg/?202609189904424429
CLF,C00504530,R,PA-10,"STELSON, JANELLE",,,H,PA,10,O,200000.0,2026-09-11,2026-09-16,2026-09-16,dissemination,2026-09-14,STARBOARD ADVERTISING,DIGITAL PLACEMENT,2013953,F24,48,True,processed,G2026,G2026,SE24.3765,2026-09-18,https://docquery.fec.gov/cgi-bin/forms/C00504530/2013953/,https://docquery.fec.gov/cgi-bin/fecimg/?202609189904424431
CLF,C00504530,R,PA-10,"STELSON, JANELLE",,,H,PA,10,O,367248.49,2026-09-11,2026-09-16,2026-09-16,dissemination,2026-09-14,DEL RAY MEDIA LLC,MEDIA PLACEMENT,2013953,F24,48,True,processed,G2026,G2026,SE24.3775,2026-09-18,https://docquery.fec.gov/cgi-bin/forms/C00504530/2013953/,https://docquery.fec.gov/cgi-bin/fecimg/?202609189904424430
CLF,C00504530,R,TX-28,"CUELLAR, HENRY R.",,,H,TX,28,O,87785.1,2026-09-14,2026-09-16,2026-09-16,dissemination,2026-09-14,FLEXPOINT MEDIA,MEDIA PLACEMENT,2013953,F24,48,True,processed,G2026,G2026,SE24.3790,2026-09-18,https://docquery.fec.gov/cgi-bin/forms/C00504530/2013953/,https://docquery.fec.gov/cgi-bin/fecimg/?202609189904424432
CLF,C00504530,R,TX-28,"CUELLAR, HENRY R.",,,H,TX,28,O,175000.0,2026-09-11,2026-09-16,2026-09-16,dissemination,2026-09-14,FLEXPOINT MEDIA,DIGITAL PLACEMENT,2013953,F24,48,True,processed,G2026,G2026,SE24.3756,2026-09-18,https://docquery.fec.gov/cgi-bin/forms/C00504530/2013953/,https://docquery.fec.gov/cgi-bin/fecimg/?202609189904424431
CLF,C00504530,R,TX-34,"GONZALEZ, VICENTE",,,H,TX,34,O,680929.54,2026-09-14,2026-09-16,2026-09-16,dissemination,2026-09-14,FLEXPOINT MEDIA,MEDIA PLACEMENT,2013953,F24,48,True,processed,G2026,G2026,SE24.3791,2026-09-18,https://docquery.fec.gov/cgi-bin/forms/C00504530/2013953/,https://docquery.fec.gov/cgi-bin/fecimg/?202609189904424433
CLF,C00504530,R,TX-34,"GONZALEZ, VICENTE",,,H,TX,34,O,177500.0,2026-09-11,2026-09-16,2026-09-16,dissemination,2026-09-14,FLEXPOINT MEDIA,DIGITAL PLACEMENT,2013953,F24,48,True,processed,G2026,G2026,SE24.3763,2026-09-18,https://docquery.fec.gov/cgi-bin/forms/C00504530/2013953/,https://docquery.fec.gov/cgi-bin/fecimg/?202609189904424432
CLF,C00504530,R,VA-02,"LURIA, ELAINE",,,H,VA,02,O,13000.0,2026-09-15,2026-09-16,2026-09-16,dissemination,2026-09-14,SPOTLIGHT MEDIA GROUP,MEDIA PRODUCTION,2013953,F24,48,True,processed,G2026,G2026,SE24.4779,2026-09-18,https://docquery.fec.gov/cgi-bin/forms/C00504530/2013953/,https://docquery.fec.gov/cgi-bin/fecimg/?202609189904424434
CLF,C00504530,R,VA-02,"LURIA, ELAINE",,,H,VA,02,O,338539.05,2026-09-14,2026-09-16,2026-09-16,dissemination,2026-09-14,FLEXPOINT MEDIA,MEDIA PLACEMENT,2013953,F24,48,True,processed,G2026,G2026,SE24.3792,2026-09-18,https://docquery.fec.gov/cgi-bin/forms/C00504530/2013953/,https://docquery.fec.gov/cgi-bin/fecimg/?202609189904424434
CLF,C00504530,R,VA-02,"LURIA, ELAINE",,,H,VA,02,O,125000.0,2026-09-11,2026-09-16,2026-09-16,dissemination,2026-09-14,FLEXPOINT MEDIA,DIGITAL PLACEMENT,2013953,F24,48,True,processed,G2026,G2026,SE24.3753,2026-09-18,https://docquery.fec.gov/cgi-bin/forms/C00504530/2013953/,https://docquery.fec.gov/cgi-bin/fecimg/?202609189904424433
CLF,C00504530,R,WA-03,"GLUESENKAMP PEREZ, MARIE",,,H,WA,03,O,407138.92,2026-09-14,2026-09-16,2026-09-16,dissemination,2026-09-14,FLEXPOINT MEDIA,MEDIA PLACEMENT,2013953,F24,48,True,processed,G2026,G2026,SE24.3793,2026-09-18,https://docquery.fec.gov/cgi-bin/forms/C00504530/2013953/,https://docquery.fec.gov/cgi-bin/fecimg/?202609189904424435
CLF,C00504530,R,WA-03,"GLUESENKAMP PEREZ, MARIE",,,H,WA,03,O,225000.0,2026-09-11,2026-09-16,2026-09-16,dissemination,2026-09-14,FLEXPOINT MEDIA,DIGITAL PLACEMENT,2013953,F24,48,True,processed,G2026,G2026,SE24.3761,2026-09-18,https://docquery.fec.gov/cgi-bin/forms/C00504530/2013953/,https://docquery.fec.gov/cgi-bin/fecimg/?202609189904424435
HMP,C00495028,D,IA-02,"MITCHELL, JOE",H6IA02237,REP,H,IA,02,O,13537.14,2026-09-16,2026-09-16,2026-09-16,dissemination,2026-09-14,"THREE POINT MEDIA, LLC",MEDIA PRODUCTION - ESTIMATE,2013961,F24,48,True,processed,G2026,G2026,500680439,2026-09-18,https://docquery.fec.gov/cgi-bin/forms/C00495028/2013961/,https://docquery.fec.gov/cgi-bin/fecimg/?202609189904424538
HMP,C00495028,D,MI-04,"HUIZENGA, WILLIAM P",H0MI02094,REP,H,MI,04,O,15023.33,2026-09-16,2026-09-16,2026-09-16,dissemination,2026-09-14,MVAR MEDIA LLC,MEDIA PRODUCTION - ESTIMATE,2013961,F24,48,True,processed,G2026,G2026,500680440,2026-09-18,https://docquery.fec.gov/cgi-bin/forms/C00495028/2013961/,https://docquery.fec.gov/cgi-bin/fecimg/?202609189904424538
HMP,C00495028,D,NC-01,"BUCKHOUT, LAURIE",H4NC01137,REP,H,NC,01,O,42628.12,2026-09-16,2026-09-16,2026-09-16,dissemination,2026-09-14,"MISSION CONTROL, INC.",DIRECT MAIL - ESTIMATE,2013961,F24,48,True,processed,G2026,G2026,500680441,2026-09-18,https://docquery.fec.gov/cgi-bin/forms/C00495028/2013961/,https://docquery.fec.gov/cgi-bin/fecimg/?202609189904424537
HMP,C00495028,D,NE-02,"HARDING, BRINKER",H6NE02208,REP,H,NE,02,O,9065.6,2026-09-16,2026-09-16,2026-09-16,dissemination,2026-09-14,ADWELL,MEDIA PRODUCTION - ESTIMATE,2013961,F24,48,True,processed,G2026,G2026,500680442,2026-09-18,https://docquery.fec.gov/cgi-bin/forms/C00495028/2013961/,https://docquery.fec.gov/cgi-bin/fecimg/?202609189904424537
No Going Back PAC,C00960435,R,AK-SEN,"SULLIVAN, DAN",S4AK00214,REP,S,AK,00,S,44519.0,2026-09-14,2026-09-16,2026-09-16,dissemination,2026-09-14,"MHB MEDIA, INC",PLACED MEDIA: RADIO,2013965,F24,48,True,processed,G2026,G2026,SE.1180252.3,2026-09-18,https://docquery.fec.gov/cgi-bin/forms/C00960435/2013965/,https://docquery.fec.gov/cgi-bin/fecimg/?202609189904425267
No Going Back PAC,C00960435,R,AK-SEN,"SULLIVAN, DAN",S4AK00214,REP,S,AK,00,S,810361.5,2026-09-14,2026-09-16,2026-09-16,dissemination,2026-09-14,"MHB MEDIA, INC","PLACED MEDIA: TV, AND CONNECTED TV",2013965,F24,48,True,processed,G2026,G2026,SE.1180252.1,2026-09-18,https://docquery.fec.gov/cgi-bin/forms/C00960435/2013965/,https://docquery.fec.gov/cgi-bin/fecimg/?202609189904425267
No Going Back PAC,C00960435,R,AK-SEN,"PELTOLA, MARY",S6AK00276,DEM,S,AK,00,O,44519.0,2026-09-14,2026-09-16,2026-09-16,dissemination,2026-09-14,"MHB MEDIA, INC",PLACED MEDIA: RADIO,2013965,F24,48,True,processed,G2026,G2026,SE.1180252.4,2026-09-18,https://docquery.fec.gov/cgi-bin/forms/C00960435/2013965/,https://docquery.fec.gov/cgi-bin/fecimg/?202609189904425266
No Going Back PAC,C00960435,R,AK-SEN,"PELTOLA, MARY",S6AK00276,DEM,S,AK,00,O,810361.5,2026-09-14,2026-09-16,2026-09-16,dissemination,2026-09-14,"MHB MEDIA, INC","PLACED MEDIA: TV, AND CONNECTED TV",2013965,F24,48,True,processed,G2026,G2026,SE.1180252.2,2026-09-18,https://docquery.fec.gov/cgi-bin/forms/C00960435/2013965/,https://docquery.fec.gov/cgi-bin/fecimg/?202609189904425266
No Going Back PAC,C00960435,R,AZ-01,"SHAH, AMISH DR.",H4AZ01194,DEM,H,AZ,01,O,625.84,2026-09-16,2026-09-16,2026-09-16,dissemination,2026-09-14,ELECTORAL COMMUNICATIONS GROUP LLC,TEXT MESSAGES,2013965,F24,48,True,processed,G2026,G2026,SE.1181238,2026-09-18,https://docquery.fec.gov/cgi-bin/forms/C00960435/2013965/,https://docquery.fec.gov/cgi-bin/fecimg/?202609189904425268
No Going Back PAC,C00960435,R,CA-13,"LINCOLN, KEVIN J II",H4CA09093,REP,H,CA,13,S,6381.88,2026-09-16,2026-09-16,2026-09-16,dissemination,2026-09-14,OPTIMATES LLC,DIRECT MAIL: PRINTING AND POSTAGE,2013965,F24,48,True,processed,G2026,G2026,SE.1181920.1,2026-09-18,https://docquery.fec.gov/cgi-bin/forms/C00960435/2013965/,https://docquery.fec.gov/cgi-bin/fecimg/?202609189904425273
No Going Back PAC,C00960435,R,CA-13,"GRAY, ADAM C.",H2CA13115,DEM,H,CA,13,O,6381.88,2026-09-16,2026-09-16,2026-09-16,dissemination,2026-09-14,OPTIMATES LLC,DIRECT MAIL: PRINTING AND POSTAGE,2013965,F24,48,True,processed,G2026,G2026,SE.1181920.2,2026-09-18,https://docquery.fec.gov/cgi-bin/forms/C00960435/2013965/,https://docquery.fec.gov/cgi-bin/fecimg/?202609189904425272
No Going Back PAC,C00960435,R,CA-48,"VON WILPERT, MARNI",H6CA48310,DEM,H,CA,48,O,28609.12,2026-09-16,2026-09-16,2026-09-16,dissemination,2026-09-14,ELECTORAL COMMUNICATIONS GROUP LLC,DIRECT MAIL: PRINTING AND POSTAGE,2013965,F24,48,True,processed,G2026,G2026,SE.1181400,2026-09-18,https://docquery.fec.gov/cgi-bin/forms/C00960435/2013965/,https://docquery.fec.gov/cgi-bin/fecimg/?202609189904425274
No Going Back PAC,C00960435,R,CO-03,"HURD, JEFFREY",H4CO03357,REP,H,CO,03,S,38099.09,2026-09-16,2026-09-16,2026-09-16,dissemination,2026-09-14,ELECTORAL COMMUNICATIONS GROUP LLC,DIRECT MAIL: PRINTING AND POSTAGE,2013965,F24,48,True,processed,G2026,G2026,SE.1181344.1,2026-09-18,https://docquery.fec.gov/cgi-bin/forms/C00960435/2013965/,https://docquery.fec.gov/cgi-bin/fecimg/?202609189904425275
No Going Back PAC,C00960435,R,CO-03,"ROMERO, DWAYNE",H6CO03253,DEM,H,CO,03,O,38099.09,2026-09-16,2026-09-16,2026-09-16,dissemination,2026-09-14,ELECTORAL COMMUNICATIONS GROUP LLC,DIRECT MAIL: PRINTING AND POSTAGE,2013965,F24,48,True,processed,G2026,G2026,SE.1181344.2,2026-09-18,https://docquery.fec.gov/cgi-bin/forms/C00960435/2013965/,https://docquery.fec.gov/cgi-bin/fecimg/?202609189904425274
No Going Back PAC,C00960435,R,CO-05,"KILLIN, JESSICA WILLOW",H6CO05324,DEM,H,CO,05,O,310650.0,2026-09-14,2026-09-16,2026-09-16,dissemination,2026-09-14,DEL RAY MEDIA LLC,PLACED MEDIA: TV AND CONNECTED TV,2013965,F24,48,True,processed,G2026,G2026,SE.1180279,2026-09-18,https://docquery.fec.gov/cgi-bin/forms/C00960435/2013965/,https://docquery.fec.gov/cgi-bin/fecimg/?202609189904425275
No Going Back PAC,C00960435,R,CO-08,"RUTINEL, MANNY",H6CO08013,DEM,H,CO,08,O,534700.0,2026-09-15,2026-09-16,2026-09-16,dissemination,2026-09-14,DEL RAY MEDIA LLC,PLACED MEDIA: TV AND CONNECTED TV,2013965,F24,48,True,processed,G2026,G2026,SE.1180280,2026-09-18,https://docquery.fec.gov/cgi-bin/forms/C00960435/2013965/,https://docquery.fec.gov/cgi-bin/fecimg/?202609189904425276
No Going Back PAC,C00960435,R,GA-SEN,"OSSOFF, T. JONATHAN",S8GA00180,DEM,S,GA,00,O,916125.0,2026-09-14,2026-09-16,2026-09-16,dissemination,2026-09-14,"MHB MEDIA, INC",PLACED MEDIA:TV AND CONNECTED TV,2013965,F24,48,True,processed,G2026,G2026,SE.1180253,2026-09-18,https://docquery.fec.gov/cgi-bin/forms/C00960435/2013965/,https://docquery.fec.gov/cgi-bin/fecimg/?202609189904425279
No Going Back PAC,C00960435,R,IA-01,"MILLER-MEEKS, MARIANNETTE JANE",H8IA02043,REP,H,IA,01,S,15335.51,2026-09-18,2026-09-16,2026-09-16,dissemination,2026-09-14,OPTIMATES LLC,DIRECT MAIL: PRINTING AND POSTAGE,2013965,F24,48,True,processed,G2026,G2026,SE.1182338.1,2026-09-18,https://docquery.fec.gov/cgi-bin/forms/C00960435/2013965/,https://docquery.fec.gov/cgi-bin/fecimg/?202609189904425281
No Going Back PAC,C00960435,R,IA-01,"BOHANNAN, CHRISTINA",H2IA02111,DEM,H,IA,01,O,15335.52,2026-09-18,2026-09-16,2026-09-16,dissemination,2026-09-14,OPTIMATES LLC,DIRECT MAIL: PRINTING AND POSTAGE,2013965,F24,48,True,processed,G2026,G2026,SE.1182338.2,2026-09-18,https://docquery.fec.gov/cgi-bin/forms/C00960435/2013965/,https://docquery.fec.gov/cgi-bin/fecimg/?202609189904425280
No Going Back PAC,C00960435,R,IA-02,"MITCHELL, JOE",H6IA02237,REP,H,IA,02,S,39654.06,2026-09-18,2026-09-16,2026-09-16,dissemination,2026-09-14,OPTIMATES LLC,DIRECT MAIL: PRINTING AND POSTAGE,2013965,F24,48,True,processed,G2026,G2026,SE.1182337.1,2026-09-18,https://docquery.fec.gov/cgi-bin/forms/C00960435/2013965/,https://docquery.fec.gov/cgi-bin/fecimg/?202609189904425283
No Going Back PAC,C00960435,R,IA-02,"JAMES, LINDSAY",H6IA02211,DEM,H,IA,02,O,39654.07,2026-09-18,2026-09-16,2026-09-16,dissemination,2026-09-14,OPTIMATES LLC,DIRECT MAIL: PRINTING AND POSTAGE,2013965,F24,48,True,processed,G2026,G2026,SE.1182337.2,2026-09-18,https://docquery.fec.gov/cgi-bin/forms/C00960435/2013965/,https://docquery.fec.gov/cgi-bin/fecimg/?202609189904425282
No Going Back PAC,C00960435,R,IA-02,"JAMES, LINDSAY",H6IA02211,DEM,H,IA,02,O,505100.0,2026-09-14,2026-09-16,2026-09-16,dissemination,2026-09-14,"MHB MEDIA, INC",PLACED MEDIA: TV AND CONNECTED TV,2013965,F24,48,True,processed,G2026,G2026,SE.1180257,2026-09-18,https://docquery.fec.gov/cgi-bin/forms/C00960435/2013965/,https://docquery.fec.gov/cgi-bin/fecimg/?202609189904425281
No Going Back PAC,C00960435,R,MI-04,"MCCANN, SEAN",H6MI04204,DEM,H,MI,04,O,5866.0,2026-09-16,2026-09-16,2026-09-16,dissemination,2026-09-14,"1892, LLC",TEXT MESSAGES,2013965,F24,48,True,processed,G2026,G2026,SE.1181178,2026-09-18,https://docquery.fec.gov/cgi-bin/forms/C00960435/2013965/,https://docquery.fec.gov/cgi-bin/fecimg/?202609189904425283
No Going Back PAC,C00960435,R,MI-04,"MCCANN, SEAN",H6MI04204,DEM,H,MI,04,O,850960.0,2026-09-14,2026-09-16,2026-09-16,dissemination,2026-09-14,DEL RAY MEDIA LLC,PLACED MEDIA: TV AND CONNECTED TV,2013965,F24,48,True,processed,G2026,G2026,SE.1180278,2026-09-18,https://docquery.fec.gov/cgi-bin/forms/C00960435/2013965/,https://docquery.fec.gov/cgi-bin/fecimg/?202609189904425284
No Going Back PAC,C00960435,R,MI-SEN,"EL-SAYED, ABDUL",S6MI00418,DEM,S,MI,00,O,3763601.0,2026-09-14,2026-09-16,2026-09-16,dissemination,2026-09-14,DEL RAY MEDIA LLC,PLACED MEDIA: TV AND CONNECTED TV,2013965,F24,48,True,processed,G2026,G2026,SE.1180283,2026-09-18,https://docquery.fec.gov/cgi-bin/forms/C00960435/2013965/,https://docquery.fec.gov/cgi-bin/fecimg/?202609189904425286
No Going Back PAC,C00960435,R,NC-11,"BALKCOM, JENNIFER",H6NC11321,REP,H,NC,11,S,28278.6,2026-09-18,2026-09-16,2026-09-16,dissemination,2026-09-14,OPTIMATES LLC,DIRECT MAIL: PRINTING AND POSTAGE,2013965,F24,48,True,processed,G2026,G2026,SE.1182341.1,2026-09-18,https://docquery.fec.gov/cgi-bin/forms/C00960435/2013965/,https://docquery.fec.gov/cgi-bin/fecimg/?202609189904425288
No Going Back PAC,C00960435,R,NC-11,"AGER, JAMIE",H6NC11248,DEM,H,NC,11,O,28278.6,2026-09-18,2026-09-16,2026-09-16,dissemination,2026-09-14,OPTIMATES LLC,DIRECT MAIL: PRINTING AND POSTAGE,2013965,F24,48,True,processed,G2026,G2026,SE.1182341.2,2026-09-18,https://docquery.fec.gov/cgi-bin/forms/C00960435/2013965/,https://docquery.fec.gov/cgi-bin/fecimg/?202609189904425288
No Going Back PAC,C00960435,R,NC-11,"AGER, JAMIE",H6NC11248,DEM,H,NC,11,O,491350.0,2026-09-14,2026-09-16,2026-09-16,dissemination,2026-09-14,DEL RAY MEDIA LLC,PLACED MEDIA: TV AND CONNECTED TV,2013965,F24,48,True,processed,G2026,G2026,SE.1180277,2026-09-18,https://docquery.fec.gov/cgi-bin/forms/C00960435/2013965/,https://docquery.fec.gov/cgi-bin/fecimg/?202609189904425287
No Going Back PAC,C00960435,R,NC-SEN,"WHATLEY, MICHAEL",S6NC00415,REP,S,NC,00,S,729888.5,2026-09-14,2026-09-16,2026-09-16,dissemination,2026-09-14,DEL RAY MEDIA LLC,PLACED MEDIA: TV AND CONNECTED TV,2013965,F24,48,True,processed,G2026,G2026,SE.1180282.2,2026-09-18,https://docquery.fec.gov/cgi-bin/forms/C00960435/2013965/,https://docquery.fec.gov/cgi-bin/fecimg/?202609189904425290
No Going Back PAC,C00960435,R,NC-SEN,"COOPER, ROY",S6NC00407,DEM,S,NC,00,O,2189665.5,2026-09-14,2026-09-16,2026-09-16,dissemination,2026-09-14,DEL RAY MEDIA LLC,PLACED MEDIA: TV AND CONNECTED TV,2013965,F24,48,True,processed,G2026,G2026,SE.1180282.1,2026-09-18,https://docquery.fec.gov/cgi-bin/forms/C00960435/2013965/,https://docquery.fec.gov/cgi-bin/fecimg/?202609189904425289
No Going Back PAC,C00960435,R,NE-02,"HARDING, BRINKER",H6NE02208,REP,H,NE,02,S,13024.73,2026-09-18,2026-09-16,2026-09-16,dissemination,2026-09-14,OPTIMATES LLC,DIRECT MAIL: PRINTING AND POSTAGE,2013965,F24,48,True,processed,G2026,G2026,SE.1182344.1,2026-09-18,https://docquery.fec.gov/cgi-bin/forms/C00960435/2013965/,https://docquery.fec.gov/cgi-bin/fecimg/?202609189904425290
No Going Back PAC,C00960435,R,NE-02,"POWELL, DENISE",H6NE02174,DEM,H,NE,02,O,13024.74,2026-09-18,2026-09-16,2026-09-16,dissemination,2026-09-14,OPTIMATES LLC,DIRECT MAIL: PRINTING AND POSTAGE,2013965,F24,48,True,processed,G2026,G2026,SE.1182344.2,2026-09-18,https://docquery.fec.gov/cgi-bin/forms/C00960435/2013965/,https://docquery.fec.gov/cgi-bin/fecimg/?202609189904425289
No Going Back PAC,C00960435,R,NH-SEN,"PAPPAS, CHRIS",S6NH00141,DEM,S,NH,00,O,1712899.0,2026-09-14,2026-09-16,2026-09-16,dissemination,2026-09-14,"MHB MEDIA, INC",PLACED MEDIA:TV AND CONNECTED TV,2013965,F24,48,True,processed,G2026,G2026,SE.1180256,2026-09-18,https://docquery.fec.gov/cgi-bin/forms/C00960435/2013965/,https://docquery.fec.gov/cgi-bin/fecimg/?202609189904425291
No Going Back PAC,C00960435,R,NH-SEN,"SUNUNU, JOHN E.",S6NH00208,REP,S,NH,00,S,22285.94,2026-09-09,2026-09-16,2026-09-16,dissemination,2026-09-14,WHISTLESTOP STRATEGIES LLC,DIRECT MAIL: PRINTING AND POSTAGE,2013965,F24,48,True,processed,G2026,G2026,SE.1178449.1,2026-09-18,https://docquery.fec.gov/cgi-bin/forms/C00960435/2013965/,https://docquery.fec.gov/cgi-bin/fecimg/?202609189904425292
No Going Back PAC,C00960435,R,NH-SEN,"PAPPAS, CHRIS",S6NH00141,DEM,S,NH,00,O,22285.94,2026-09-09,2026-09-16,2026-09-16,dissemination,2026-09-14,WHISTLESTOP STRATEGIES LLC,DIRECT MAIL: PRINTING AND POSTAGE,2013965,F24,48,True,processed,G2026,G2026,SE.1178449.2,2026-09-18,https://docquery.fec.gov/cgi-bin/forms/C00960435/2013965/,https://docquery.fec.gov/cgi-bin/fecimg/?202609189904425291
No Going Back PAC,C00960435,R,NM-02,"VASQUEZ, GABRIEL",H2NM02191,DEM,H,NM,02,O,235375.0,2026-09-14,2026-09-16,2026-09-16,dissemination,2026-09-14,"MHB MEDIA, INC",PLACED MEDIA: TV AND CONNECTED TV,2013965,F24,48,True,processed,G2026,G2026,SE.1180457,2026-09-18,https://docquery.fec.gov/cgi-bin/forms/C00960435/2013965/,https://docquery.fec.gov/cgi-bin/fecimg/?202609189904425295
No Going Back PAC,C00960435,R,NY-03,"LIPETRI, MIKE",H0NY02267,REP,H,NY,03,S,18743.54,2026-09-18,2026-09-16,2026-09-16,dissemination,2026-09-14,OPTIMATES LLC,DIRECT MAIL: PRINTING AND POSTAGE,2013965,F24,48,True,processed,G2026,G2026,SE.1182342.1,2026-09-18,https://docquery.fec.gov/cgi-bin/forms/C00960435/2013965/,https://docquery.fec.gov/cgi-bin/fecimg/?202609189904425298
No Going Back PAC,C00960435,R,NY-03,"SUOZZI, THOMAS",H6NY03247,DEM,H,NY,03,O,18743.55,2026-09-18,2026-09-16,2026-09-16,dissemination,2026-09-14,OPTIMATES LLC,DIRECT MAIL: PRINTING AND POSTAGE,2013965,F24,48,True,processed,G2026,G2026,SE.1182342.2,2026-09-18,https://docquery.fec.gov/cgi-bin/forms/C00960435/2013965/,https://docquery.fec.gov/cgi-bin/fecimg/?202609189904425297
No Going Back PAC,C00960435,R,NY-03,"LIPETRI, MIKE",H0NY02267,REP,H,NY,03,S,985519.5,2026-09-14,2026-09-16,2026-09-16,dissemination,2026-09-14,"MHB MEDIA, INC",PLACED MEDIA: TV AND CONNECTED TV,2013965,F24,48,True,processed,G2026,G2026,SE.1180258.2,2026-09-18,https://docquery.fec.gov/cgi-bin/forms/C00960435/2013965/,https://docquery.fec.gov/cgi-bin/fecimg/?202609189904425298
No Going Back PAC,C00960435,R,NY-03,"SUOZZI, THOMAS",H6NY03247,DEM,H,NY,03,O,985519.5,2026-09-14,2026-09-16,2026-09-16,dissemination,2026-09-14,"MHB MEDIA, INC",PLACED MEDIA: TV AND CONNECTED TV,2013965,F24,48,True,processed,G2026,G2026,SE.1180258.1,2026-09-18,https://docquery.fec.gov/cgi-bin/forms/C00960435/2013965/,https://docquery.fec.gov/cgi-bin/fecimg/?202609189904425297
No Going Back PAC,C00960435,R,OH-15,"CAREY, MIKE",H2OH15228,REP,H,OH,15,S,15084.07,2026-09-18,2026-09-16,2026-09-16,dissemination,2026-09-14,OPTIMATES LLC,DIRECT MAIL: PRINTING AND POSTAGE,2013965,F24,48,True,processed,G2026,G2026,SE.1182346.1,2026-09-18,https://docquery.fec.gov/cgi-bin/forms/C00960435/2013965/,https://docquery.fec.gov/cgi-bin/fecimg/?202609189904425302
No Going Back PAC,C00960435,R,OH-15,"LEONARD, DON RALPH",H6OH15112,DEM,H,OH,15,O,15084.08,2026-09-18,2026-09-16,2026-09-16,dissemination,2026-09-14,OPTIMATES LLC,DIRECT MAIL: PRINTING AND POSTAGE,2013965,F24,48,True,processed,G2026,G2026,SE.1182346.2,2026-09-18,https://docquery.fec.gov/cgi-bin/forms/C00960435/2013965/,https://docquery.fec.gov/cgi-bin/fecimg/?202609189904425301
No Going Back PAC,C00960435,R,OH-SEN,"BROWN, SHERROD",S6OH00163,DEM,S,OH,00,O,4932645.0,2026-09-15,2026-09-16,2026-09-16,dissemination,2026-09-14,DEL RAY MEDIA LLC,PLACED MEDIA: TV AND CONNECTED TV,2013965,F24,48,True,processed,S2026,S2026 special on general ballot,SE.1180281,2026-09-18,https://docquery.fec.gov/cgi-bin/forms/C00960435/2013965/,https://docquery.fec.gov/cgi-bin/fecimg/?202609189904425303
No Going Back PAC,C00960435,R,OH-SEN,"BROWN, SHERROD",S6OH00163,DEM,S,OH,00,O,889284.6,2026-09-15,2026-09-16,2026-09-16,dissemination,2026-09-14,MINUTE MAIL CONSULTING GROUP LLC,DIRECT MAIL: PRINTING AND POSTAGE,2013965,F24,48,True,processed,S2026,S2026 special on general ballot,SE.1180374,2026-09-18,https://docquery.fec.gov/cgi-bin/forms/C00960435/2013965/,https://docquery.fec.gov/cgi-bin/fecimg/?202609189904425301
No Going Back PAC,C00960435,R,SC-01,"HONEYCUTT, JENNY COSTA",H6SC01334,REP,H,SC,01,S,28067.97,2026-09-14,2026-09-16,2026-09-16,dissemination,2026-09-14,WHISTLESTOP STRATEGIES LLC,DIRECT MAIL: PRINTING AND POSTAGE,2013965,F24,48,True,processed,G2026,G2026,SE.1180244.2,2026-09-18,https://docquery.fec.gov/cgi-bin/forms/C00960435/2013965/,https://docquery.fec.gov/cgi-bin/fecimg/?202609189904425304
No Going Back PAC,C00960435,R,SC-01,"LACORE, NANCY",H6SC01359,DEM,H,SC,01,O,28067.97,2026-09-14,2026-09-16,2026-09-16,dissemination,2026-09-14,WHISTLESTOP STRATEGIES LLC,DIRECT MAIL: PRINTING AND POSTAGE,2013965,F24,48,True,processed,G2026,G2026,SE.1180244.1,2026-09-18,https://docquery.fec.gov/cgi-bin/forms/C00960435/2013965/,https://docquery.fec.gov/cgi-bin/fecimg/?202609189904425302
No Going Back PAC,C00960435,R,TX-15,"PULIDO, BOBBY",H6TX15246,DEM,H,TX,15,O,566333.0,2026-09-14,2026-09-16,2026-09-16,dissemination,2026-09-14,DEL RAY MEDIA LLC,PLACED MEDIA: TV AND CONNECTED TV,2013965,F24,48,True,processed,G2026,G2026,SE.1180274,2026-09-18,https://docquery.fec.gov/cgi-bin/forms/C00960435/2013965/,https://docquery.fec.gov/cgi-bin/fecimg/?202609189904425303
No Going Back PAC,C00960435,R,TX-34,"GONZALEZ, VICENTE",H6TX15162,DEM,H,TX,34,O,273125.0,2026-09-14,2026-09-16,2026-09-16,dissemination,2026-09-14,DEL RAY MEDIA LLC,PLACED MEDIA: TV AND CONNECTED TV,2013965,F24,48,True,processed,G2026,G2026,SE.1180276,2026-09-18,https://docquery.fec.gov/cgi-bin/forms/C00960435/2013965/,https://docquery.fec.gov/cgi-bin/fecimg/?202609189904425306
No Going Back PAC,C00960435,R,TX-35,"DE LA CRUZ, CARLOS JR.",H6TX35087,REP,H,TX,35,S,375190.5,2026-09-14,2026-09-16,2026-09-16,dissemination,2026-09-14,DEL RAY MEDIA LLC,PLACED MEDIA: TV AND CONNECTED TV,2013965,F24,48,True,processed,G2026,G2026,SE.1180275.2,2026-09-18,https://docquery.fec.gov/cgi-bin/forms/C00960435/2013965/,https://docquery.fec.gov/cgi-bin/fecimg/?202609189904425309
No Going Back PAC,C00960435,R,TX-35,"GARCIA, JOHNNY",H6TX35095,DEM,H,TX,35,O,375190.5,2026-09-14,2026-09-16,2026-09-16,dissemination,2026-09-14,DEL RAY MEDIA LLC,PLACED MEDIA: TV AND CONNECTED TV,2013965,F24,48,True,processed,G2026,G2026,SE.1180275.1,2026-09-18,https://docquery.fec.gov/cgi-bin/forms/C00960435/2013965/,https://docquery.fec.gov/cgi-bin/fecimg/?202609189904425308
No Going Back PAC,C00960435,R,TX-SEN,"PAXTON, WARREN KENNETH JR.",S6TX00388,REP,S,TX,00,S,935988.48,2026-09-08,2026-09-16,2026-09-16,dissemination,2026-09-14,MINUTE MAIL CONSULTING GROUP LLC,DIRECT MAIL: PRINTING AND POSTAGE,2013965,F24,48,True,processed,G2026,G2026,SE.1177530.2,2026-09-18,https://docquery.fec.gov/cgi-bin/forms/C00960435/2013965/,https://docquery.fec.gov/cgi-bin/fecimg/?202609189904425310
No Going Back PAC,C00960435,R,TX-SEN,"TALARICO, JAMES",S6TX00479,DEM,S,TX,00,O,935988.48,2026-09-08,2026-09-16,2026-09-16,dissemination,2026-09-14,MINUTE MAIL CONSULTING GROUP LLC,DIRECT MAIL: PRINTING AND POSTAGE,2013965,F24,48,True,processed,G2026,G2026,SE.1177530.1,2026-09-18,https://docquery.fec.gov/cgi-bin/forms/C00960435/2013965/,https://docquery.fec.gov/cgi-bin/fecimg/?202609189904425309
No Going Back PAC,C00960435,R,WA-03,"GLUESENKAMP PEREZ, MARIE",H2WA03217,DEM,H,WA,03,O,551250.0,2026-09-14,2026-09-16,2026-09-16,dissemination,2026-09-14,"MHB MEDIA, INC",PLACED MEDIA: TV AND CONNECTED TV,2013965,F24,48,True,processed,G2026,G2026,SE.1180259,2026-09-18,https://docquery.fec.gov/cgi-bin/forms/C00960435/2013965/,https://docquery.fec.gov/cgi-bin/fecimg/?202609189904425308
SLF,C00571703,R,AK-SEN,"PELTOLA, MARY",S6AK00276,DEM,S,AK,00,O,2174.27,2026-09-16,2026-09-16,2026-09-16,dissemination,2026-09-14,FCG MEDIA STRATEGIES LLC,TEXT MESSAGING,2013945,F24,48,True,processed,G2026,G2026,SE.4,2026-09-18,https://docquery.fec.gov/cgi-bin/forms/C00571703/2013945/,https://docquery.fec.gov/cgi-bin/fecimg/?202609189904423873
SLF,C00571703,R,AK-SEN,"PELTOLA, MARY",S6AK00276,DEM,S,AK,00,O,450000.0,2026-09-15,2026-09-16,2026-09-16,dissemination,2026-09-14,FLEXPOINT MEDIA,MEDIA PLACEMENT,2013945,F24,48,True,processed,G2026,G2026,SE.2,2026-09-18,https://docquery.fec.gov/cgi-bin/forms/C00571703/2013945/,https://docquery.fec.gov/cgi-bin/fecimg/?202609189904423872
SLF,C00571703,R,AK-SEN,"PELTOLA, MARY",S6AK00276,DEM,S,AK,00,O,715618.86,2026-09-14,2026-09-16,2026-09-16,dissemination,2026-09-14,FLEXPOINT MEDIA,MEDIA PLACEMENT,2013945,F24,48,True,processed,G2026,G2026,SE.1,2026-09-18,https://docquery.fec.gov/cgi-bin/forms/C00571703/2013945/,https://docquery.fec.gov/cgi-bin/fecimg/?202609189904423872
SLF,C00571703,R,AK-SEN,"PELTOLA, MARY",S6AK00276,DEM,S,AK,00,O,55711.84,2026-09-11,2026-09-16,2026-09-16,dissemination,2026-09-14,RIVAL STRATEGY GROUP LLC,POSTAGE / PRINTING / PRODUCTION,2013945,F24,48,True,processed,G2026,G2026,SE.3,2026-09-18,https://docquery.fec.gov/cgi-bin/forms/C00571703/2013945/,https://docquery.fec.gov/cgi-bin/fecimg/?202609189904423873
SLF,C00571703,R,IA-SEN,"TUREK, JOSHUA",S6IA00298,DEM,S,IA,00,O,1175000.0,2026-09-16,2026-09-16,2026-09-16,dissemination,2026-09-14,MAJORITY STRATEGIES LLC,MEDIA PLACEMENT,2013945,F24,48,True,processed,G2026,G2026,SE.6,2026-09-18,https://docquery.fec.gov/cgi-bin/forms/C00571703/2013945/,https://docquery.fec.gov/cgi-bin/fecimg/?202609189904423874
SLF,C00571703,R,IA-SEN,"TUREK, JOSHUA",S6IA00298,DEM,S,IA,00,O,3550.86,2026-09-16,2026-09-16,2026-09-16,dissemination,2026-09-14,FCG MEDIA STRATEGIES LLC,TEXT MESSAGING,2013945,F24,48,True,processed,G2026,G2026,SE.8,2026-09-18,https://docquery.fec.gov/cgi-bin/forms/C00571703/2013945/,https://docquery.fec.gov/cgi-bin/fecimg/?202609189904423869
SLF,C00571703,R,IA-SEN,"TUREK, JOSHUA",S6IA00298,DEM,S,IA,00,O,2346364.22,2026-09-14,2026-09-16,2026-09-16,dissemination,2026-09-14,FLEXPOINT MEDIA,MEDIA PLACEMENT,2013945,F24,48,True,processed,G2026,G2026,SE.5,2026-09-18,https://docquery.fec.gov/cgi-bin/forms/C00571703/2013945/,https://docquery.fec.gov/cgi-bin/fecimg/?202609189904423874
SLF,C00571703,R,IA-SEN,"TUREK, JOSHUA",S6IA00298,DEM,S,IA,00,O,152243.35,2026-09-10,2026-09-16,2026-09-16,dissemination,2026-09-14,KAP PRINT LLC,POSTAGE / PRINTING / PRODUCTION,2013945,F24,48,True,processed,G2026,G2026,SE.7,2026-09-18,https://docquery.fec.gov/cgi-bin/forms/C00571703/2013945/,https://docquery.fec.gov/cgi-bin/fecimg/?202609189904423869
SLF,C00571703,R,ME-SEN,"JACKSON, TROY DALE",S6ME00464,DEM,S,ME,00,O,1402.14,2026-09-16,2026-09-16,2026-09-16,dissemination,2026-09-14,FCG MEDIA STRATEGIES LLC,TEXT MESSAGING,2013945,F24,48,True,processed,G2026,G2026,SE.12,2026-09-18,https://docquery.fec.gov/cgi-bin/forms/C00571703/2013945/,https://docquery.fec.gov/cgi-bin/fecimg/?202609189904423871
SLF,C00571703,R,ME-SEN,"JACKSON, TROY DALE",S6ME00464,DEM,S,ME,00,O,625000.0,2026-09-15,2026-09-16,2026-09-16,dissemination,2026-09-14,ALAMO INTELLIGENCE LLC,MEDIA PLACEMENT,2013945,F24,48,True,processed,G2026,G2026,SE.11,2026-09-18,https://docquery.fec.gov/cgi-bin/forms/C00571703/2013945/,https://docquery.fec.gov/cgi-bin/fecimg/?202609189904423871
SLF,C00571703,R,ME-SEN,"JACKSON, TROY DALE",S6ME00464,DEM,S,ME,00,O,1747473.21,2026-09-14,2026-09-16,2026-09-16,dissemination,2026-09-14,MHB MEDIA INC,MEDIA PLACEMENT,2013945,F24,48,True,processed,G2026,G2026,SE.10,2026-09-18,https://docquery.fec.gov/cgi-bin/forms/C00571703/2013945/,https://docquery.fec.gov/cgi-bin/fecimg/?202609189904423870
SLF,C00571703,R,MI-SEN,"EL-SAYED, ABDUL",S6MI00418,DEM,S,MI,00,O,1200000.0,2026-09-16,2026-09-16,2026-09-16,dissemination,2026-09-14,MAJORITY STRATEGIES LLC,MEDIA PLACEMENT,2013945,F24,48,True,processed,G2026,G2026,SE.16,2026-09-18,https://docquery.fec.gov/cgi-bin/forms/C00571703/2013945/,https://docquery.fec.gov/cgi-bin/fecimg/?202609189904423883
SLF,C00571703,R,MI-SEN,"EL-SAYED, ABDUL",S6MI00418,DEM,S,MI,00,O,8671.53,2026-09-16,2026-09-16,2026-09-16,dissemination,2026-09-14,FCG MEDIA STRATEGIES LLC,TEXT MESSAGING,2013945,F24,48,True,processed,G2026,G2026,SE.17,2026-09-18,https://docquery.fec.gov/cgi-bin/forms/C00571703/2013945/,https://docquery.fec.gov/cgi-bin/fecimg/?202609189904423868
SLF,C00571703,R,NC-SEN,"COOPER, ROY",S6NC00407,DEM,S,NC,00,O,14752.08,2026-09-16,2026-09-16,2026-09-16,dissemination,2026-09-14,FCG MEDIA STRATEGIES LLC,TEXT MESSAGING,2013945,F24,48,True,processed,G2026,G2026,SE.23,2026-09-18,https://docquery.fec.gov/cgi-bin/forms/C00571703/2013945/,https://docquery.fec.gov/cgi-bin/fecimg/?202609189904423880
SLF,C00571703,R,NC-SEN,"COOPER, ROY",S6NC00407,DEM,S,NC,00,O,2500.0,2026-09-16,2026-09-16,2026-09-16,dissemination,2026-09-14,PRIME MEDIA PARTNERS LLC,MEDIA PRODUCTION,2013945,F24,48,True,processed,G2026,G2026,SE.21,2026-09-18,https://docquery.fec.gov/cgi-bin/forms/C00571703/2013945/,https://docquery.fec.gov/cgi-bin/fecimg/?202609189904423879
SLF,C00571703,R,NC-SEN,"COOPER, ROY",S6NC00407,DEM,S,NC,00,O,1100000.0,2026-09-15,2026-09-16,2026-09-16,dissemination,2026-09-14,FLEXPOINT MEDIA,MEDIA PLACEMENT,2013945,F24,48,True,processed,G2026,G2026,SE.22,2026-09-18,https://docquery.fec.gov/cgi-bin/forms/C00571703/2013945/,https://docquery.fec.gov/cgi-bin/fecimg/?202609189904423880
SLF,C00571703,R,NC-SEN,"COOPER, ROY",S6NC00407,DEM,S,NC,00,O,2976086.85,2026-09-14,2026-09-16,2026-09-16,dissemination,2026-09-14,FLEXPOINT MEDIA,MEDIA PLACEMENT,2013945,F24,48,True,processed,G2026,G2026,SE.19,2026-09-18,https://docquery.fec.gov/cgi-bin/forms/C00571703/2013945/,https://docquery.fec.gov/cgi-bin/fecimg/?202609189904423878
SLF,C00571703,R,NC-SEN,"COOPER, ROY",S6NC00407,DEM,S,NC,00,O,261877.69,2026-09-04,2026-09-16,2026-09-16,dissemination,2026-09-14,FLEXPOINT MEDIA,MEDIA PLACEMENT,2013945,F24,48,True,processed,G2026,G2026,SE.20,2026-09-18,https://docquery.fec.gov/cgi-bin/forms/C00571703/2013945/,https://docquery.fec.gov/cgi-bin/fecimg/?202609189904423879
SLF,C00571703,R,NH-SEN,"PAPPAS, CHRIS",S6NH00141,DEM,S,NH,00,O,2500.16,2026-09-16,2026-09-16,2026-09-16,dissemination,2026-09-14,FCG MEDIA STRATEGIES LLC,TEXT MESSAGING,2013945,F24,48,True,processed,G2026,G2026,SE.25,2026-09-18,https://docquery.fec.gov/cgi-bin/forms/C00571703/2013945/,https://docquery.fec.gov/cgi-bin/fecimg/?202609189904423875
SLF,C00571703,R,NH-SEN,"PAPPAS, CHRIS",S6NH00141,DEM,S,NH,00,O,1303592.61,2026-09-14,2026-09-16,2026-09-16,dissemination,2026-09-14,FLEXPOINT MEDIA,MEDIA PLACEMENT,2013945,F24,48,True,processed,G2026,G2026,SE.24,2026-09-18,https://docquery.fec.gov/cgi-bin/forms/C00571703/2013945/,https://docquery.fec.gov/cgi-bin/fecimg/?202609189904423881
SLF,C00571703,R,OH-SEN,"BROWN, SHERROD",S6OH00163,DEM,S,OH,00,O,22500.0,2026-09-17,2026-09-16,2026-09-16,dissemination,2026-09-14,SOMETHING ELSE STRATEGIES LLC,MEDIA PRODUCTION,2013945,F24,48,True,processed,G2026,G2026,SE.29,2026-09-18,https://docquery.fec.gov/cgi-bin/forms/C00571703/2013945/,https://docquery.fec.gov/cgi-bin/fecimg/?202609189904423877
SLF,C00571703,R,OH-SEN,"BROWN, SHERROD",S6OH00163,DEM,S,OH,00,O,14776.09,2026-09-16,2026-09-16,2026-09-16,dissemination,2026-09-14,FCG MEDIA STRATEGIES LLC,TEXT MESSAGING,2013945,F24,48,True,processed,G2026,G2026,SE.30,2026-09-18,https://docquery.fec.gov/cgi-bin/forms/C00571703/2013945/,https://docquery.fec.gov/cgi-bin/fecimg/?202609189904423878
SLF,C00571703,R,OH-SEN,"BROWN, SHERROD",S6OH00163,DEM,S,OH,00,O,2250000.0,2026-09-15,2026-09-16,2026-09-16,dissemination,2026-09-14,GEN2 SOLUTIONS LLC,MEDIA PLACEMENT,2013945,F24,48,True,processed,G2026,G2026,SE.28,2026-09-18,https://docquery.fec.gov/cgi-bin/forms/C00571703/2013945/,https://docquery.fec.gov/cgi-bin/fecimg/?202609189904423877
SLF,C00571703,R,OH-SEN,"BROWN, SHERROD",S6OH00163,DEM,S,OH,00,O,5372824.38,2026-09-14,2026-09-16,2026-09-16,dissemination,2026-09-14,FLEXPOINT MEDIA,MEDIA PLACEMENT,2013945,F24,48,True,processed,G2026,G2026,SE.27,2026-09-18,https://docquery.fec.gov/cgi-bin/forms/C00571703/2013945/,https://docquery.fec.gov/cgi-bin/fecimg/?202609189904423876
Texas PAC,C00960211,R,TX-SEN,"TALARICO, JAMES",S6TX00479,DEM,S,TX,00,O,2500.0,2026-09-14,2026-09-16,2026-09-16,dissemination,2026-09-14,RED ELEPHANT STRATEGY LLC,MEDIA PRODUCTION,2013750,F24,48,True,processed,G2026,G2026,SE24.15,2026-09-18,https://docquery.fec.gov/cgi-bin/forms/C00960211/2013750/,https://docquery.fec.gov/cgi-bin/fecimg/?202609189904397240
Texas PAC,C00960211,R,TX-SEN,"TALARICO, JAMES",S6TX00479,DEM,S,TX,00,O,973689.2,2026-09-14,2026-09-16,2026-09-16,dissemination,2026-09-14,FLEXPOINT MEDIA INC,MEDIA,2013750,F24,48,True,processed,G2026,G2026,SE24.14,2026-09-18,https://docquery.fec.gov/cgi-bin/forms/C00960211/2013750/,https://docquery.fec.gov/cgi-bin/fecimg/?202609189904397239
Texas PAC,C00960211,R,TX-SEN,"PAXTON, WARREN KENNETH JR.",S6TX00388,REP,S,TX,00,S,829017.2,2026-09-14,2026-09-16,2026-09-16,dissemination,2026-09-14,FLEXPOINT MEDIA INC,MEDIA,2013750,F24,48,True,processed,G2026,G2026,SE24.13,2026-09-18,https://docquery.fec.gov/cgi-bin/forms/C00960211/2013750/,https://docquery.fec.gov/cgi-bin/fecimg/?202609189904397239
WinSenate,C00865444,D,IA-SEN,"ARENHOLZ, ASHLEY HINSON",S6IA00314,REP,S,IA,00,O,2475.1,2026-09-16,2026-09-16,2026-09-16,dissemination,2026-09-14,MPWR MEDIA STRATEGIES LLC,MEDIA PRODUCTION - ESTIMATE,2013600,F24,48,True,processed,G2026,G2026,500196705,2026-09-18,https://docquery.fec.gov/cgi-bin/forms/C00865444/2013600/,https://docquery.fec.gov/cgi-bin/fecimg/?202609189904385533
WinSenate,C00865444,D,NC-SEN,"WHATLEY, MICHAEL",S6NC00415,REP,S,NC,00,O,7318.68,2026-09-16,2026-09-16,2026-09-16,dissemination,2026-09-14,WATERFRONT STRATEGIES,MEDIA PRODUCTION - ESTIMATE,2013600,F24,48,True,processed,G2026,G2026,500196706,2026-09-18,https://docquery.fec.gov/cgi-bin/forms/C00865444/2013600/,https://docquery.fec.gov/cgi-bin/fecimg/?202609189904385534
WinSenate,C00865444,D,NH-SEN,"SUNUNU, JOHN E.",S6NH00208,REP,S,NH,00,O,783890.0,2026-09-16,2026-09-16,2026-09-16,dissemination,2026-09-14,WATERFRONT STRATEGIES,MEDIA BUY - ESTIMATE,2013600,F24,48,True,processed,G2026,G2026,500196654,2026-09-18,https://docquery.fec.gov/cgi-bin/forms/C00865444/2013600/,https://docquery.fec.gov/cgi-bin/fecimg/?202609189904385533
CLF,C00504530,R,CO-08,"RUTINEL, MANNY",,,H,CO,08,O,60000.0,2026-09-16,2026-09-17,2026-09-17,dissemination,2026-09-14,PRIME MEDIA PARTNERS,MEDIA PRODUCTION,2014111,F24,48,True,processed,G2026,G2026,SE24.4788,2026-09-19,https://docquery.fec.gov/cgi-bin/forms/C00504530/2014111/,https://docquery.fec.gov/cgi-bin/fecimg/?202609199904439978
CLF,C00504530,R,CO-08,"RUTINEL, MANNY",,,H,CO,08,O,13000.0,2026-09-15,2026-09-17,2026-09-17,dissemination,2026-09-14,PRIME MEDIA PARTNERS,MEDIA PRODUCTION,2014111,F24,48,True,processed,G2026,G2026,SE24.4781,2026-09-19,https://docquery.fec.gov/cgi-bin/forms/C00504530/2014111/,https://docquery.fec.gov/cgi-bin/fecimg/?202609199904439978
CLF,C00504530,R,NE-02,"POWELL, DENISE",,,H,NE,02,O,13000.0,2026-09-18,2026-09-17,2026-09-17,dissemination,2026-09-14,HONOLD COMMUNICATIONS,MEDIA PRODUCTION,2014111,F24,48,True,processed,G2026,G2026,SE24.4794,2026-09-19,https://docquery.fec.gov/cgi-bin/forms/C00504530/2014111/,https://docquery.fec.gov/cgi-bin/fecimg/?202609199904439979
HMP,C00495028,D,AZ-06,"CISCOMANI, JUAN",H2AZ02360,REP,H,AZ,06,O,13265.88,2026-09-17,2026-09-17,2026-09-17,dissemination,2026-09-14,SENA KOZAR STRATEGIES,MEDIA PRODUCTION - ESTIMATE,2014103,F24,48,True,processed,G2026,G2026,500680459,2026-09-19,https://docquery.fec.gov/cgi-bin/forms/C00495028/2014103/,https://docquery.fec.gov/cgi-bin/fecimg/?202609199904439568
HMP,C00495028,D,CA-22,"VALADAO, DAVID",H2CA20094,REP,H,CA,22,O,117500.0,2026-09-17,2026-09-17,2026-09-17,dissemination,2026-09-14,"TKO POLITICAL, LLC",MEDIA PRODUCTION - ESTIMATE,2014103,F24,48,True,processed,G2026,G2026,500680463,2026-09-19,https://docquery.fec.gov/cgi-bin/forms/C00495028/2014103/,https://docquery.fec.gov/cgi-bin/fecimg/?202609199904439570
HMP,C00495028,D,CA-22,"VALADAO, DAVID",H2CA20094,REP,H,CA,22,O,12000.0,2026-09-17,2026-09-17,2026-09-17,dissemination,2026-09-14,"TKO POLITICAL, LLC",MEDIA PRODUCTION - ESTIMATE,2014103,F24,48,True,processed,G2026,G2026,500680462,2026-09-19,https://docquery.fec.gov/cgi-bin/forms/C00495028/2014103/,https://docquery.fec.gov/cgi-bin/fecimg/?202609199904439570
HMP,C00495028,D,CO-08,"EVANS, TIMOTHY GABRIEL JOSEPH",H4CO08034,REP,H,CO,08,O,12610.84,2026-09-17,2026-09-17,2026-09-17,dissemination,2026-09-14,GPS IMPACT,MEDIA PRODUCTION - ESTIMATE,2014103,F24,48,True,processed,G2026,G2026,500680448,2026-09-19,https://docquery.fec.gov/cgi-bin/forms/C00495028/2014103/,https://docquery.fec.gov/cgi-bin/fecimg/?202609199904439565
HMP,C00495028,D,IA-02,"JAMES, LINDSAY",H6IA02211,DEM,H,IA,02,S,50906.41,2026-09-17,2026-09-17,2026-09-17,dissemination,2026-09-14,"THE PIVOT GROUP, INC.",DIRECT MAIL - ESTIMATE,2014103,F24,48,True,processed,G2026,G2026,500680457,2026-09-19,https://docquery.fec.gov/cgi-bin/forms/C00495028/2014103/,https://docquery.fec.gov/cgi-bin/fecimg/?202609199904439569
HMP,C00495028,D,IA-03,"NUNN, ZACH",H2IA03119,REP,H,IA,03,O,29519.38,2026-09-17,2026-09-17,2026-09-17,dissemination,2026-09-14,SENA KOZAR STRATEGIES,MEDIA PRODUCTION - ESTIMATE,2014103,F24,48,True,processed,G2026,G2026,500680461,2026-09-19,https://docquery.fec.gov/cgi-bin/forms/C00495028/2014103/,https://docquery.fec.gov/cgi-bin/fecimg/?202609199904439569
HMP,C00495028,D,IA-03,"NUNN, ZACH",H2IA03119,REP,H,IA,03,O,15058.11,2026-09-17,2026-09-17,2026-09-17,dissemination,2026-09-14,SENA KOZAR STRATEGIES,MEDIA PRODUCTION - ESTIMATE,2014103,F24,48,True,processed,G2026,G2026,500680460,2026-09-19,https://docquery.fec.gov/cgi-bin/forms/C00495028/2014103/,https://docquery.fec.gov/cgi-bin/fecimg/?202609199904439568
HMP,C00495028,D,OH-09,"KAPTUR, MARCY HON. M.C.",H2OH09031,DEM,H,OH,09,S,23686.56,2026-09-17,2026-09-17,2026-09-17,dissemination,2026-09-14,MOORE CAMPAIGNS,DIRECT MAIL - ESTIMATE,2014103,F24,48,True,processed,G2026,G2026,500680454,2026-09-19,https://docquery.fec.gov/cgi-bin/forms/C00495028/2014103/,https://docquery.fec.gov/cgi-bin/fecimg/?202609199904439566
HMP,C00495028,D,PA-07,"MACKENZIE, RYAN E.",H8PA15195,REP,H,PA,07,O,32575.32,2026-09-17,2026-09-17,2026-09-17,dissemination,2026-09-14,"MISSION CONTROL, INC.",DIRECT MAIL - ESTIMATE,2014103,F24,48,True,processed,G2026,G2026,500680453,2026-09-19,https://docquery.fec.gov/cgi-bin/forms/C00495028/2014103/,https://docquery.fec.gov/cgi-bin/fecimg/?202609199904439565
HMP,C00495028,D,PA-08,"BRESNAHAN, ROB",H4PA08124,REP,H,PA,08,O,51066.16,2026-09-17,2026-09-17,2026-09-17,dissemination,2026-09-14,MOORE CAMPAIGNS,DIRECT MAIL - ESTIMATE,2014103,F24,48,True,processed,G2026,G2026,500680455,2026-09-19,https://docquery.fec.gov/cgi-bin/forms/C00495028/2014103/,https://docquery.fec.gov/cgi-bin/fecimg/?202609199904439566
HMP,C00495028,D,TX-28,"CUELLAR, HENRY R.",H2TX23082,DEM,H,TX,28,S,12000.0,2026-09-17,2026-09-17,2026-09-17,dissemination,2026-09-14,WATERFRONT STRATEGIES INC.,MEDIA PRODUCTION - ESTIMATE,2014103,F24,48,True,processed,G2026,G2026,500680686,2026-09-19,https://docquery.fec.gov/cgi-bin/forms/C00495028/2014103/,https://docquery.fec.gov/cgi-bin/fecimg/?202609199904439573
HMP,C00495028,D,TX-28,"TIJERINA, TANO",H6TX28124,REP,H,TX,28,O,12000.0,2026-09-17,2026-09-17,2026-09-17,dissemination,2026-09-14,WATERFRONT STRATEGIES INC.,MEDIA PRODUCTION - ESTIMATE,2014103,F24,48,True,processed,G2026,G2026,500680447,2026-09-19,https://docquery.fec.gov/cgi-bin/forms/C00495028/2014103/,https://docquery.fec.gov/cgi-bin/fecimg/?202609199904439573
HMP,C00495028,D,TX-28,"TIJERINA, TANO",H6TX28124,REP,H,TX,28,O,101497.47,2026-09-17,2026-09-17,2026-09-17,dissemination,2026-09-14,WATERFRONT STRATEGIES INC.,DIGITAL ADVERTISING - ESTIMATE,2014103,F24,48,True,processed,G2026,G2026,500680446,2026-09-19,https://docquery.fec.gov/cgi-bin/forms/C00495028/2014103/,https://docquery.fec.gov/cgi-bin/fecimg/?202609199904439572
HMP,C00495028,D,TX-28,"CUELLAR, HENRY R.",H2TX23082,DEM,H,TX,28,S,68718.5,2026-09-17,2026-09-17,2026-09-17,dissemination,2026-09-14,WATERFRONT STRATEGIES INC.,DIGITAL ADVERTISING - ESTIMATE,2014103,F24,48,True,processed,G2026,G2026,500680445,2026-09-19,https://docquery.fec.gov/cgi-bin/forms/C00495028/2014103/,https://docquery.fec.gov/cgi-bin/fecimg/?202609199904439572
HMP,C00495028,D,TX-28,"CUELLAR, HENRY R.",H2TX23082,DEM,H,TX,28,S,11892.16,2026-09-17,2026-09-17,2026-09-17,dissemination,2026-09-14,RALSTON LAPP GUINN MEDIA,MEDIA PRODUCTION - ESTIMATE,2014103,F24,48,True,processed,G2026,G2026,500680458,2026-09-19,https://docquery.fec.gov/cgi-bin/forms/C00495028/2014103/,https://docquery.fec.gov/cgi-bin/fecimg/?202609199904439567
HMP,C00495028,D,TX-28,"TIJERINA, TANO",H6TX28124,REP,H,TX,28,O,20915.27,2026-09-17,2026-09-17,2026-09-17,dissemination,2026-09-14,"CONEXION POLITICAL, LLC",MEDIA PRODUCTION - ESTIMATE,2014103,F24,48,True,processed,G2026,G2026,500680452,2026-09-19,https://docquery.fec.gov/cgi-bin/forms/C00495028/2014103/,https://docquery.fec.gov/cgi-bin/fecimg/?202609199904439564
HMP,C00495028,D,TX-28,"CUELLAR, HENRY R.",H2TX23082,DEM,H,TX,28,S,17291.99,2026-09-17,2026-09-17,2026-09-17,dissemination,2026-09-14,"CONEXION POLITICAL, LLC",MEDIA PRODUCTION - ESTIMATE,2014103,F24,48,True,processed,G2026,G2026,500680451,2026-09-19,https://docquery.fec.gov/cgi-bin/forms/C00495028/2014103/,https://docquery.fec.gov/cgi-bin/fecimg/?202609199904439564
HMP,C00495028,D,TX-34,"FLORES, ERIC",H6TX34080,REP,H,TX,34,O,12000.0,2026-09-17,2026-09-17,2026-09-17,dissemination,2026-09-14,WATERFRONT STRATEGIES INC.,MEDIA PRODUCTION - ESTIMATE,2014103,F24,48,True,processed,G2026,G2026,500680444,2026-09-19,https://docquery.fec.gov/cgi-bin/forms/C00495028/2014103/,https://docquery.fec.gov/cgi-bin/fecimg/?202609199904439571
HMP,C00495028,D,TX-34,"FLORES, ERIC",H6TX34080,REP,H,TX,34,O,44450.0,2026-09-17,2026-09-17,2026-09-17,dissemination,2026-09-14,WATERFRONT STRATEGIES INC.,DIGITAL ADVERTISING - ESTIMATE,2014103,F24,48,True,processed,G2026,G2026,500680443,2026-09-19,https://docquery.fec.gov/cgi-bin/forms/C00495028/2014103/,https://docquery.fec.gov/cgi-bin/fecimg/?202609199904439571
HMP,C00495028,D,TX-34,"FLORES, ERIC",H6TX34080,REP,H,TX,34,O,55753.22,2026-09-17,2026-09-17,2026-09-17,dissemination,2026-09-14,"CONEXION POLITICAL, LLC",MEDIA PRODUCTION - ESTIMATE,2014103,F24,48,True,processed,G2026,G2026,500680450,2026-09-19,https://docquery.fec.gov/cgi-bin/forms/C00495028/2014103/,https://docquery.fec.gov/cgi-bin/fecimg/?202609199904439563
HMP,C00495028,D,TX-34,"FLORES, ERIC",H6TX34080,REP,H,TX,34,O,24400.54,2026-09-17,2026-09-17,2026-09-17,dissemination,2026-09-14,"CONEXION POLITICAL, LLC",MEDIA PRODUCTION - ESTIMATE,2014103,F24,48,True,processed,G2026,G2026,500680449,2026-09-19,https://docquery.fec.gov/cgi-bin/forms/C00495028/2014103/,https://docquery.fec.gov/cgi-bin/fecimg/?202609199904439563
HMP,C00495028,D,VA-01,"WITTMAN, ROBERT MR.",H8VA01147,REP,H,VA,01,O,20448.99,2026-09-17,2026-09-17,2026-09-17,dissemination,2026-09-14,MOXIE MEDIA,DIRECT MAIL - ESTIMATE,2014103,F24,48,True,processed,G2026,G2026,500680456,2026-09-19,https://docquery.fec.gov/cgi-bin/forms/C00495028/2014103/,https://docquery.fec.gov/cgi-bin/fecimg/?202609199904439567
No Going Back PAC,C00960435,R,AL-02,"MARQUES, RHETT",H6AL01086,REP,H,AL,02,S,16083.53,2026-09-16,2026-09-17,2026-09-17,dissemination,2026-09-14,WHISTLESTOP STRATEGIES LLC,DIRECT MAIL: PRINTING AND POSTAGE,2013965,F24,48,True,processed,G2026,G2026,SE.1181333.1,2026-09-18,https://docquery.fec.gov/cgi-bin/forms/C00960435/2013965/,https://docquery.fec.gov/cgi-bin/fecimg/?202609189904425269
No Going Back PAC,C00960435,R,AL-02,"FIGURES, SHOMARI C.",H4AL02170,DEM,H,AL,02,O,16083.53,2026-09-16,2026-09-17,2026-09-17,dissemination,2026-09-14,WHISTLESTOP STRATEGIES LLC,DIRECT MAIL: PRINTING AND POSTAGE,2013965,F24,48,True,processed,G2026,G2026,SE.1181333.2,2026-09-18,https://docquery.fec.gov/cgi-bin/forms/C00960435/2013965/,https://docquery.fec.gov/cgi-bin/fecimg/?202609189904425268
No Going Back PAC,C00960435,R,AZ-01,"SHAH, AMISH DR.",H4AZ01194,DEM,H,AZ,01,O,590.56,2026-09-17,2026-09-17,2026-09-17,dissemination,2026-09-14,ELECTORAL COMMUNICATIONS GROUP LLC,TEXT MESSAGES,2013965,F24,48,True,processed,G2026,G2026,SE.1181795,2026-09-18,https://docquery.fec.gov/cgi-bin/forms/C00960435/2013965/,https://docquery.fec.gov/cgi-bin/fecimg/?202609189904425270
No Going Back PAC,C00960435,R,AZ-01,"FEELY, THOMAS JAMES",H6AZ05190,REP,H,AZ,01,S,13422.24,2026-09-16,2026-09-17,2026-09-17,dissemination,2026-09-14,ELECTORAL COMMUNICATIONS GROUP LLC,DIRECT MAIL: PRINTING AND POSTAGE,2013965,F24,48,True,processed,G2026,G2026,SE.1181436.2,2026-09-18,https://docquery.fec.gov/cgi-bin/forms/C00960435/2013965/,https://docquery.fec.gov/cgi-bin/fecimg/?202609189904425271
No Going Back PAC,C00960435,R,AZ-01,"SHAH, AMISH DR.",H4AZ01194,DEM,H,AZ,01,O,27876.96,2026-09-16,2026-09-17,2026-09-17,dissemination,2026-09-14,ELECTORAL COMMUNICATIONS GROUP LLC,DIRECT MAIL: PRINTING AND POSTAGE,2013965,F24,48,True,processed,G2026,G2026,SE.1181436.1,2026-09-18,https://docquery.fec.gov/cgi-bin/forms/C00960435/2013965/,https://docquery.fec.gov/cgi-bin/fecimg/?202609189904425269
No Going Back PAC,C00960435,R,AZ-02,"CRANE, ELI",H2AZ01354,REP,H,AZ,02,S,13800.51,2026-09-15,2026-09-17,2026-09-17,dissemination,2026-09-14,CREATIVE DIRECT,DIRECT MAIL: PRINTING AND POSTAGE,2013965,F24,48,True,processed,G2026,G2026,SE.1180900.1,2026-09-18,https://docquery.fec.gov/cgi-bin/forms/C00960435/2013965/,https://docquery.fec.gov/cgi-bin/fecimg/?202609189904425271
No Going Back PAC,C00960435,R,AZ-02,"NEZ, JONATHAN MICHAEL",H4AZ02184,DEM,H,AZ,02,O,13800.51,2026-09-15,2026-09-17,2026-09-17,dissemination,2026-09-14,CREATIVE DIRECT,DIRECT MAIL: PRINTING AND POSTAGE,2013965,F24,48,True,processed,G2026,G2026,SE.1180900.2,2026-09-18,https://docquery.fec.gov/cgi-bin/forms/C00960435/2013965/,https://docquery.fec.gov/cgi-bin/fecimg/?202609189904425270
No Going Back PAC,C00960435,R,AZ-06,"CISCOMANI, JUAN",H2AZ02360,REP,H,AZ,06,S,17432.14,2026-09-15,2026-09-17,2026-09-17,dissemination,2026-09-14,CREATIVE DIRECT,DIRECT MAIL: PRINTING AND POSTAGE,2013965,F24,48,True,processed,G2026,G2026,SE.1180901.1,2026-09-18,https://docquery.fec.gov/cgi-bin/forms/C00960435/2013965/,https://docquery.fec.gov/cgi-bin/fecimg/?202609189904425273
No Going Back PAC,C00960435,R,AZ-06,"MENDOZA, JOANNA",H6AZ06099,DEM,H,AZ,06,O,17432.14,2026-09-15,2026-09-17,2026-09-17,dissemination,2026-09-14,CREATIVE DIRECT,DIRECT MAIL: PRINTING AND POSTAGE,2013965,F24,48,True,processed,G2026,G2026,SE.1180901.2,2026-09-18,https://docquery.fec.gov/cgi-bin/forms/C00960435/2013965/,https://docquery.fec.gov/cgi-bin/fecimg/?202609189904425272
No Going Back PAC,C00960435,R,CO-05,"KILLIN, JESSICA WILLOW",H6CO05324,DEM,H,CO,05,O,130270.0,2026-09-11,2026-09-17,2026-09-17,dissemination,2026-09-14,PT STRATEGY LLC,DIRECT MAIL: PRINTING AND POSTAGE,2013965,F24,48,True,processed,G2026,G2026,SE.1179632,2026-09-18,https://docquery.fec.gov/cgi-bin/forms/C00960435/2013965/,https://docquery.fec.gov/cgi-bin/fecimg/?202609189904425276
No Going Back PAC,C00960435,R,FL-22,"ASKAR, CASEY",H6FL22248,REP,H,FL,22,S,19308.39,2026-09-14,2026-09-17,2026-09-17,dissemination,2026-09-14,WHISTLESTOP STRATEGIES LLC,DIRECT MAIL: PRINTING AND POSTAGE,2013965,F24,48,True,processed,G2026,G2026,SE.1180219.1,2026-09-18,https://docquery.fec.gov/cgi-bin/forms/C00960435/2013965/,https://docquery.fec.gov/cgi-bin/fecimg/?202609189904425278
No Going Back PAC,C00960435,R,FL-22,"DANDIYA, PIA",H6FL21059,DEM,H,FL,22,O,19308.39,2026-09-14,2026-09-17,2026-09-17,dissemination,2026-09-14,WHISTLESTOP STRATEGIES LLC,DIRECT MAIL: PRINTING AND POSTAGE,2013965,F24,48,True,processed,G2026,G2026,SE.1180219.2,2026-09-18,https://docquery.fec.gov/cgi-bin/forms/C00960435/2013965/,https://docquery.fec.gov/cgi-bin/fecimg/?202609189904425277
No Going Back PAC,C00960435,R,FL-25,"SINGER, SCOTT M.",H6FL23188,REP,H,FL,25,S,20832.13,2026-09-14,2026-09-17,2026-09-17,dissemination,2026-09-14,WHISTLESTOP STRATEGIES LLC,DIRECT MAIL: PRINTING AND POSTAGE,2013965,F24,48,True,processed,G2026,G2026,SE.1180249.1,2026-09-18,https://docquery.fec.gov/cgi-bin/forms/C00960435/2013965/,https://docquery.fec.gov/cgi-bin/fecimg/?202609189904425278
No Going Back PAC,C00960435,R,FL-25,"MOSKOWITZ, JARED",H2FL22171,DEM,H,FL,25,O,20832.13,2026-09-14,2026-09-17,2026-09-17,dissemination,2026-09-14,WHISTLESTOP STRATEGIES LLC,DIRECT MAIL: PRINTING AND POSTAGE,2013965,F24,48,True,processed,G2026,G2026,SE.1180249.2,2026-09-18,https://docquery.fec.gov/cgi-bin/forms/C00960435/2013965/,https://docquery.fec.gov/cgi-bin/fecimg/?202609189904425277
No Going Back PAC,C00960435,R,GA-SEN,"COLLINS, MICHAEL A JR",S6GA00390,REP,S,GA,00,S,166843.87,2026-09-09,2026-09-17,2026-09-17,dissemination,2026-09-14,WHISTLESTOP STRATEGIES LLC,DIRECT MAIL: PRINTING AND POSTAGE,2013965,F24,48,True,processed,G2026,G2026,SE.1178468.2,2026-09-18,https://docquery.fec.gov/cgi-bin/forms/C00960435/2013965/,https://docquery.fec.gov/cgi-bin/fecimg/?202609189904425280
No Going Back PAC,C00960435,R,GA-SEN,"OSSOFF, T. JONATHAN",S8GA00180,DEM,S,GA,00,O,166843.87,2026-09-09,2026-09-17,2026-09-17,dissemination,2026-09-14,WHISTLESTOP STRATEGIES LLC,DIRECT MAIL: PRINTING AND POSTAGE,2013965,F24,48,True,processed,G2026,G2026,SE.1178468.1,2026-09-18,https://docquery.fec.gov/cgi-bin/forms/C00960435/2013965/,https://docquery.fec.gov/cgi-bin/fecimg/?202609189904425279
No Going Back PAC,C00960435,R,IA-SEN,"TUREK, JOSHUA",S6IA00298,DEM,S,IA,00,O,278900.12,2026-09-16,2026-09-17,2026-09-17,dissemination,2026-09-14,MINUTE MAIL CONSULTING GROUP LLC,DIRECT MAIL: PRINTING AND POSTAGE,2013965,F24,48,True,processed,G2026,G2026,SE.1181523,2026-09-18,https://docquery.fec.gov/cgi-bin/forms/C00960435/2013965/,https://docquery.fec.gov/cgi-bin/fecimg/?202609189904425282
No Going Back PAC,C00960435,R,MI-07,"LAWRENCE, WILLIAM",H6MI07298,DEM,H,MI,07,O,486.0,2026-09-16,2026-09-17,2026-09-17,dissemination,2026-09-14,"1892, LLC",TEXT MESSAGES,2013965,F24,48,True,processed,G2026,G2026,SE.1181237,2026-09-18,https://docquery.fec.gov/cgi-bin/forms/C00960435/2013965/,https://docquery.fec.gov/cgi-bin/fecimg/?202609189904425284
No Going Back PAC,C00960435,R,MI-08,"SMITH, THOMAS JAMES MR",H6MI08312,REP,H,MI,08,S,12925.97,2026-09-14,2026-09-17,2026-09-17,dissemination,2026-09-14,WHISTLESTOP STRATEGIES LLC,DIRECT MAIL: PRINTING AND POSTAGE,2013965,F24,48,True,processed,G2026,G2026,SE.1180223.1,2026-09-18,https://docquery.fec.gov/cgi-bin/forms/C00960435/2013965/,https://docquery.fec.gov/cgi-bin/fecimg/?202609189904425286
No Going Back PAC,C00960435,R,MI-08,"MCDONALD RIVET, KRISTEN",H4MI08218,DEM,H,MI,08,O,12925.98,2026-09-14,2026-09-17,2026-09-17,dissemination,2026-09-14,WHISTLESTOP STRATEGIES LLC,DIRECT MAIL: PRINTING AND POSTAGE,2013965,F24,48,True,processed,G2026,G2026,SE.1180223.2,2026-09-18,https://docquery.fec.gov/cgi-bin/forms/C00960435/2013965/,https://docquery.fec.gov/cgi-bin/fecimg/?202609189904425285
No Going Back PAC,C00960435,R,MI-10,"HINES, CHRISTINA",H6MI10276,DEM,H,MI,10,O,9076.14,2026-09-15,2026-09-17,2026-09-17,dissemination,2026-09-14,STORYTELLERS GROUP LLC,DIRECT MAIL: PRINTING AND POSTAGE,2013965,F24,48,True,processed,G2026,G2026,SE.1180470.2,2026-09-18,https://docquery.fec.gov/cgi-bin/forms/C00960435/2013965/,https://docquery.fec.gov/cgi-bin/fecimg/?202609189904425287
No Going Back PAC,C00960435,R,MI-10,"BOUCHARD, MICHAEL",H6MI10359,REP,H,MI,10,S,9076.14,2026-09-15,2026-09-17,2026-09-17,dissemination,2026-09-14,STORYTELLERS GROUP LLC,DIRECT MAIL: PRINTING AND POSTAGE,2013965,F24,48,True,processed,G2026,G2026,SE.1180470.1,2026-09-18,https://docquery.fec.gov/cgi-bin/forms/C00960435/2013965/,https://docquery.fec.gov/cgi-bin/fecimg/?202609189904425285
No Going Back PAC,C00960435,R,NC-01,"DAVIS, DON",H2NC02287,DEM,H,NC,01,O,1521.0,2026-09-22,2026-09-17,2026-09-17,dissemination,2026-09-14,"1892, LLC",TEXT MESSAGES,2014804,F24,48,True,processed,G2026,G2026,SE.1183066,2026-09-22,https://docquery.fec.gov/cgi-bin/forms/C00960435/2014804/,https://docquery.fec.gov/cgi-bin/fecimg/?202609229908384982
No Going Back PAC,C00960435,R,NJ-07,"KEAN, THOMAS JR.",H0NJ07261,REP,H,NJ,07,S,33373.56,2026-09-16,2026-09-17,2026-09-17,dissemination,2026-09-14,ELECTORAL COMMUNICATIONS GROUP LLC,DIRECT MAIL: PRINTING AND POSTAGE,2013965,F24,48,True,processed,G2026,G2026,SE.1181516.2,2026-09-18,https://docquery.fec.gov/cgi-bin/forms/C00960435/2013965/,https://docquery.fec.gov/cgi-bin/fecimg/?202609189904425294
No Going Back PAC,C00960435,R,NJ-07,"BENNETT, REBECCA",H6NJ07201,DEM,H,NJ,07,O,33373.56,2026-09-16,2026-09-17,2026-09-17,dissemination,2026-09-14,ELECTORAL COMMUNICATIONS GROUP LLC,DIRECT MAIL: PRINTING AND POSTAGE,2013965,F24,48,True,processed,G2026,G2026,SE.1181516.1,2026-09-18,https://docquery.fec.gov/cgi-bin/forms/C00960435/2013965/,https://docquery.fec.gov/cgi-bin/fecimg/?202609189904425292
No Going Back PAC,C00960435,R,NJ-09,"PINO, ROSEMARY",H6NJ09264,REP,H,NJ,09,S,18625.81,2026-09-14,2026-09-17,2026-09-17,dissemination,2026-09-14,WHISTLESTOP STRATEGIES LLC,DIRECT MAIL: PRINTING AND POSTAGE,2013965,F24,48,True,processed,G2026,G2026,SE.1180251.1,2026-09-18,https://docquery.fec.gov/cgi-bin/forms/C00960435/2013965/,https://docquery.fec.gov/cgi-bin/fecimg/?202609189904425294
No Going Back PAC,C00960435,R,NJ-09,"POU, NELIDA",H4NJ09194,DEM,H,NJ,09,O,18625.8,2026-09-14,2026-09-17,2026-09-17,dissemination,2026-09-14,WHISTLESTOP STRATEGIES LLC,DIRECT MAIL: PRINTING AND POSTAGE,2013965,F24,48,True,processed,G2026,G2026,SE.1180251.2,2026-09-18,https://docquery.fec.gov/cgi-bin/forms/C00960435/2013965/,https://docquery.fec.gov/cgi-bin/fecimg/?202609189904425293
No Going Back PAC,C00960435,R,NM-02,"CUNNINGHAM, GREG",H6NM02127,REP,H,NM,02,S,19476.66,2026-09-14,2026-09-17,2026-09-17,dissemination,2026-09-14,WHISTLESTOP STRATEGIES LLC,DIRECT MAIL: PRINTING AND POSTAGE,2013965,F24,48,True,processed,G2026,G2026,SE.1179872.1,2026-09-18,https://docquery.fec.gov/cgi-bin/forms/C00960435/2013965/,https://docquery.fec.gov/cgi-bin/fecimg/?202609189904425295
No Going Back PAC,C00960435,R,NM-02,"VASQUEZ, GABRIEL",H2NM02191,DEM,H,NM,02,O,19476.66,2026-09-14,2026-09-17,2026-09-17,dissemination,2026-09-14,WHISTLESTOP STRATEGIES LLC,DIRECT MAIL: PRINTING AND POSTAGE,2013965,F24,48,True,processed,G2026,G2026,SE.1179872.2,2026-09-18,https://docquery.fec.gov/cgi-bin/forms/C00960435/2013965/,https://docquery.fec.gov/cgi-bin/fecimg/?202609189904425293
No Going Back PAC,C00960435,R,NV-03,"O'DONNELL, MARTY",H4NV03225,REP,H,NV,03,S,30719.07,2026-09-16,2026-09-17,2026-09-17,dissemination,2026-09-14,ELECTORAL COMMUNICATIONS GROUP LLC,DIRECT MAIL: PRINTING AND POSTAGE,2013965,F24,48,True,processed,G2026,G2026,SE.1181515.2,2026-09-18,https://docquery.fec.gov/cgi-bin/forms/C00960435/2013965/,https://docquery.fec.gov/cgi-bin/fecimg/?202609189904425296
No Going Back PAC,C00960435,R,NV-03,"LEE, SUSIE",H6NV04020,DEM,H,NV,03,O,67581.97,2026-09-16,2026-09-17,2026-09-17,dissemination,2026-09-14,ELECTORAL COMMUNICATIONS GROUP LLC,DIRECT MAIL: PRINTING AND POSTAGE,2013965,F24,48,True,processed,G2026,G2026,SE.1181515.1,2026-09-18,https://docquery.fec.gov/cgi-bin/forms/C00960435/2013965/,https://docquery.fec.gov/cgi-bin/fecimg/?202609189904425296
No Going Back PAC,C00960435,R,NY-04,"DRISCOLL, JEANINE",H6NY04211,REP,H,NY,04,S,15236.63,2026-09-14,2026-09-17,2026-09-17,dissemination,2026-09-14,WHISTLESTOP STRATEGIES LLC,DIRECT MAIL: PRINTING AND POSTAGE,2013965,F24,48,True,processed,G2026,G2026,SE.1180221.1,2026-09-18,https://docquery.fec.gov/cgi-bin/forms/C00960435/2013965/,https://docquery.fec.gov/cgi-bin/fecimg/?202609189904425300
No Going Back PAC,C00960435,R,NY-04,"GILLEN, LAURA",H2NY04244,DEM,H,NY,04,O,15236.63,2026-09-14,2026-09-17,2026-09-17,dissemination,2026-09-14,WHISTLESTOP STRATEGIES LLC,DIRECT MAIL: PRINTING AND POSTAGE,2013965,F24,48,True,processed,G2026,G2026,SE.1180221.2,2026-09-18,https://docquery.fec.gov/cgi-bin/forms/C00960435/2013965/,https://docquery.fec.gov/cgi-bin/fecimg/?202609189904425299
No Going Back PAC,C00960435,R,NY-17,"LAWLER, MICHAEL VINCENT",H2NY17162,REP,H,NY,17,S,10071.46,2026-09-15,2026-09-17,2026-09-17,dissemination,2026-09-14,CREATIVE DIRECT,DIRECT MAIL: PRINTING AND POSTAGE,2013965,F24,48,True,processed,G2026,G2026,SE.1180895.1,2026-09-18,https://docquery.fec.gov/cgi-bin/forms/C00960435/2013965/,https://docquery.fec.gov/cgi-bin/fecimg/?202609189904425300
No Going Back PAC,C00960435,R,NY-17,"CONLEY, CAIT",H6NY17171,DEM,H,NY,17,O,10071.46,2026-09-15,2026-09-17,2026-09-17,dissemination,2026-09-14,CREATIVE DIRECT,DIRECT MAIL: PRINTING AND POSTAGE,2013965,F24,48,True,processed,G2026,G2026,SE.1180895.2,2026-09-18,https://docquery.fec.gov/cgi-bin/forms/C00960435/2013965/,https://docquery.fec.gov/cgi-bin/fecimg/?202609189904425299
No Going Back PAC,C00960435,R,TX-23,"HERRERA, BRANDON",H4TX23120,REP,H,TX,23,S,23011.87,2026-09-15,2026-09-17,2026-09-17,dissemination,2026-09-14,CREATIVE DIRECT,DIRECT MAIL: PRINTING AND POSTAGE,2013965,F24,48,True,processed,G2026,G2026,SE.1180897.1,2026-09-18,https://docquery.fec.gov/cgi-bin/forms/C00960435/2013965/,https://docquery.fec.gov/cgi-bin/fecimg/?202609189904425305
No Going Back PAC,C00960435,R,TX-23,"STOUT, KATY PADILLA",H6TX23273,DEM,H,TX,23,O,23011.88,2026-09-15,2026-09-17,2026-09-17,dissemination,2026-09-14,CREATIVE DIRECT,DIRECT MAIL: PRINTING AND POSTAGE,2013965,F24,48,True,processed,G2026,G2026,SE.1180897.2,2026-09-18,https://docquery.fec.gov/cgi-bin/forms/C00960435/2013965/,https://docquery.fec.gov/cgi-bin/fecimg/?202609189904425304
No Going Back PAC,C00960435,R,TX-28,"TIJERINA, TANO",H6TX28124,REP,H,TX,28,S,12609.63,2026-09-14,2026-09-17,2026-09-17,dissemination,2026-09-14,WHISTLESTOP STRATEGIES LLC,DIRECT MAIL: PRINTING AND POSTAGE,2013965,F24,48,True,processed,G2026,G2026,SE.1180229.1,2026-09-18,https://docquery.fec.gov/cgi-bin/forms/C00960435/2013965/,https://docquery.fec.gov/cgi-bin/fecimg/?202609189904425307
No Going Back PAC,C00960435,R,TX-28,"CUELLAR, HENRY R.",H2TX23082,DEM,H,TX,28,O,12609.62,2026-09-14,2026-09-17,2026-09-17,dissemination,2026-09-14,WHISTLESTOP STRATEGIES LLC,DIRECT MAIL: PRINTING AND POSTAGE,2013965,F24,48,True,processed,G2026,G2026,SE.1180229.2,2026-09-18,https://docquery.fec.gov/cgi-bin/forms/C00960435/2013965/,https://docquery.fec.gov/cgi-bin/fecimg/?202609189904425305
No Going Back PAC,C00960435,R,WI-01,"STEIL, BRYAN GEORGE",H8WI01156,REP,H,WI,01,S,44777.47,2026-09-15,2026-09-17,2026-09-17,dissemination,2026-09-14,CREATIVE DIRECT,DIRECT MAIL: PRINTING AND POSTAGE,2013965,F24,48,True,processed,G2026,G2026,SE.1180903.1,2026-09-18,https://docquery.fec.gov/cgi-bin/forms/C00960435/2013965/,https://docquery.fec.gov/cgi-bin/fecimg/?202609189904425307
No Going Back PAC,C00960435,R,WI-01,"BERMAN, MITCHELL",H6WI01283,DEM,H,WI,01,O,44777.47,2026-09-15,2026-09-17,2026-09-17,dissemination,2026-09-14,CREATIVE DIRECT,DIRECT MAIL: PRINTING AND POSTAGE,2013965,F24,48,True,processed,G2026,G2026,SE.1180903.2,2026-09-18,https://docquery.fec.gov/cgi-bin/forms/C00960435/2013965/,https://docquery.fec.gov/cgi-bin/fecimg/?202609189904425306
SLF,C00571703,R,ME-SEN,"JACKSON, TROY DALE",S6ME00464,DEM,S,ME,00,O,17500.0,2026-09-16,2026-09-17,2026-09-17,dissemination,2026-09-14,DREAM AMERICA MEDIA,MEDIA PRODUCTION,2013945,F24,48,True,processed,G2026,G2026,SE.13,2026-09-18,https://docquery.fec.gov/cgi-bin/forms/C00571703/2013945/,https://docquery.fec.gov/cgi-bin/fecimg/?202609189904423881
SLF,C00571703,R,ME-SEN,"JACKSON, TROY DALE",S6ME00464,DEM,S,ME,00,O,117278.06,2026-09-15,2026-09-17,2026-09-17,dissemination,2026-09-14,CREATIVE DIRECT,POSTAGE / PRINTING / PRODUCTION,2013945,F24,48,True,processed,G2026,G2026,SE.14,2026-09-18,https://docquery.fec.gov/cgi-bin/forms/C00571703/2013945/,https://docquery.fec.gov/cgi-bin/fecimg/?202609189904423882
SLF,C00571703,R,NH-SEN,"PAPPAS, CHRIS",S6NH00141,DEM,S,NH,00,O,90074.68,2026-09-14,2026-09-17,2026-09-17,dissemination,2026-09-14,MAJORITY STRATEGIES LLC,POSTAGE / PRINTING / PRODUCTION,2013945,F24,48,True,processed,G2026,G2026,SE.26,2026-09-18,https://docquery.fec.gov/cgi-bin/forms/C00571703/2013945/,https://docquery.fec.gov/cgi-bin/fecimg/?202609189904423876
SLF,C00571703,R,OH-SEN,"BROWN, SHERROD",S6OH00163,DEM,S,OH,00,O,541802.11,2026-09-14,2026-09-17,2026-09-17,dissemination,2026-09-14,WHISTLESTOP STRATEGIES LLC,POSTAGE / PRINTING / PRODUCTION,2013945,F24,48,True,processed,G2026,G2026,SE.31,2026-09-18,https://docquery.fec.gov/cgi-bin/forms/C00571703/2013945/,https://docquery.fec.gov/cgi-bin/fecimg/?202609189904423875
Texas PAC,C00960211,R,TX-SEN,"TALARICO, JAMES",S6TX00479,DEM,S,TX,00,O,373961.07,2026-09-14,2026-09-17,2026-09-17,dissemination,2026-09-14,GOLDFINCH PARTNERS LLC,PRINTING/POSTAGE,2014098,F24,48,True,processed,G2026,G2026,SE24.17,2026-09-19,https://docquery.fec.gov/cgi-bin/forms/C00960211/2014098/,https://docquery.fec.gov/cgi-bin/fecimg/?202609199904439411
Texas PAC,C00960211,R,TX-SEN,"PAXTON, WARREN KENNETH JR.",S6TX00388,REP,S,TX,00,S,373961.08,2026-09-14,2026-09-17,2026-09-17,dissemination,2026-09-14,GOLDFINCH PARTNERS LLC,PRINTING/POSTAGE,2014098,F24,48,True,processed,G2026,G2026,SE24.16,2026-09-19,https://docquery.fec.gov/cgi-bin/forms/C00960211/2014098/,https://docquery.fec.gov/cgi-bin/fecimg/?202609199904439411
WinSenate,C00865444,D,IA-SEN,"ARENHOLZ, ASHLEY HINSON",S6IA00314,REP,S,IA,00,O,8500.0,2026-09-17,2026-09-17,2026-09-17,dissemination,2026-09-14,TRILOGY INTERACTIVE LLC,MEDIA PRODUCTION - ESTIMATE,2014141,F24,48,True,processed,G2026,G2026,500196753,2026-09-19,https://docquery.fec.gov/cgi-bin/forms/C00865444/2014141/,https://docquery.fec.gov/cgi-bin/fecimg/?202609199904440503
WinSenate,C00865444,D,IA-SEN,"ARENHOLZ, ASHLEY HINSON",S6IA00314,REP,S,IA,00,O,10701.13,2026-09-17,2026-09-17,2026-09-17,dissemination,2026-09-14,MPWR MEDIA STRATEGIES LLC,MEDIA PRODUCTION - ESTIMATE,2014141,F24,48,True,processed,G2026,G2026,500196751,2026-09-19,https://docquery.fec.gov/cgi-bin/forms/C00865444/2014141/,https://docquery.fec.gov/cgi-bin/fecimg/?202609199904440502
WinSenate,C00865444,D,ME-SEN,"COLLINS, SUSAN",S6ME00159,REP,S,ME,00,O,12690.77,2026-09-17,2026-09-17,2026-09-17,dissemination,2026-09-14,"MVAR MEDIA, LLC",MEDIA PRODUCTION - ESTIMATE,2014141,F24,48,True,processed,G2026,G2026,500196752,2026-09-19,https://docquery.fec.gov/cgi-bin/forms/C00865444/2014141/,https://docquery.fec.gov/cgi-bin/fecimg/?202609199904440502
WinSenate,C00865444,D,MI-SEN,"EL-SAYED, ABDUL",S6MI00418,DEM,S,MI,00,S,50000.0,2026-09-17,2026-09-17,2026-09-17,dissemination,2026-09-14,ACTIVATE HQ,ONLINE CONTENT & PRODUCTION - ESTIMATE,2014141,F24,48,True,processed,G2026,G2026,500196747,2026-09-19,https://docquery.fec.gov/cgi-bin/forms/C00865444/2014141/,https://docquery.fec.gov/cgi-bin/fecimg/?202609199904440500
WinSenate,C00865444,D,NH-SEN,"SUNUNU, JOHN E.",S6NH00208,REP,S,NH,00,O,18795.0,2026-09-17,2026-09-17,2026-09-17,dissemination,2026-09-14,AL MEDIA LLC,MEDIA PRODUCTION - ESTIMATE,2014141,F24,48,True,processed,G2026,G2026,500196749,2026-09-19,https://docquery.fec.gov/cgi-bin/forms/C00865444/2014141/,https://docquery.fec.gov/cgi-bin/fecimg/?202609199904440501
WinSenate,C00865444,D,NH-SEN,"SUNUNU, JOHN E.",S6NH00208,REP,S,NH,00,O,587863.0,2026-09-17,2026-09-17,2026-09-17,dissemination,2026-09-14,AL MEDIA LLC,DIGITAL MEDIA BUY - ESTIMATE,2014141,F24,48,True,processed,G2026,G2026,500196748,2026-09-19,https://docquery.fec.gov/cgi-bin/forms/C00865444/2014141/,https://docquery.fec.gov/cgi-bin/fecimg/?202609199904440500
WinSenate,C00865444,D,OH-SEN,"HUSTED, JON",S6OH00304,REP,S,OH,00,O,900000.0,2026-09-17,2026-09-17,2026-09-17,dissemination,2026-09-14,C PLUS K LLC,DIGITAL MEDIA BUY - ESTIMATE,2014141,F24,48,True,processed,G2026,G2026,500196750,2026-09-19,https://docquery.fec.gov/cgi-bin/forms/C00865444/2014141/,https://docquery.fec.gov/cgi-bin/fecimg/?202609199904440501
CLF,C00504530,R,MI-08,"MCDONALD RIVET, KRISTEN",H4MI08218,DEM,H,MI,08,O,13000.0,2026-09-21,2026-09-18,2026-09-18,dissemination,2026-09-14,MOTIVE MEDIA,MEDIA PRODUCTION,2014708,F24,48,True,processed,G2026,G2026,SE24.4839,2026-09-21,https://docquery.fec.gov/cgi-bin/forms/C00504530/2014708/,https://docquery.fec.gov/cgi-bin/fecimg/?202609219908383660
HMP,C00495028,D,AZ-06,"CISCOMANI, JUAN",H2AZ02360,REP,H,AZ,06,O,22794.63,2026-09-18,2026-09-18,2026-09-18,dissemination,2026-09-14,THE STRATEGY GROUP,DIRECT MAIL - ESTIMATE,2014536,F24,48,True,processed,G2026,G2026,500680691,2026-09-20,https://docquery.fec.gov/cgi-bin/forms/C00495028/2014536/,https://docquery.fec.gov/cgi-bin/fecimg/?202609209908327914
HMP,C00495028,D,AZ-06,"CISCOMANI, JUAN",H2AZ02360,REP,H,AZ,06,O,15000.0,2026-09-18,2026-09-18,2026-09-18,dissemination,2026-09-14,SOLIDARITY STRATEGIES LLC,MEDIA PRODUCTION - ESTIMATE,2014536,F24,48,True,processed,G2026,G2026,500680692,2026-09-20,https://docquery.fec.gov/cgi-bin/forms/C00495028/2014536/,https://docquery.fec.gov/cgi-bin/fecimg/?202609209908327913
HMP,C00495028,D,PA-01,"FITZPATRICK, BRIAN",H6PA08277,REP,H,PA,01,O,44171.54,2026-09-18,2026-09-18,2026-09-18,dissemination,2026-09-14,RESONANCE CAMPAIGNS LLC,DIRECT MAIL - ESTIMATE,2014536,F24,48,True,processed,G2026,G2026,500680693,2026-09-20,https://docquery.fec.gov/cgi-bin/forms/C00495028/2014536/,https://docquery.fec.gov/cgi-bin/fecimg/?202609209908327913
No Going Back PAC,C00960435,R,AK-AL,"HILL, BILL",H6AK01092,IND,H,AK,00,O,56866.05,2026-09-16,2026-09-18,2026-09-18,dissemination,2026-09-14,CALIBER CONTACT,DIRECT MAIL: PRINTING AND POSTAGE,2014430,F24,48,True,processed,G2026,G2026,SE.1180964.2,2026-09-20,https://docquery.fec.gov/cgi-bin/forms/C00960435/2014430/,https://docquery.fec.gov/cgi-bin/fecimg/?202609209908268178
No Going Back PAC,C00960435,R,AK-AL,"BEGICH, NICHOLAS III",H2AK01083,REP,H,AK,00,S,56866.05,2026-09-16,2026-09-18,2026-09-18,dissemination,2026-09-14,CALIBER CONTACT,DIRECT MAIL: PRINTING AND POSTAGE,2014430,F24,48,True,processed,G2026,G2026,SE.1180964.1,2026-09-20,https://docquery.fec.gov/cgi-bin/forms/C00960435/2014430/,https://docquery.fec.gov/cgi-bin/fecimg/?202609209908268176
No Going Back PAC,C00960435,R,IA-01,"BOHANNAN, CHRISTINA",H2IA02111,DEM,H,IA,01,O,15335.52,2026-09-18,2026-09-18,2026-09-18,dissemination,2026-09-14,OPTIMATES LLC,DIRECT MAIL: PRINTING AND POSTAGE,2014430,F24,48,True,processed,G2026,G2026,SE.1182388.2,2026-09-20,https://docquery.fec.gov/cgi-bin/forms/C00960435/2014430/,https://docquery.fec.gov/cgi-bin/fecimg/?202609209908268192
No Going Back PAC,C00960435,R,IA-01,"MILLER-MEEKS, MARIANNETTE JANE",H8IA02043,REP,H,IA,01,S,15335.51,2026-09-18,2026-09-18,2026-09-18,dissemination,2026-09-14,OPTIMATES LLC,DIRECT MAIL: PRINTING AND POSTAGE,2014430,F24,48,True,processed,G2026,G2026,SE.1182388.1,2026-09-20,https://docquery.fec.gov/cgi-bin/forms/C00960435/2014430/,https://docquery.fec.gov/cgi-bin/fecimg/?202609209908268191
No Going Back PAC,C00960435,R,IA-02,"JAMES, LINDSAY",H6IA02211,DEM,H,IA,02,O,39654.07,2026-09-18,2026-09-18,2026-09-18,dissemination,2026-09-14,OPTIMATES LLC,DIRECT MAIL: PRINTING AND POSTAGE,2014430,F24,48,True,processed,G2026,G2026,SE.1182387.2,2026-09-20,https://docquery.fec.gov/cgi-bin/forms/C00960435/2014430/,https://docquery.fec.gov/cgi-bin/fecimg/?202609209908268191
No Going Back PAC,C00960435,R,IA-02,"MITCHELL, JOE",H6IA02237,REP,H,IA,02,S,39654.06,2026-09-18,2026-09-18,2026-09-18,dissemination,2026-09-14,OPTIMATES LLC,DIRECT MAIL: PRINTING AND POSTAGE,2014430,F24,48,True,processed,G2026,G2026,SE.1182387.1,2026-09-20,https://docquery.fec.gov/cgi-bin/forms/C00960435/2014430/,https://docquery.fec.gov/cgi-bin/fecimg/?202609209908268190
No Going Back PAC,C00960435,R,MI-04,"MCCANN, SEAN",H6MI04204,DEM,H,MI,04,O,36802.42,2026-09-15,2026-09-18,2026-09-18,dissemination,2026-09-14,STORYTELLERS GROUP LLC,DIRECT MAIL: PRINTING AND POSTAGE,2014430,F24,48,True,processed,G2026,G2026,SE.1180462.2,2026-09-20,https://docquery.fec.gov/cgi-bin/forms/C00960435/2014430/,https://docquery.fec.gov/cgi-bin/fecimg/?202609209908268173
No Going Back PAC,C00960435,R,MI-04,"HUIZENGA, WILLIAM P",H0MI02094,REP,H,MI,04,S,36802.41,2026-09-15,2026-09-18,2026-09-18,dissemination,2026-09-14,STORYTELLERS GROUP LLC,DIRECT MAIL: PRINTING AND POSTAGE,2014430,F24,48,True,processed,G2026,G2026,SE.1180462.1,2026-09-20,https://docquery.fec.gov/cgi-bin/forms/C00960435/2014430/,https://docquery.fec.gov/cgi-bin/fecimg/?202609209908268172
No Going Back PAC,C00960435,R,MI-07,"BARRETT, THOMAS M.",H2MI07123,REP,H,MI,07,S,10171.26,2026-09-15,2026-09-18,2026-09-18,dissemination,2026-09-14,STORYTELLERS GROUP LLC,DIRECT MAIL: PRINTING AND POSTAGE,2014430,F24,48,True,processed,G2026,G2026,SE.1180990.2,2026-09-20,https://docquery.fec.gov/cgi-bin/forms/C00960435/2014430/,https://docquery.fec.gov/cgi-bin/fecimg/?202609209908268178
No Going Back PAC,C00960435,R,MI-07,"LAWRENCE, WILLIAM",H6MI07298,DEM,H,MI,07,O,10171.26,2026-09-15,2026-09-18,2026-09-18,dissemination,2026-09-14,STORYTELLERS GROUP LLC,DIRECT MAIL: PRINTING AND POSTAGE,2014430,F24,48,True,processed,G2026,G2026,SE.1180990.1,2026-09-20,https://docquery.fec.gov/cgi-bin/forms/C00960435/2014430/,https://docquery.fec.gov/cgi-bin/fecimg/?202609209908268177
No Going Back PAC,C00960435,R,MI-SEN,"EL-SAYED, ABDUL",S6MI00418,DEM,S,MI,00,O,9869.0,2026-09-16,2026-09-18,2026-09-18,dissemination,2026-09-14,"1892, LLC",TEXT MESSAGES,2014430,F24,48,True,processed,G2026,G2026,SE.1181179,2026-09-20,https://docquery.fec.gov/cgi-bin/forms/C00960435/2014430/,https://docquery.fec.gov/cgi-bin/fecimg/?202609209908268179
No Going Back PAC,C00960435,R,MI-SEN,"EL-SAYED, ABDUL",S6MI00418,DEM,S,MI,00,O,393322.67,2026-09-15,2026-09-18,2026-09-18,dissemination,2026-09-14,STORYTELLERS GROUP LLC,DIRECT MAIL: PRINTING AND POSTAGE,2014430,F24,48,True,processed,G2026,G2026,SE.1180482.2,2026-09-20,https://docquery.fec.gov/cgi-bin/forms/C00960435/2014430/,https://docquery.fec.gov/cgi-bin/fecimg/?202609209908268175
No Going Back PAC,C00960435,R,MI-SEN,"ROGERS, MICHAEL",S4MI00595,REP,S,MI,00,S,321809.43,2026-09-15,2026-09-18,2026-09-18,dissemination,2026-09-14,STORYTELLERS GROUP LLC,DIRECT MAIL: PRINTING AND POSTAGE,2014430,F24,48,True,processed,G2026,G2026,SE.1180482.1,2026-09-20,https://docquery.fec.gov/cgi-bin/forms/C00960435/2014430/,https://docquery.fec.gov/cgi-bin/fecimg/?202609209908268174
No Going Back PAC,C00960435,R,MT-01,"FORSTAG, SAMUEL KELLEY",H6MT01137,DEM,H,MT,01,O,16306.44,2026-09-18,2026-09-18,2026-09-18,dissemination,2026-09-14,CALIBER CONTACT,DIRECT MAIL: PRINTING AND POSTAGE,2014430,F24,48,True,processed,G2026,G2026,SE.1182174.2,2026-09-20,https://docquery.fec.gov/cgi-bin/forms/C00960435/2014430/,https://docquery.fec.gov/cgi-bin/fecimg/?202609209908268185
No Going Back PAC,C00960435,R,MT-01,"FLINT, AARON",H6MT01152,REP,H,MT,01,S,16306.44,2026-09-18,2026-09-18,2026-09-18,dissemination,2026-09-14,CALIBER CONTACT,DIRECT MAIL: PRINTING AND POSTAGE,2014430,F24,48,True,processed,G2026,G2026,SE.1182174.1,2026-09-20,https://docquery.fec.gov/cgi-bin/forms/C00960435/2014430/,https://docquery.fec.gov/cgi-bin/fecimg/?202609209908268184
No Going Back PAC,C00960435,R,NC-01,"DAVIS, DON",H2NC02287,DEM,H,NC,01,O,19992.75,2026-09-15,2026-09-18,2026-09-18,dissemination,2026-09-14,STORYTELLERS GROUP LLC,DIRECT MAIL: PRINTING AND POSTAGE,2014430,F24,48,True,processed,G2026,G2026,SE.1180467.2,2026-09-20,https://docquery.fec.gov/cgi-bin/forms/C00960435/2014430/,https://docquery.fec.gov/cgi-bin/fecimg/?202609209908268175
No Going Back PAC,C00960435,R,NC-01,"BUCKHOUT, LAURIE",H4NC01137,REP,H,NC,01,S,19992.75,2026-09-15,2026-09-18,2026-09-18,dissemination,2026-09-14,STORYTELLERS GROUP LLC,DIRECT MAIL: PRINTING AND POSTAGE,2014430,F24,48,True,processed,G2026,G2026,SE.1180467.1,2026-09-20,https://docquery.fec.gov/cgi-bin/forms/C00960435/2014430/,https://docquery.fec.gov/cgi-bin/fecimg/?202609209908268174
No Going Back PAC,C00960435,R,NC-11,"AGER, JAMIE",H6NC11248,DEM,H,NC,11,O,28278.6,2026-09-18,2026-09-18,2026-09-18,dissemination,2026-09-14,OPTIMATES LLC,DIRECT MAIL: PRINTING AND POSTAGE,2014430,F24,48,True,processed,G2026,G2026,SE.1182363.2,2026-09-20,https://docquery.fec.gov/cgi-bin/forms/C00960435/2014430/,https://docquery.fec.gov/cgi-bin/fecimg/?202609209908268190
No Going Back PAC,C00960435,R,NC-11,"BALKCOM, JENNIFER",H6NC11321,REP,H,NC,11,S,28278.6,2026-09-18,2026-09-18,2026-09-18,dissemination,2026-09-14,OPTIMATES LLC,DIRECT MAIL: PRINTING AND POSTAGE,2014430,F24,48,True,processed,G2026,G2026,SE.1182363.1,2026-09-20,https://docquery.fec.gov/cgi-bin/forms/C00960435/2014430/,https://docquery.fec.gov/cgi-bin/fecimg/?202609209908268189
No Going Back PAC,C00960435,R,NE-02,"POWELL, DENISE",H6NE02174,DEM,H,NE,02,O,13024.73,2026-09-18,2026-09-18,2026-09-18,dissemination,2026-09-14,OPTIMATES LLC,DIRECT MAIL: PRINTING AND POSTAGE,2014430,F24,48,True,processed,G2026,G2026,SE.1182355.2,2026-09-20,https://docquery.fec.gov/cgi-bin/forms/C00960435/2014430/,https://docquery.fec.gov/cgi-bin/fecimg/?202609209908268188
No Going Back PAC,C00960435,R,NE-02,"HARDING, BRINKER",H6NE02208,REP,H,NE,02,S,13024.74,2026-09-18,2026-09-18,2026-09-18,dissemination,2026-09-14,OPTIMATES LLC,DIRECT MAIL: PRINTING AND POSTAGE,2014430,F24,48,True,processed,G2026,G2026,SE.1182355.1,2026-09-20,https://docquery.fec.gov/cgi-bin/forms/C00960435/2014430/,https://docquery.fec.gov/cgi-bin/fecimg/?202609209908268186
No Going Back PAC,C00960435,R,NH-01,"SHAHEEN, STEFANY",H6NH01321,DEM,H,NH,01,O,12278.63,2026-09-17,2026-09-18,2026-09-18,dissemination,2026-09-14,WHISTLESTOP STRATEGIES LLC,DIRECT MAIL: PRINTING AND POSTAGE,2014430,F24,48,True,processed,G2026,G2026,SE.1181781.2,2026-09-20,https://docquery.fec.gov/cgi-bin/forms/C00960435/2014430/,https://docquery.fec.gov/cgi-bin/fecimg/?202609209908268181
No Going Back PAC,C00960435,R,NH-01,"DILORENZO, ANTHONY",H6NH01420,REP,H,NH,01,S,12278.63,2026-09-17,2026-09-18,2026-09-18,dissemination,2026-09-14,WHISTLESTOP STRATEGIES LLC,DIRECT MAIL: PRINTING AND POSTAGE,2014430,F24,48,True,processed,G2026,G2026,SE.1181781.1,2026-09-20,https://docquery.fec.gov/cgi-bin/forms/C00960435/2014430/,https://docquery.fec.gov/cgi-bin/fecimg/?202609209908268180
No Going Back PAC,C00960435,R,NY-03,"SUOZZI, THOMAS",H6NY03247,DEM,H,NY,03,O,18743.54,2026-09-18,2026-09-18,2026-09-18,dissemination,2026-09-14,OPTIMATES LLC,DIRECT MAIL: PRINTING AND POSTAGE,2014430,F24,48,True,processed,G2026,G2026,SE.1182359.2,2026-09-20,https://docquery.fec.gov/cgi-bin/forms/C00960435/2014430/,https://docquery.fec.gov/cgi-bin/fecimg/?202609209908268189
No Going Back PAC,C00960435,R,NY-03,"LIPETRI, MIKE",H0NY02267,REP,H,NY,03,S,18743.55,2026-09-18,2026-09-18,2026-09-18,dissemination,2026-09-14,OPTIMATES LLC,DIRECT MAIL: PRINTING AND POSTAGE,2014430,F24,48,True,processed,G2026,G2026,SE.1182359.1,2026-09-20,https://docquery.fec.gov/cgi-bin/forms/C00960435/2014430/,https://docquery.fec.gov/cgi-bin/fecimg/?202609209908268188
No Going Back PAC,C00960435,R,OH-15,"LEONARD, DON RALPH",H6OH15112,DEM,H,OH,15,O,14706.29,2026-09-18,2026-09-18,2026-09-18,dissemination,2026-09-14,OPTIMATES LLC,DIRECT MAIL: PRINTING AND POSTAGE,2014430,F24,48,True,processed,G2026,G2026,SE.1182349.2,2026-09-20,https://docquery.fec.gov/cgi-bin/forms/C00960435/2014430/,https://docquery.fec.gov/cgi-bin/fecimg/?202609209908268187
No Going Back PAC,C00960435,R,OH-15,"CAREY, MIKE",H2OH15228,REP,H,OH,15,S,14706.29,2026-09-18,2026-09-18,2026-09-18,dissemination,2026-09-14,OPTIMATES LLC,DIRECT MAIL: PRINTING AND POSTAGE,2014430,F24,48,True,processed,G2026,G2026,SE.1182349.1,2026-09-20,https://docquery.fec.gov/cgi-bin/forms/C00960435/2014430/,https://docquery.fec.gov/cgi-bin/fecimg/?202609209908268186
No Going Back PAC,C00960435,R,PA-08,"COGNETTI, PAIGE",H6PA08293,DEM,H,PA,08,O,895.16,2026-09-18,2026-09-18,2026-09-18,dissemination,2026-09-14,ELECTORAL COMMUNICATIONS GROUP LLC,TEXT MESSAGES,2014430,F24,48,True,processed,G2026,G2026,SE.1182199,2026-09-20,https://docquery.fec.gov/cgi-bin/forms/C00960435/2014430/,https://docquery.fec.gov/cgi-bin/fecimg/?202609209908268187
No Going Back PAC,C00960435,R,SC-01,"LACORE, NANCY",H6SC01359,DEM,H,SC,01,O,28067.97,2026-09-16,2026-09-18,2026-09-18,dissemination,2026-09-14,WHISTLESTOP STRATEGIES LLC,DIRECT MAIL: PRINTING AND POSTAGE,2014430,F24,48,True,processed,G2026,G2026,SE.1180246.2,2026-09-20,https://docquery.fec.gov/cgi-bin/forms/C00960435/2014430/,https://docquery.fec.gov/cgi-bin/fecimg/?202609209908268173
No Going Back PAC,C00960435,R,SC-01,"HONEYCUTT, JENNY COSTA",H6SC01334,REP,H,SC,01,S,28067.97,2026-09-16,2026-09-18,2026-09-18,dissemination,2026-09-14,WHISTLESTOP STRATEGIES LLC,DIRECT MAIL: PRINTING AND POSTAGE,2014430,F24,48,True,processed,G2026,G2026,SE.1180246.1,2026-09-20,https://docquery.fec.gov/cgi-bin/forms/C00960435/2014430/,https://docquery.fec.gov/cgi-bin/fecimg/?202609209908268172
No Going Back PAC,C00960435,R,TX-15,"PULIDO, BOBBY",H6TX15246,DEM,H,TX,15,O,14877.13,2026-09-18,2026-09-18,2026-09-18,dissemination,2026-09-14,CALIBER CONTACT,DIRECT MAIL: PRINTING AND POSTAGE,2014430,F24,48,True,processed,G2026,G2026,SE.1182180.2,2026-09-20,https://docquery.fec.gov/cgi-bin/forms/C00960435/2014430/,https://docquery.fec.gov/cgi-bin/fecimg/?202609209908268185
No Going Back PAC,C00960435,R,TX-15,"DE LA CRUZ, MONICA",H0TX15124,REP,H,TX,15,S,14877.12,2026-09-18,2026-09-18,2026-09-18,dissemination,2026-09-14,CALIBER CONTACT,DIRECT MAIL: PRINTING AND POSTAGE,2014430,F24,48,True,processed,G2026,G2026,SE.1182180.1,2026-09-20,https://docquery.fec.gov/cgi-bin/forms/C00960435/2014430/,https://docquery.fec.gov/cgi-bin/fecimg/?202609209908268184
No Going Back PAC,C00960435,R,VA-02,"LURIA, ELAINE",H6VA02198,DEM,H,VA,02,O,1680.0,2026-09-16,2026-09-18,2026-09-18,dissemination,2026-09-14,"1892, LLC",TEXT MESSAGES,2014430,F24,48,True,processed,G2026,G2026,SE.1181180,2026-09-20,https://docquery.fec.gov/cgi-bin/forms/C00960435/2014430/,https://docquery.fec.gov/cgi-bin/fecimg/?202609209908268179
No Going Back PAC,C00960435,R,WA-03,"GLUESENKAMP PEREZ, MARIE",H2WA03217,DEM,H,WA,03,O,4920.0,2026-09-16,2026-09-18,2026-09-18,dissemination,2026-09-14,"1892, LLC",TEXT MESSAGES,2014430,F24,48,True,processed,G2026,G2026,SE.1181181,2026-09-20,https://docquery.fec.gov/cgi-bin/forms/C00960435/2014430/,https://docquery.fec.gov/cgi-bin/fecimg/?202609209908268180
No Going Back PAC,C00960435,R,WA-03,"GLUESENKAMP PEREZ, MARIE",H2WA03217,DEM,H,WA,03,O,42344.63,2026-09-11,2026-09-18,2026-09-18,dissemination,2026-09-14,STORYTELLERS GROUP LLC,DIRECT MAIL: PRINTING AND POSTAGE,2014430,F24,48,True,processed,G2026,G2026,SE.1179910.2,2026-09-20,https://docquery.fec.gov/cgi-bin/forms/C00960435/2014430/,https://docquery.fec.gov/cgi-bin/fecimg/?202609209908268171
No Going Back PAC,C00960435,R,WA-03,"BRAUN, JOHN",H6WA03275,REP,H,WA,03,S,42344.62,2026-09-11,2026-09-18,2026-09-18,dissemination,2026-09-14,STORYTELLERS GROUP LLC,DIRECT MAIL: PRINTING AND POSTAGE,2014430,F24,48,True,processed,G2026,G2026,SE.1179910.1,2026-09-20,https://docquery.fec.gov/cgi-bin/forms/C00960435/2014430/,https://docquery.fec.gov/cgi-bin/fecimg/?202609209908268171
No Going Back PAC,C00960435,R,WI-03,"COOKE, REBECCA",H4WI03169,DEM,H,WI,03,O,10339.05,2026-09-15,2026-09-18,2026-09-18,dissemination,2026-09-14,STORYTELLERS GROUP LLC,DIRECT MAIL: PRINTING AND POSTAGE,2014430,F24,48,True,processed,G2026,G2026,SE.1180847.2,2026-09-20,https://docquery.fec.gov/cgi-bin/forms/C00960435/2014430/,https://docquery.fec.gov/cgi-bin/fecimg/?202609209908268177
No Going Back PAC,C00960435,R,WI-03,"VAN ORDEN, DERRICK F.",H0WI03175,REP,H,WI,03,S,10339.04,2026-09-15,2026-09-18,2026-09-18,dissemination,2026-09-14,STORYTELLERS GROUP LLC,DIRECT MAIL: PRINTING AND POSTAGE,2014430,F24,48,True,processed,G2026,G2026,SE.1180847.1,2026-09-20,https://docquery.fec.gov/cgi-bin/forms/C00960435/2014430/,https://docquery.fec.gov/cgi-bin/fecimg/?202609209908268176
SLF,C00571703,R,IA-SEN,"TUREK, JOSHUA",S6IA00298,DEM,S,IA,00,O,3399.27,2026-09-18,2026-09-18,2026-09-18,dissemination,2026-09-14,FCG MEDIA STRATEGIES LLC,TEXT MESSAGING,2013945,F24,48,True,processed,G2026,G2026,SE.9,2026-09-18,https://docquery.fec.gov/cgi-bin/forms/C00571703/2013945/,https://docquery.fec.gov/cgi-bin/fecimg/?202609189904423870
SLF,C00571703,R,ME-SEN,"JACKSON, TROY DALE",S6ME00464,DEM,S,ME,00,O,1364.62,2026-09-18,2026-09-18,2026-09-18,dissemination,2026-09-14,FCG MEDIA STRATEGIES LLC,TEXT MESSAGING,2013945,F24,48,True,processed,G2026,G2026,SE.15,2026-09-18,https://docquery.fec.gov/cgi-bin/forms/C00571703/2013945/,https://docquery.fec.gov/cgi-bin/fecimg/?202609189904423882
SLF,C00571703,R,MI-SEN,"EL-SAYED, ABDUL",S6MI00418,DEM,S,MI,00,O,302789.0,2026-09-16,2026-09-18,2026-09-18,dissemination,2026-09-14,STORYTELLERS GROUP LLC,POSTAGE / PRINTING / PRODUCTION,2013945,F24,48,True,processed,G2026,G2026,SE.18,2026-09-18,https://docquery.fec.gov/cgi-bin/forms/C00571703/2013945/,https://docquery.fec.gov/cgi-bin/fecimg/?202609189904423868
WinSenate,C00865444,D,AK-SEN,"SULLIVAN, DAN",S4AK00214,REP,S,AK,00,O,7507.53,2026-09-18,2026-09-18,2026-09-18,dissemination,2026-09-14,ALIGNCO LLC,MEDIA PRODUCTION - ESTIMATE,2014550,F24,48,True,processed,G2026,G2026,500196756,2026-09-20,https://docquery.fec.gov/cgi-bin/forms/C00865444/2014550/,https://docquery.fec.gov/cgi-bin/fecimg/?202609209908328649
CLF,C00504530,R,AZ-06,"MENDOZA, JOANNA",,,H,AZ,06,O,12000.0,2026-09-21,2026-09-19,2026-09-19,dissemination,2026-09-14,RED ELEPHANT STRATEGY,MEDIA PRODUCTION,2014715,F24,48,True,processed,G2026,G2026,SE24.4799,2026-09-21,https://docquery.fec.gov/cgi-bin/forms/C00504530/2014715/,https://docquery.fec.gov/cgi-bin/fecimg/?202609219908383729
CLF,C00504530,R,CA-22,"VILLEGAS, RANDY",,,H,CA,22,O,60000.0,2026-09-21,2026-09-19,2026-09-19,dissemination,2026-09-14,PRIME MEDIA PARTNERS,MEDIA PRODUCTION,2014715,F24,48,True,processed,G2026,G2026,SE24.4836,2026-09-21,https://docquery.fec.gov/cgi-bin/forms/C00504530/2014715/,https://docquery.fec.gov/cgi-bin/fecimg/?202609219908383730
CLF,C00504530,R,CA-22,"VILLEGAS, RANDY",,,H,CA,22,O,13000.0,2026-09-21,2026-09-19,2026-09-19,dissemination,2026-09-14,PRIME MEDIA PARTNERS,MEDIA PRODUCTION,2014715,F24,48,True,processed,G2026,G2026,SE24.4835,2026-09-21,https://docquery.fec.gov/cgi-bin/forms/C00504530/2014715/,https://docquery.fec.gov/cgi-bin/fecimg/?202609219908383729
CLF,C00504530,R,IA-01,"BOHANNAN, CHRISTINA",,,H,IA,01,O,2525.75,2026-09-21,2026-09-19,2026-09-19,dissemination,2026-09-14,DEL RAY MEDIA LLC,MEDIA PLACEMENT,2014715,F24,48,True,processed,G2026,G2026,SE24.4831,2026-09-21,https://docquery.fec.gov/cgi-bin/forms/C00504530/2014715/,https://docquery.fec.gov/cgi-bin/fecimg/?202609219908383730
CLF,C00504530,R,IA-03,"TRONE GARRIOTT, SARAH",,,H,IA,03,O,2525.75,2026-09-21,2026-09-19,2026-09-19,dissemination,2026-09-14,DEL RAY MEDIA LLC,MEDIA PLACEMENT,2014715,F24,48,True,processed,G2026,G2026,SE24.4830,2026-09-21,https://docquery.fec.gov/cgi-bin/forms/C00504530/2014715/,https://docquery.fec.gov/cgi-bin/fecimg/?202609219908383731
CLF,C00504530,R,NM-02,"VASQUEZ, GABRIEL",,,H,NM,02,O,347.98,2026-09-21,2026-09-19,2026-09-19,dissemination,2026-09-14,DEL RAY MEDIA LLC,MEDIA PLACEMENT,2014715,F24,48,True,processed,G2026,G2026,SE24.4829,2026-09-21,https://docquery.fec.gov/cgi-bin/forms/C00504530/2014715/,https://docquery.fec.gov/cgi-bin/fecimg/?202609219908383731
MAGA Inc.,C00892471,R,TX-SEN,"TALARICO, JAMES",S6TX00479,DEM,S,TX,00,O,2500000.0,2026-09-15,2026-09-19,2026-09-19,dissemination,2026-09-14,DEL RAY MEDIA LLC,PLACED MEDIA: CONNECTED TV AND DIGITAL ADVERTISING,2014087,F24,48,True,processed,G2026,G2026,SE.1180285.2,2026-09-19,https://docquery.fec.gov/cgi-bin/forms/C00892471/2014087/,https://docquery.fec.gov/cgi-bin/fecimg/?202609199904439244
MAGA Inc.,C00892471,R,TX-SEN,"PAXTON, WARREN KENNETH JR.",S6TX00388,REP,S,TX,00,S,2500000.0,2026-09-15,2026-09-19,2026-09-19,dissemination,2026-09-14,DEL RAY MEDIA LLC,PLACED MEDIA: CONNECTED TV AND DIGITAL ADVERTISING,2014087,F24,48,True,processed,G2026,G2026,SE.1180285.1,2026-09-19,https://docquery.fec.gov/cgi-bin/forms/C00892471/2014087/,https://docquery.fec.gov/cgi-bin/fecimg/?202609199904439244
No Going Back PAC,C00960435,R,AZ-02,"NEZ, JONATHAN MICHAEL",H4AZ02184,DEM,H,AZ,02,O,857.28,2026-09-17,2026-09-19,2026-09-19,dissemination,2026-09-14,CREATIVE DIRECT,TEXT MESSAGES,2014430,F24,48,True,processed,G2026,G2026,SE.1181839,2026-09-20,https://docquery.fec.gov/cgi-bin/forms/C00960435/2014430/,https://docquery.fec.gov/cgi-bin/fecimg/?202609209908268183
No Going Back PAC,C00960435,R,AZ-06,"CISCOMANI, JUAN",H2AZ02360,REP,H,AZ,06,S,1181.24,2026-09-17,2026-09-19,2026-09-19,dissemination,2026-09-14,CREATIVE DIRECT,TEXT MESSAGES,2014430,F24,48,True,processed,G2026,G2026,SE.1181832,2026-09-20,https://docquery.fec.gov/cgi-bin/forms/C00960435/2014430/,https://docquery.fec.gov/cgi-bin/fecimg/?202609209908268182
No Going Back PAC,C00960435,R,CA-48,"VON WILPERT, MARNI",H6CA48310,DEM,H,CA,48,O,1016.04,2026-09-18,2026-09-19,2026-09-19,dissemination,2026-09-14,ELECTORAL COMMUNICATIONS GROUP LLC,TEXT MESSAGES,2014430,F24,48,True,processed,G2026,G2026,SE.1182436,2026-09-20,https://docquery.fec.gov/cgi-bin/forms/C00960435/2014430/,https://docquery.fec.gov/cgi-bin/fecimg/?202609209908268192
No Going Back PAC,C00960435,R,CO-03,"ROMERO, DWAYNE",H6CO03253,DEM,H,CO,03,O,3226.52,2026-09-19,2026-09-19,2026-09-19,dissemination,2026-09-14,ELECTORAL COMMUNICATIONS GROUP LLC,TEXT MESSAGES,2014430,F24,48,True,processed,G2026,G2026,SE.1182543,2026-09-20,https://docquery.fec.gov/cgi-bin/forms/C00960435/2014430/,https://docquery.fec.gov/cgi-bin/fecimg/?202609209908268193
No Going Back PAC,C00960435,R,NY-17,"CONLEY, CAIT",H6NY17171,DEM,H,NY,17,O,557.12,2026-09-17,2026-09-19,2026-09-19,dissemination,2026-09-14,CREATIVE DIRECT,TEXT MESSAGES,2014430,F24,48,True,processed,G2026,G2026,SE.1181836,2026-09-20,https://docquery.fec.gov/cgi-bin/forms/C00960435/2014430/,https://docquery.fec.gov/cgi-bin/fecimg/?202609209908268183
No Going Back PAC,C00960435,R,TX-23,"STOUT, KATY PADILLA",H6TX23273,DEM,H,TX,23,O,1702.04,2026-09-17,2026-09-19,2026-09-19,dissemination,2026-09-14,CREATIVE DIRECT,TEXT MESSAGES,2014430,F24,48,True,processed,G2026,G2026,SE.1181820,2026-09-20,https://docquery.fec.gov/cgi-bin/forms/C00960435/2014430/,https://docquery.fec.gov/cgi-bin/fecimg/?202609209908268181
No Going Back PAC,C00960435,R,WI-01,"BERMAN, MITCHELL",H6WI01283,DEM,H,WI,01,O,4637.24,2026-09-17,2026-09-19,2026-09-19,dissemination,2026-09-14,CREATIVE DIRECT,TEXT MESSAGES,2014430,F24,48,True,processed,G2026,G2026,SE.1181826,2026-09-20,https://docquery.fec.gov/cgi-bin/forms/C00960435/2014430/,https://docquery.fec.gov/cgi-bin/fecimg/?202609209908268182
SLF,C00571703,R,IA-SEN,"TUREK, JOSHUA",S6IA00298,DEM,S,IA,00,O,110293.13,2026-09-17,2026-09-19,2026-09-19,dissemination,2026-09-14,FLEXPOINT MEDIA,MEDIA PLACEMENT,2014711,F24,48,True,processed,G2026,G2026,SE.1,2026-09-21,https://docquery.fec.gov/cgi-bin/forms/C00571703/2014711/,https://docquery.fec.gov/cgi-bin/fecimg/?202609219908383686
SLF,C00571703,R,ME-SEN,"JACKSON, TROY DALE",S6ME00464,DEM,S,ME,00,O,17500.0,2026-09-18,2026-09-19,2026-09-19,dissemination,2026-09-14,DREAM AMERICA MEDIA,MEDIA PRODUCTION,2014711,F24,48,True,processed,G2026,G2026,SE.2,2026-09-21,https://docquery.fec.gov/cgi-bin/forms/C00571703/2014711/,https://docquery.fec.gov/cgi-bin/fecimg/?202609219908383686
SLF,C00571703,R,MI-SEN,"EL-SAYED, ABDUL",S6MI00418,DEM,S,MI,00,O,102660.0,2026-09-19,2026-09-19,2026-09-19,dissemination,2026-09-14,MHB MEDIA INC,MEDIA PLACEMENT,2014711,F24,48,True,processed,G2026,G2026,SE.3,2026-09-21,https://docquery.fec.gov/cgi-bin/forms/C00571703/2014711/,https://docquery.fec.gov/cgi-bin/fecimg/?202609219908383687
SLF,C00571703,R,NH-SEN,"PAPPAS, CHRIS",S6NH00141,DEM,S,NH,00,O,13937.5,2026-09-18,2026-09-19,2026-09-19,dissemination,2026-09-14,JAMESTOWN ASSOCIATES,MEDIA PRODUCTION,2014711,F24,48,True,processed,G2026,G2026,SE.5,2026-09-21,https://docquery.fec.gov/cgi-bin/forms/C00571703/2014711/,https://docquery.fec.gov/cgi-bin/fecimg/?202609219908383688
SLF,C00571703,R,NH-SEN,"PAPPAS, CHRIS",S6NH00141,DEM,S,NH,00,O,100000.0,2026-09-18,2026-09-19,2026-09-19,dissemination,2026-09-14,RIGHT TARGET MEDIA,MEDIA PLACEMENT,2014711,F24,48,True,processed,G2026,G2026,SE.4,2026-09-21,https://docquery.fec.gov/cgi-bin/forms/C00571703/2014711/,https://docquery.fec.gov/cgi-bin/fecimg/?202609219908383687
SLF,C00571703,R,OH-SEN,"BROWN, SHERROD",S6OH00163,DEM,S,OH,00,O,41237.46,2026-09-17,2026-09-19,2026-09-19,dissemination,2026-09-14,FLEXPOINT MEDIA,MEDIA PLACEMENT,2014711,F24,48,True,processed,G2026,G2026,SE.6,2026-09-21,https://docquery.fec.gov/cgi-bin/forms/C00571703/2014711/,https://docquery.fec.gov/cgi-bin/fecimg/?202609219908383688
CLF,C00504530,R,MI-07,"LAWRENCE, WILLIAM",,,H,MI,07,O,404.0,2026-09-21,2026-09-20,2026-09-20,dissemination,2026-09-14,DEL RAY MEDIA LLC,MEDIA PLACEMENT,2014820,F24,48,True,processed,G2026,G2026,SE24.4832,2026-09-22,https://docquery.fec.gov/cgi-bin/forms/C00504530/2014820/,https://docquery.fec.gov/cgi-bin/fecimg/?202609229908385128
HMP,C00495028,D,MI-07,"BARRETT, THOMAS M.",H2MI07123,REP,H,MI,07,O,12107.04,2026-09-20,2026-09-20,2026-09-20,dissemination,2026-09-14,"THREE POINT MEDIA, LLC",MEDIA PRODUCTION - ESTIMATE,2014791,F24,48,True,processed,G2026,G2026,500681151,2026-09-22,https://docquery.fec.gov/cgi-bin/forms/C00495028/2014791/,https://docquery.fec.gov/cgi-bin/fecimg/?202609229908384543
HMP,C00495028,D,NC-11,"BALKCOM, JENNIFER",H6NC11321,REP,H,NC,11,O,8482.4,2026-09-20,2026-09-20,2026-09-20,dissemination,2026-09-14,ADWELL,MEDIA PRODUCTION - ESTIMATE,2014791,F24,48,True,processed,G2026,G2026,500681152,2026-09-22,https://docquery.fec.gov/cgi-bin/forms/C00495028/2014791/,https://docquery.fec.gov/cgi-bin/fecimg/?202609229908384542
HMP,C00495028,D,TX-34,"FLORES, ERIC",H6TX34080,REP,H,TX,34,O,12225.26,2026-09-20,2026-09-20,2026-09-20,dissemination,2026-09-14,RALSTON LAPP GUINN MEDIA,MEDIA PRODUCTION - ESTIMATE,2014791,F24,48,True,processed,G2026,G2026,500681153,2026-09-22,https://docquery.fec.gov/cgi-bin/forms/C00495028/2014791/,https://docquery.fec.gov/cgi-bin/fecimg/?202609229908384542
CLF,C00504530,R,IA-01,"BOHANNAN, CHRISTINA",,,H,IA,01,O,26500.0,2026-09-18,2026-09-21,2026-09-21,dissemination,2026-09-21,RED ELEPHANT STRATEGY,MEDIA PRODUCTION,2014938,F24,48,True,processed,G2026,G2026,SE24.4811,2026-09-23,https://docquery.fec.gov/cgi-bin/forms/C00504530/2014938/,https://docquery.fec.gov/cgi-bin/fecimg/?202609239908390932
CLF,C00504530,R,MI-07,"LAWRENCE, WILLIAM",,,H,MI,07,O,13000.0,2026-09-21,2026-09-21,2026-09-21,dissemination,2026-09-21,SOMETHING ELSE STRATEGIES,MEDIA PRODUCTION,2014938,F24,48,True,processed,G2026,G2026,SE24.4833,2026-09-23,https://docquery.fec.gov/cgi-bin/forms/C00504530/2014938/,https://docquery.fec.gov/cgi-bin/fecimg/?202609239908390932
CLF,C00504530,R,OH-09,"KAPTUR, HON. M.C. MARCY",,,H,OH,09,O,13000.0,2026-09-18,2026-09-21,2026-09-21,dissemination,2026-09-21,HONOLD COMMUNICATIONS,MEDIA PRODUCTION,2014938,F24,48,True,processed,G2026,G2026,SE24.4797,2026-09-23,https://docquery.fec.gov/cgi-bin/forms/C00504530/2014938/,https://docquery.fec.gov/cgi-bin/fecimg/?202609239908390933
HMP,C00495028,D,IA-01,"MILLER-MEEKS, MARIANNETTE JANE",H8IA02043,REP,H,IA,01,O,32218.91,2026-09-21,2026-09-21,2026-09-21,dissemination,2026-09-21,AGENCY,DIRECT MAIL - ESTIMATE,2014917,F24,48,True,processed,G2026,G2026,500681331,2026-09-23,https://docquery.fec.gov/cgi-bin/forms/C00495028/2014917/,https://docquery.fec.gov/cgi-bin/fecimg/?202609239908389744
HMP,C00495028,D,OH-09,"MERRIN, DEREK",H4OH09169,REP,H,OH,09,O,69025.6,2026-09-21,2026-09-21,2026-09-21,dissemination,2026-09-21,MOORE CAMPAIGNS,DIRECT MAIL - ESTIMATE,2014917,F24,48,True,processed,G2026,G2026,500681332,2026-09-23,https://docquery.fec.gov/cgi-bin/forms/C00495028/2014917/,https://docquery.fec.gov/cgi-bin/fecimg/?202609239908389745
HMP,C00495028,D,OH-15,"CAREY, MIKE",H2OH15228,REP,H,OH,15,O,43317.87,2026-09-21,2026-09-21,2026-09-21,dissemination,2026-09-21,DELIVER STRATEGIES LLC,DIRECT MAIL - ESTIMATE,2014917,F24,48,True,processed,G2026,G2026,500681333,2026-09-23,https://docquery.fec.gov/cgi-bin/forms/C00495028/2014917/,https://docquery.fec.gov/cgi-bin/fecimg/?202609239908389744
HMP,C00495028,D,PA-01,"FITZPATRICK, BRIAN",H6PA08277,REP,H,PA,01,O,44171.54,2026-09-21,2026-09-21,2026-09-21,dissemination,2026-09-21,RESONANCE CAMPAIGNS LLC,DIRECT MAIL - ESTIMATE,2014917,F24,48,True,processed,G2026,G2026,500681334,2026-09-23,https://docquery.fec.gov/cgi-bin/forms/C00495028/2014917/,https://docquery.fec.gov/cgi-bin/fecimg/?202609239908389747
HMP,C00495028,D,PA-08,"BRESNAHAN, ROB",H4PA08124,REP,H,PA,08,O,14823.09,2026-09-21,2026-09-21,2026-09-21,dissemination,2026-09-21,MOORE CAMPAIGNS,DIRECT MAIL - ESTIMATE,2014917,F24,48,True,processed,G2026,G2026,500681335,2026-09-23,https://docquery.fec.gov/cgi-bin/forms/C00495028/2014917/,https://docquery.fec.gov/cgi-bin/fecimg/?202609239908389746
HMP,C00495028,D,VA-01,"WITTMAN, ROBERT MR.",H8VA01147,REP,H,VA,01,O,56662.41,2026-09-21,2026-09-21,2026-09-21,dissemination,2026-09-21,MOXIE MEDIA,DIRECT MAIL - ESTIMATE,2014917,F24,48,True,processed,G2026,G2026,500681336,2026-09-23,https://docquery.fec.gov/cgi-bin/forms/C00495028/2014917/,https://docquery.fec.gov/cgi-bin/fecimg/?202609239908389746
HMP,C00495028,D,VA-02,"KIGGANS, JENNIFER",H2VA02064,REP,H,VA,02,O,39700.05,2026-09-21,2026-09-21,2026-09-21,dissemination,2026-09-21,"GDA WINS, LLC",DIRECT MAIL - ESTIMATE,2014917,F24,48,True,processed,G2026,G2026,500681337,2026-09-23,https://docquery.fec.gov/cgi-bin/forms/C00495028/2014917/,https://docquery.fec.gov/cgi-bin/fecimg/?202609239908389745
No Going Back PAC,C00960435,R,AL-02,"FIGURES, SHOMARI C.",H4AL02170,DEM,H,AL,02,O,16083.53,2026-09-16,2026-09-21,2026-09-21,dissemination,2026-09-21,WHISTLESTOP STRATEGIES LLC,DIRECT MAIL: PRINTING AND POSTAGE,2014920,F24,48,True,processed,G2026,G2026,SE.1181340.2,2026-09-23,https://docquery.fec.gov/cgi-bin/forms/C00960435/2014920/,https://docquery.fec.gov/cgi-bin/fecimg/?202609239908389914
No Going Back PAC,C00960435,R,AL-02,"MARQUES, RHETT",H6AL01086,REP,H,AL,02,S,16083.53,2026-09-16,2026-09-21,2026-09-21,dissemination,2026-09-21,WHISTLESTOP STRATEGIES LLC,DIRECT MAIL: PRINTING AND POSTAGE,2014920,F24,48,True,processed,G2026,G2026,SE.1181340.1,2026-09-23,https://docquery.fec.gov/cgi-bin/forms/C00960435/2014920/,https://docquery.fec.gov/cgi-bin/fecimg/?202609239908389913
No Going Back PAC,C00960435,R,AZ-01,"FEELY, THOMAS JAMES",H6AZ05190,REP,H,AZ,01,S,282.08,2026-09-22,2026-09-21,2026-09-21,dissemination,2026-09-21,ELECTORAL COMMUNICATIONS GROUP LLC,TEXT MESSAGES,2014920,F24,48,True,processed,G2026,G2026,SE.1182761.2,2026-09-23,https://docquery.fec.gov/cgi-bin/forms/C00960435/2014920/,https://docquery.fec.gov/cgi-bin/fecimg/?202609239908389894
No Going Back PAC,C00960435,R,AZ-01,"SHAH, AMISH DR.",H4AZ01194,DEM,H,AZ,01,O,834.92,2026-09-22,2026-09-21,2026-09-21,dissemination,2026-09-21,ELECTORAL COMMUNICATIONS GROUP LLC,TEXT MESSAGES,2014920,F24,48,True,processed,G2026,G2026,SE.1182761.1,2026-09-23,https://docquery.fec.gov/cgi-bin/forms/C00960435/2014920/,https://docquery.fec.gov/cgi-bin/fecimg/?202609239908389893
No Going Back PAC,C00960435,R,AZ-06,"MENDOZA, JOANNA",H6AZ06099,DEM,H,AZ,06,O,17432.14,2026-09-17,2026-09-21,2026-09-21,dissemination,2026-09-21,CREATIVE DIRECT,DIRECT MAIL: PRINTING AND POSTAGE,2014920,F24,48,True,processed,G2026,G2026,SE.1181812.2,2026-09-23,https://docquery.fec.gov/cgi-bin/forms/C00960435/2014920/,https://docquery.fec.gov/cgi-bin/fecimg/?202609239908389885
No Going Back PAC,C00960435,R,AZ-06,"CISCOMANI, JUAN",H2AZ02360,REP,H,AZ,06,S,17432.14,2026-09-17,2026-09-21,2026-09-21,dissemination,2026-09-21,CREATIVE DIRECT,DIRECT MAIL: PRINTING AND POSTAGE,2014920,F24,48,True,processed,G2026,G2026,SE.1181812.1,2026-09-23,https://docquery.fec.gov/cgi-bin/forms/C00960435/2014920/,https://docquery.fec.gov/cgi-bin/fecimg/?202609239908389884
No Going Back PAC,C00960435,R,CA-13,"GRAY, ADAM C.",H2CA13115,DEM,H,CA,13,O,6381.88,2026-09-18,2026-09-21,2026-09-21,dissemination,2026-09-21,OPTIMATES LLC,DIRECT MAIL: PRINTING AND POSTAGE,2014920,F24,48,True,processed,G2026,G2026,SE.1182345.2,2026-09-23,https://docquery.fec.gov/cgi-bin/forms/C00960435/2014920/,https://docquery.fec.gov/cgi-bin/fecimg/?202609239908389897
No Going Back PAC,C00960435,R,CA-13,"LINCOLN, KEVIN J II",H4CA09093,REP,H,CA,13,S,6381.88,2026-09-18,2026-09-21,2026-09-21,dissemination,2026-09-21,OPTIMATES LLC,DIRECT MAIL: PRINTING AND POSTAGE,2014920,F24,48,True,processed,G2026,G2026,SE.1182345.1,2026-09-23,https://docquery.fec.gov/cgi-bin/forms/C00960435/2014920/,https://docquery.fec.gov/cgi-bin/fecimg/?202609239908389896
No Going Back PAC,C00960435,R,CA-48,"VON WILPERT, MARNI",H6CA48310,DEM,H,CA,48,O,57218.24,2026-09-22,2026-09-21,2026-09-21,dissemination,2026-09-21,ELECTORAL COMMUNICATIONS GROUP LLC,DIRECT MAIL: PRINTING AND POSTAGE,2014920,F24,48,True,processed,G2026,G2026,SE.1182711.2,2026-09-23,https://docquery.fec.gov/cgi-bin/forms/C00960435/2014920/,https://docquery.fec.gov/cgi-bin/fecimg/?202609239908389888
No Going Back PAC,C00960435,R,CA-48,"DESMOND, JIM",H6CA49128,REP,H,CA,48,S,57218.24,2026-09-22,2026-09-21,2026-09-21,dissemination,2026-09-21,ELECTORAL COMMUNICATIONS GROUP LLC,DIRECT MAIL: PRINTING AND POSTAGE,2014920,F24,48,True,processed,G2026,G2026,SE.1182711.1,2026-09-23,https://docquery.fec.gov/cgi-bin/forms/C00960435/2014920/,https://docquery.fec.gov/cgi-bin/fecimg/?202609239908389887
No Going Back PAC,C00960435,R,CO-03,"ROMERO, DWAYNE",H6CO03253,DEM,H,CO,03,O,114297.27,2026-09-22,2026-09-21,2026-09-21,dissemination,2026-09-21,ELECTORAL COMMUNICATIONS GROUP LLC,DIRECT MAIL: PRINTING AND POSTAGE,2014920,F24,48,True,processed,G2026,G2026,SE.1182652.2,2026-09-23,https://docquery.fec.gov/cgi-bin/forms/C00960435/2014920/,https://docquery.fec.gov/cgi-bin/fecimg/?202609239908389887
No Going Back PAC,C00960435,R,CO-03,"HURD, JEFFREY",H4CO03357,REP,H,CO,03,S,114297.27,2026-09-22,2026-09-21,2026-09-21,dissemination,2026-09-21,ELECTORAL COMMUNICATIONS GROUP LLC,DIRECT MAIL: PRINTING AND POSTAGE,2014920,F24,48,True,processed,G2026,G2026,SE.1182652.1,2026-09-23,https://docquery.fec.gov/cgi-bin/forms/C00960435/2014920/,https://docquery.fec.gov/cgi-bin/fecimg/?202609239908389886
No Going Back PAC,C00960435,R,CO-08,"RUTINEL, MANNY",H6CO08013,DEM,H,CO,08,O,54060.0,2026-09-18,2026-09-21,2026-09-21,dissemination,2026-09-21,PT STRATEGY LLC,DIRECT MAIL: PRINTING AND POSTAGE,2014920,F24,48,True,processed,G2026,G2026,SE.1182038,2026-09-23,https://docquery.fec.gov/cgi-bin/forms/C00960435/2014920/,https://docquery.fec.gov/cgi-bin/fecimg/?202609239908389877
No Going Back PAC,C00960435,R,FL-09,"SOTO, DARREN",H6FL09179,DEM,H,FL,09,O,1377.16,2026-09-23,2026-09-21,2026-09-21,dissemination,2026-09-21,CALIBER CONTACT,TEXT MESSAGES,2014920,F24,48,True,processed,G2026,G2026,SE.1183587,2026-09-23,https://docquery.fec.gov/cgi-bin/forms/C00960435/2014920/,https://docquery.fec.gov/cgi-bin/fecimg/?202609239908389926
No Going Back PAC,C00960435,R,FL-14,"CASTOR, KATHY",H6FL11126,DEM,H,FL,14,O,2420.68,2026-09-23,2026-09-21,2026-09-21,dissemination,2026-09-21,CALIBER CONTACT,TEXT MESSAGES,2014920,F24,48,True,processed,G2026,G2026,SE.1183591,2026-09-23,https://docquery.fec.gov/cgi-bin/forms/C00960435/2014920/,https://docquery.fec.gov/cgi-bin/fecimg/?202609239908389927
No Going Back PAC,C00960435,R,FL-22,"DANDIYA, PIA",H6FL21059,DEM,H,FL,22,O,6012.32,2026-09-21,2026-09-21,2026-09-21,dissemination,2026-09-21,WHISTLESTOP STRATEGIES LLC,TEXT MESSAGES,2014920,F24,48,True,processed,G2026,G2026,SE.1182544,2026-09-23,https://docquery.fec.gov/cgi-bin/forms/C00960435/2014920/,https://docquery.fec.gov/cgi-bin/fecimg/?202609239908389919
No Going Back PAC,C00960435,R,FL-25,"MOSKOWITZ, JARED",H2FL22171,DEM,H,FL,25,O,10603.44,2026-09-21,2026-09-21,2026-09-21,dissemination,2026-09-21,WHISTLESTOP STRATEGIES LLC,TEXT MESSAGES,2014920,F24,48,True,processed,G2026,G2026,SE.1182545,2026-09-23,https://docquery.fec.gov/cgi-bin/forms/C00960435/2014920/,https://docquery.fec.gov/cgi-bin/fecimg/?202609239908389920
No Going Back PAC,C00960435,R,FL-25,"MOSKOWITZ, JARED",H2FL22171,DEM,H,FL,25,O,20832.13,2026-09-16,2026-09-21,2026-09-21,dissemination,2026-09-21,WHISTLESTOP STRATEGIES LLC,DIRECT MAIL: PRINTING AND POSTAGE,2014920,F24,48,True,processed,G2026,G2026,SE.1180944.2,2026-09-23,https://docquery.fec.gov/cgi-bin/forms/C00960435/2014920/,https://docquery.fec.gov/cgi-bin/fecimg/?202609239908389913
No Going Back PAC,C00960435,R,FL-25,"SINGER, SCOTT M.",H6FL23188,REP,H,FL,25,S,20832.13,2026-09-16,2026-09-21,2026-09-21,dissemination,2026-09-21,WHISTLESTOP STRATEGIES LLC,DIRECT MAIL: PRINTING AND POSTAGE,2014920,F24,48,True,processed,G2026,G2026,SE.1180944.1,2026-09-23,https://docquery.fec.gov/cgi-bin/forms/C00960435/2014920/,https://docquery.fec.gov/cgi-bin/fecimg/?202609239908389912
No Going Back PAC,C00960435,R,GA-SEN,"OSSOFF, T. JONATHAN",S8GA00180,DEM,S,GA,00,O,30302.64,2026-09-21,2026-09-21,2026-09-21,dissemination,2026-09-21,WHISTLESTOP STRATEGIES LLC,TEXT MESSAGES,2014920,F24,48,True,processed,G2026,G2026,SE.1182546,2026-09-23,https://docquery.fec.gov/cgi-bin/forms/C00960435/2014920/,https://docquery.fec.gov/cgi-bin/fecimg/?202609239908389920
No Going Back PAC,C00960435,R,IA-01,"BOHANNAN, CHRISTINA",H2IA02111,DEM,H,IA,01,O,15335.51,2026-09-18,2026-09-21,2026-09-21,dissemination,2026-09-21,OPTIMATES LLC,DIRECT MAIL: PRINTING AND POSTAGE,2014920,F24,48,True,processed,G2026,G2026,SE.1182343.2,2026-09-23,https://docquery.fec.gov/cgi-bin/forms/C00960435/2014920/,https://docquery.fec.gov/cgi-bin/fecimg/?202609239908389896
No Going Back PAC,C00960435,R,IA-01,"MILLER-MEEKS, MARIANNETTE JANE",H8IA02043,REP,H,IA,01,S,15335.52,2026-09-18,2026-09-21,2026-09-21,dissemination,2026-09-21,OPTIMATES LLC,DIRECT MAIL: PRINTING AND POSTAGE,2014920,F24,48,True,processed,G2026,G2026,SE.1182343.1,2026-09-23,https://docquery.fec.gov/cgi-bin/forms/C00960435/2014920/,https://docquery.fec.gov/cgi-bin/fecimg/?202609239908389895
No Going Back PAC,C00960435,R,IA-02,"JAMES, LINDSAY",H6IA02211,DEM,H,IA,02,O,39654.06,2026-09-18,2026-09-21,2026-09-21,dissemination,2026-09-21,OPTIMATES LLC,DIRECT MAIL: PRINTING AND POSTAGE,2014920,F24,48,True,processed,G2026,G2026,SE.1182348.2,2026-09-23,https://docquery.fec.gov/cgi-bin/forms/C00960435/2014920/,https://docquery.fec.gov/cgi-bin/fecimg/?202609239908389898
No Going Back PAC,C00960435,R,IA-02,"MITCHELL, JOE",H6IA02237,REP,H,IA,02,S,39654.07,2026-09-18,2026-09-21,2026-09-21,dissemination,2026-09-21,OPTIMATES LLC,DIRECT MAIL: PRINTING AND POSTAGE,2014920,F24,48,True,processed,G2026,G2026,SE.1182348.1,2026-09-23,https://docquery.fec.gov/cgi-bin/forms/C00960435/2014920/,https://docquery.fec.gov/cgi-bin/fecimg/?202609239908389897
No Going Back PAC,C00960435,R,IA-03,"TRONE GARRIOTT, SARAH",H6IA03268,DEM,H,IA,03,O,31808.0,2026-09-17,2026-09-21,2026-09-21,dissemination,2026-09-21,PT STRATEGY LLC,DIRECT MAIL: PRINTING AND POSTAGE,2014920,F24,48,True,processed,G2026,G2026,SE.1181681,2026-09-23,https://docquery.fec.gov/cgi-bin/forms/C00960435/2014920/,https://docquery.fec.gov/cgi-bin/fecimg/?202609239908389874
No Going Back PAC,C00960435,R,ME-02,"LEPAGE, PAUL",H6ME02148,REP,H,ME,02,S,18345.22,2026-09-22,2026-09-21,2026-09-21,dissemination,2026-09-21,ELECTORAL COMMUNICATIONS GROUP LLC,DIRECT MAIL: PRINTING AND POSTAGE,2014920,F24,48,True,processed,G2026,G2026,SE.1182742.2,2026-09-23,https://docquery.fec.gov/cgi-bin/forms/C00960435/2014920/,https://docquery.fec.gov/cgi-bin/fecimg/?202609239908389892
No Going Back PAC,C00960435,R,ME-02,"DUNLAP, MATT",H6ME02171,DEM,H,ME,02,O,27517.82,2026-09-22,2026-09-21,2026-09-21,dissemination,2026-09-21,ELECTORAL COMMUNICATIONS GROUP LLC,DIRECT MAIL: PRINTING AND POSTAGE,2014920,F24,48,True,processed,G2026,G2026,SE.1182742.1,2026-09-23,https://docquery.fec.gov/cgi-bin/forms/C00960435/2014920/,https://docquery.fec.gov/cgi-bin/fecimg/?202609239908389891
No Going Back PAC,C00960435,R,MI-08,"MCDONALD RIVET, KRISTEN",H4MI08218,DEM,H,MI,08,O,12925.98,2026-09-16,2026-09-21,2026-09-21,dissemination,2026-09-21,WHISTLESTOP STRATEGIES LLC,DIRECT MAIL: PRINTING AND POSTAGE,2014920,F24,48,True,processed,G2026,G2026,SE.1180224.2,2026-09-23,https://docquery.fec.gov/cgi-bin/forms/C00960435/2014920/,https://docquery.fec.gov/cgi-bin/fecimg/?202609239908389910
No Going Back PAC,C00960435,R,MI-08,"SMITH, THOMAS JAMES MR",H6MI08312,REP,H,MI,08,S,12925.97,2026-09-16,2026-09-21,2026-09-21,dissemination,2026-09-21,WHISTLESTOP STRATEGIES LLC,DIRECT MAIL: PRINTING AND POSTAGE,2014920,F24,48,True,processed,G2026,G2026,SE.1180224.1,2026-09-23,https://docquery.fec.gov/cgi-bin/forms/C00960435/2014920/,https://docquery.fec.gov/cgi-bin/fecimg/?202609239908389909
No Going Back PAC,C00960435,R,MI-10,"HINES, CHRISTINA",H6MI10276,DEM,H,MI,10,O,738.0,2026-09-18,2026-09-21,2026-09-21,dissemination,2026-09-21,"1892, LLC",TEXT MESSAGES,2014920,F24,48,True,processed,G2026,G2026,SE.1182149,2026-09-23,https://docquery.fec.gov/cgi-bin/forms/C00960435/2014920/,https://docquery.fec.gov/cgi-bin/fecimg/?202609239908389867
No Going Back PAC,C00960435,R,MT-01,"FORSTAG, SAMUEL KELLEY",H6MT01137,DEM,H,MT,01,O,925.6,2026-09-23,2026-09-21,2026-09-21,dissemination,2026-09-21,CALIBER CONTACT,TEXT MESSAGES,2014920,F24,48,True,processed,G2026,G2026,SE.1183583,2026-09-23,https://docquery.fec.gov/cgi-bin/forms/C00960435/2014920/,https://docquery.fec.gov/cgi-bin/fecimg/?202609239908389925
No Going Back PAC,C00960435,R,NC-11,"AGER, JAMIE",H6NC11248,DEM,H,NC,11,O,28278.6,2026-09-18,2026-09-21,2026-09-21,dissemination,2026-09-21,OPTIMATES LLC,DIRECT MAIL: PRINTING AND POSTAGE,2014920,F24,48,True,processed,G2026,G2026,SE.1182353.2,2026-09-23,https://docquery.fec.gov/cgi-bin/forms/C00960435/2014920/,https://docquery.fec.gov/cgi-bin/fecimg/?202609239908389899
No Going Back PAC,C00960435,R,NC-11,"BALKCOM, JENNIFER",H6NC11321,REP,H,NC,11,S,28278.6,2026-09-18,2026-09-21,2026-09-21,dissemination,2026-09-21,OPTIMATES LLC,DIRECT MAIL: PRINTING AND POSTAGE,2014920,F24,48,True,processed,G2026,G2026,SE.1182353.1,2026-09-23,https://docquery.fec.gov/cgi-bin/forms/C00960435/2014920/,https://docquery.fec.gov/cgi-bin/fecimg/?202609239908389898
No Going Back PAC,C00960435,R,NC-SEN,"COOPER, ROY",S6NC00407,DEM,S,NC,00,O,5744.48,2026-09-23,2026-09-21,2026-09-21,dissemination,2026-09-21,CALIBER CONTACT,TEXT MESSAGES,2014920,F24,48,True,processed,G2026,G2026,SE.1183566,2026-09-23,https://docquery.fec.gov/cgi-bin/forms/C00960435/2014920/,https://docquery.fec.gov/cgi-bin/fecimg/?202609239908389924
No Going Back PAC,C00960435,R,NE-02,"POWELL, DENISE",H6NE02174,DEM,H,NE,02,O,13024.73,2026-09-18,2026-09-21,2026-09-21,dissemination,2026-09-21,OPTIMATES LLC,DIRECT MAIL: PRINTING AND POSTAGE,2014920,F24,48,True,processed,G2026,G2026,SE.1182360.2,2026-09-23,https://docquery.fec.gov/cgi-bin/forms/C00960435/2014920/,https://docquery.fec.gov/cgi-bin/fecimg/?202609239908389901
No Going Back PAC,C00960435,R,NE-02,"HARDING, BRINKER",H6NE02208,REP,H,NE,02,S,13024.74,2026-09-18,2026-09-21,2026-09-21,dissemination,2026-09-21,OPTIMATES LLC,DIRECT MAIL: PRINTING AND POSTAGE,2014920,F24,48,True,processed,G2026,G2026,SE.1182360.1,2026-09-23,https://docquery.fec.gov/cgi-bin/forms/C00960435/2014920/,https://docquery.fec.gov/cgi-bin/fecimg/?202609239908389900
No Going Back PAC,C00960435,R,NH-SEN,"PAPPAS, CHRIS",S6NH00141,DEM,S,NH,00,O,22285.94,2026-09-16,2026-09-21,2026-09-21,dissemination,2026-09-21,WHISTLESTOP STRATEGIES LLC,DIRECT MAIL: PRINTING AND POSTAGE,2014920,F24,48,True,processed,G2026,G2026,SE.1180250.2,2026-09-23,https://docquery.fec.gov/cgi-bin/forms/C00960435/2014920/,https://docquery.fec.gov/cgi-bin/fecimg/?202609239908389911
No Going Back PAC,C00960435,R,NH-SEN,"SUNUNU, JOHN E.",S6NH00208,REP,S,NH,00,S,22285.94,2026-09-16,2026-09-21,2026-09-21,dissemination,2026-09-21,WHISTLESTOP STRATEGIES LLC,DIRECT MAIL: PRINTING AND POSTAGE,2014920,F24,48,True,processed,G2026,G2026,SE.1180250.1,2026-09-23,https://docquery.fec.gov/cgi-bin/forms/C00960435/2014920/,https://docquery.fec.gov/cgi-bin/fecimg/?202609239908389910
No Going Back PAC,C00960435,R,NJ-07,"BENNETT, REBECCA",H6NJ07201,DEM,H,NJ,07,O,998.36,2026-09-22,2026-09-21,2026-09-21,dissemination,2026-09-21,ELECTORAL COMMUNICATIONS GROUP LLC,TEXT MESSAGES,2014920,F24,48,True,processed,G2026,G2026,SE.1182776,2026-09-23,https://docquery.fec.gov/cgi-bin/forms/C00960435/2014920/,https://docquery.fec.gov/cgi-bin/fecimg/?202609239908389895
No Going Back PAC,C00960435,R,NJ-09,"POU, NELIDA",H4NJ09194,DEM,H,NJ,09,O,1889.68,2026-09-21,2026-09-21,2026-09-21,dissemination,2026-09-21,WHISTLESTOP STRATEGIES LLC,TEXT MESSAGES,2014920,F24,48,True,processed,G2026,G2026,SE.1182547,2026-09-23,https://docquery.fec.gov/cgi-bin/forms/C00960435/2014920/,https://docquery.fec.gov/cgi-bin/fecimg/?202609239908389921
No Going Back PAC,C00960435,R,NM-02,"VASQUEZ, GABRIEL",H2NM02191,DEM,H,NM,02,O,2080.08,2026-09-21,2026-09-21,2026-09-21,dissemination,2026-09-21,WHISTLESTOP STRATEGIES LLC,TEXT MESSAGES,2014920,F24,48,True,processed,G2026,G2026,SE.1182548,2026-09-23,https://docquery.fec.gov/cgi-bin/forms/C00960435/2014920/,https://docquery.fec.gov/cgi-bin/fecimg/?202609239908389921
No Going Back PAC,C00960435,R,NM-02,"VASQUEZ, GABRIEL",H2NM02191,DEM,H,NM,02,O,19476.66,2026-09-16,2026-09-21,2026-09-21,dissemination,2026-09-21,WHISTLESTOP STRATEGIES LLC,DIRECT MAIL: PRINTING AND POSTAGE,2014920,F24,48,True,processed,G2026,G2026,SE.1180941.2,2026-09-23,https://docquery.fec.gov/cgi-bin/forms/C00960435/2014920/,https://docquery.fec.gov/cgi-bin/fecimg/?202609239908389912
No Going Back PAC,C00960435,R,NM-02,"CUNNINGHAM, GREG",H6NM02127,REP,H,NM,02,S,19476.66,2026-09-16,2026-09-21,2026-09-21,dissemination,2026-09-21,WHISTLESTOP STRATEGIES LLC,DIRECT MAIL: PRINTING AND POSTAGE,2014920,F24,48,True,processed,G2026,G2026,SE.1180941.1,2026-09-23,https://docquery.fec.gov/cgi-bin/forms/C00960435/2014920/,https://docquery.fec.gov/cgi-bin/fecimg/?202609239908389911
No Going Back PAC,C00960435,R,NV-03,"LEE, SUSIE",H6NV04020,DEM,H,NV,03,O,1129.44,2026-09-22,2026-09-21,2026-09-21,dissemination,2026-09-21,ELECTORAL COMMUNICATIONS GROUP LLC,TEXT MESSAGES,2014920,F24,48,True,processed,G2026,G2026,SE.1182774,2026-09-23,https://docquery.fec.gov/cgi-bin/forms/C00960435/2014920/,https://docquery.fec.gov/cgi-bin/fecimg/?202609239908389894
No Going Back PAC,C00960435,R,NY-03,"SUOZZI, THOMAS",H6NY03247,DEM,H,NY,03,O,18743.55,2026-09-18,2026-09-21,2026-09-21,dissemination,2026-09-21,OPTIMATES LLC,DIRECT MAIL: PRINTING AND POSTAGE,2014920,F24,48,True,processed,G2026,G2026,SE.1182357.2,2026-09-23,https://docquery.fec.gov/cgi-bin/forms/C00960435/2014920/,https://docquery.fec.gov/cgi-bin/fecimg/?202609239908389900
No Going Back PAC,C00960435,R,NY-03,"LIPETRI, MIKE",H0NY02267,REP,H,NY,03,S,18743.54,2026-09-18,2026-09-21,2026-09-21,dissemination,2026-09-21,OPTIMATES LLC,DIRECT MAIL: PRINTING AND POSTAGE,2014920,F24,48,True,processed,G2026,G2026,SE.1182357.1,2026-09-23,https://docquery.fec.gov/cgi-bin/forms/C00960435/2014920/,https://docquery.fec.gov/cgi-bin/fecimg/?202609239908389899
No Going Back PAC,C00960435,R,NY-04,"GILLEN, LAURA",H2NY04244,DEM,H,NY,04,O,1919.36,2026-09-21,2026-09-21,2026-09-21,dissemination,2026-09-21,WHISTLESTOP STRATEGIES LLC,TEXT MESSAGES,2014920,F24,48,True,processed,G2026,G2026,SE.1182549,2026-09-23,https://docquery.fec.gov/cgi-bin/forms/C00960435/2014920/,https://docquery.fec.gov/cgi-bin/fecimg/?202609239908389922
No Going Back PAC,C00960435,R,NY-17,"CONLEY, CAIT",H6NY17171,DEM,H,NY,17,O,10071.46,2026-09-17,2026-09-21,2026-09-21,dissemination,2026-09-21,CREATIVE DIRECT,DIRECT MAIL: PRINTING AND POSTAGE,2014920,F24,48,True,processed,G2026,G2026,SE.1181809.2,2026-09-23,https://docquery.fec.gov/cgi-bin/forms/C00960435/2014920/,https://docquery.fec.gov/cgi-bin/fecimg/?202609239908389883
No Going Back PAC,C00960435,R,NY-17,"LAWLER, MICHAEL VINCENT",H2NY17162,REP,H,NY,17,S,10071.46,2026-09-17,2026-09-21,2026-09-21,dissemination,2026-09-21,CREATIVE DIRECT,DIRECT MAIL: PRINTING AND POSTAGE,2014920,F24,48,True,processed,G2026,G2026,SE.1181809.1,2026-09-23,https://docquery.fec.gov/cgi-bin/forms/C00960435/2014920/,https://docquery.fec.gov/cgi-bin/fecimg/?202609239908389882
No Going Back PAC,C00960435,R,OH-01,"LANDSMAN, GREG",H2OH01194,DEM,H,OH,01,O,54765.0,2026-09-17,2026-09-21,2026-09-21,dissemination,2026-09-21,PT STRATEGY LLC,DIRECT MAIL: PRINTING AND POSTAGE,2014920,F24,48,True,processed,G2026,G2026,SE.1181683,2026-09-23,https://docquery.fec.gov/cgi-bin/forms/C00960435/2014920/,https://docquery.fec.gov/cgi-bin/fecimg/?202609239908389875
No Going Back PAC,C00960435,R,OH-09,"MERRIN, DEREK",H4OH09169,REP,H,OH,09,S,17063.0,2026-09-17,2026-09-21,2026-09-21,dissemination,2026-09-21,PT STRATEGY LLC,DIRECT MAIL: PRINTING AND POSTAGE,2014920,F24,48,True,processed,G2026,G2026,SE.1181688.2,2026-09-23,https://docquery.fec.gov/cgi-bin/forms/C00960435/2014920/,https://docquery.fec.gov/cgi-bin/fecimg/?202609239908389876
No Going Back PAC,C00960435,R,OH-09,"KAPTUR, MARCY HON. M.C.",H2OH09031,DEM,H,OH,09,O,17063.0,2026-09-17,2026-09-21,2026-09-21,dissemination,2026-09-21,PT STRATEGY LLC,DIRECT MAIL: PRINTING AND POSTAGE,2014920,F24,48,True,processed,G2026,G2026,SE.1181688.1,2026-09-23,https://docquery.fec.gov/cgi-bin/forms/C00960435/2014920/,https://docquery.fec.gov/cgi-bin/fecimg/?202609239908389875
No Going Back PAC,C00960435,R,OH-15,"LEONARD, DON RALPH",H6OH15112,DEM,H,OH,15,O,14706.29,2026-09-18,2026-09-21,2026-09-21,dissemination,2026-09-21,OPTIMATES LLC,DIRECT MAIL: PRINTING AND POSTAGE,2014920,F24,48,True,processed,G2026,G2026,SE.1182362.2,2026-09-23,https://docquery.fec.gov/cgi-bin/forms/C00960435/2014920/,https://docquery.fec.gov/cgi-bin/fecimg/?202609239908389903
No Going Back PAC,C00960435,R,OH-15,"CAREY, MIKE",H2OH15228,REP,H,OH,15,S,14706.29,2026-09-18,2026-09-21,2026-09-21,dissemination,2026-09-21,OPTIMATES LLC,DIRECT MAIL: PRINTING AND POSTAGE,2014920,F24,48,True,processed,G2026,G2026,SE.1182362.1,2026-09-23,https://docquery.fec.gov/cgi-bin/forms/C00960435/2014920/,https://docquery.fec.gov/cgi-bin/fecimg/?202609239908389901
No Going Back PAC,C00960435,R,PA-07,"BROOKS, BOB",H6PA07188,DEM,H,PA,07,O,21385.0,2026-09-17,2026-09-21,2026-09-21,dissemination,2026-09-21,PT STRATEGY LLC,DIRECT MAIL: PRINTING AND POSTAGE,2014920,F24,48,True,processed,G2026,G2026,SE.1181691,2026-09-23,https://docquery.fec.gov/cgi-bin/forms/C00960435/2014920/,https://docquery.fec.gov/cgi-bin/fecimg/?202609239908389876
No Going Back PAC,C00960435,R,PA-08,"COGNETTI, PAIGE",H6PA08293,DEM,H,PA,08,O,53494.89,2026-09-22,2026-09-21,2026-09-21,dissemination,2026-09-21,ELECTORAL COMMUNICATIONS GROUP LLC,DIRECT MAIL: PRINTING AND POSTAGE,2014920,F24,48,True,processed,G2026,G2026,SE.1182722.2,2026-09-23,https://docquery.fec.gov/cgi-bin/forms/C00960435/2014920/,https://docquery.fec.gov/cgi-bin/fecimg/?202609239908389889
No Going Back PAC,C00960435,R,PA-08,"BRESNAHAN, ROB",H4PA08124,REP,H,PA,08,S,53494.89,2026-09-22,2026-09-21,2026-09-21,dissemination,2026-09-21,ELECTORAL COMMUNICATIONS GROUP LLC,DIRECT MAIL: PRINTING AND POSTAGE,2014920,F24,48,True,processed,G2026,G2026,SE.1182722.1,2026-09-23,https://docquery.fec.gov/cgi-bin/forms/C00960435/2014920/,https://docquery.fec.gov/cgi-bin/fecimg/?202609239908389888
No Going Back PAC,C00960435,R,PA-10,"PERRY, SCOTT",H2PA04135,REP,H,PA,10,S,10302.5,2026-09-17,2026-09-21,2026-09-21,dissemination,2026-09-21,PT STRATEGY LLC,DIRECT MAIL: PRINTING AND POSTAGE,2014920,F24,48,True,processed,G2026,G2026,SE.1181693.3,2026-09-23,https://docquery.fec.gov/cgi-bin/forms/C00960435/2014920/,https://docquery.fec.gov/cgi-bin/fecimg/?202609239908389878
No Going Back PAC,C00960435,R,PA-10,"STELSON, JANELLE",H4PA10104,DEM,H,PA,10,O,25394.5,2026-09-17,2026-09-21,2026-09-21,dissemination,2026-09-21,PT STRATEGY LLC,DIRECT MAIL: PRINTING AND POSTAGE,2014920,F24,48,True,processed,G2026,G2026,SE.1181693.1,2026-09-23,https://docquery.fec.gov/cgi-bin/forms/C00960435/2014920/,https://docquery.fec.gov/cgi-bin/fecimg/?202609239908389877
No Going Back PAC,C00960435,R,TX-09,"MEALER, ALEXANDRA",H6TX09140,REP,H,TX,09,S,1626.24,2026-09-23,2026-09-21,2026-09-21,dissemination,2026-09-21,CALIBER CONTACT,TEXT MESSAGES,2014920,F24,48,True,processed,G2026,G2026,SE.1183584,2026-09-23,https://docquery.fec.gov/cgi-bin/forms/C00960435/2014920/,https://docquery.fec.gov/cgi-bin/fecimg/?202609239908389926
No Going Back PAC,C00960435,R,TX-15,"PULIDO, BOBBY",H6TX15246,DEM,H,TX,15,O,799.96,2026-09-23,2026-09-21,2026-09-21,dissemination,2026-09-21,CALIBER CONTACT,TEXT MESSAGES,2014920,F24,48,True,processed,G2026,G2026,SE.1183571,2026-09-23,https://docquery.fec.gov/cgi-bin/forms/C00960435/2014920/,https://docquery.fec.gov/cgi-bin/fecimg/?202609239908389924
No Going Back PAC,C00960435,R,TX-23,"STOUT, KATY PADILLA",H6TX23273,DEM,H,TX,23,O,23011.88,2026-09-17,2026-09-21,2026-09-21,dissemination,2026-09-21,CREATIVE DIRECT,DIRECT MAIL: PRINTING AND POSTAGE,2014920,F24,48,True,processed,G2026,G2026,SE.1181810.2,2026-09-23,https://docquery.fec.gov/cgi-bin/forms/C00960435/2014920/,https://docquery.fec.gov/cgi-bin/fecimg/?202609239908389884
No Going Back PAC,C00960435,R,TX-23,"HERRERA, BRANDON",H4TX23120,REP,H,TX,23,S,23011.87,2026-09-17,2026-09-21,2026-09-21,dissemination,2026-09-21,CREATIVE DIRECT,DIRECT MAIL: PRINTING AND POSTAGE,2014920,F24,48,True,processed,G2026,G2026,SE.1181810.1,2026-09-23,https://docquery.fec.gov/cgi-bin/forms/C00960435/2014920/,https://docquery.fec.gov/cgi-bin/fecimg/?202609239908389883
No Going Back PAC,C00960435,R,TX-28,"CUELLAR, HENRY R.",H2TX23082,DEM,H,TX,28,O,2273.28,2026-09-22,2026-09-21,2026-09-21,dissemination,2026-09-21,WHISTLESTOP STRATEGIES LLC,TEXT MESSAGES,2014920,F24,48,True,processed,G2026,G2026,SE.1183242,2026-09-23,https://docquery.fec.gov/cgi-bin/forms/C00960435/2014920/,https://docquery.fec.gov/cgi-bin/fecimg/?202609239908389923
No Going Back PAC,C00960435,R,TX-34,"FLORES, ERIC",H6TX34080,REP,H,TX,34,S,74051.56,2026-09-22,2026-09-21,2026-09-21,dissemination,2026-09-21,ELECTORAL COMMUNICATIONS GROUP LLC,DIRECT MAIL: PRINTING AND POSTAGE,2014920,F24,48,True,processed,G2026,G2026,SE.1182729.2,2026-09-23,https://docquery.fec.gov/cgi-bin/forms/C00960435/2014920/,https://docquery.fec.gov/cgi-bin/fecimg/?202609239908389890
No Going Back PAC,C00960435,R,TX-34,"GONZALEZ, VICENTE",H6TX15162,DEM,H,TX,34,O,74051.56,2026-09-22,2026-09-21,2026-09-21,dissemination,2026-09-21,ELECTORAL COMMUNICATIONS GROUP LLC,DIRECT MAIL: PRINTING AND POSTAGE,2014920,F24,48,True,processed,G2026,G2026,SE.1182729.1,2026-09-23,https://docquery.fec.gov/cgi-bin/forms/C00960435/2014920/,https://docquery.fec.gov/cgi-bin/fecimg/?202609239908389889
No Going Back PAC,C00960435,R,TX-35,"GARCIA, JOHNNY",H6TX35095,DEM,H,TX,35,O,917.32,2026-09-23,2026-09-21,2026-09-21,dissemination,2026-09-21,CALIBER CONTACT,TEXT MESSAGES,2014920,F24,48,True,processed,G2026,G2026,SE.1183599,2026-09-23,https://docquery.fec.gov/cgi-bin/forms/C00960435/2014920/,https://docquery.fec.gov/cgi-bin/fecimg/?202609239908389927
No Going Back PAC,C00960435,R,VA-01,"TAYLOR, SHANNON LEIGH",H6VA01299,DEM,H,VA,01,O,70102.32,2026-09-22,2026-09-21,2026-09-21,dissemination,2026-09-21,ELECTORAL COMMUNICATIONS GROUP LLC,DIRECT MAIL: PRINTING AND POSTAGE,2014920,F24,48,True,processed,G2026,G2026,SE.1182734.2,2026-09-23,https://docquery.fec.gov/cgi-bin/forms/C00960435/2014920/,https://docquery.fec.gov/cgi-bin/fecimg/?202609239908389891
No Going Back PAC,C00960435,R,VA-01,"WITTMAN, ROBERT MR.",H8VA01147,REP,H,VA,01,S,70102.32,2026-09-22,2026-09-21,2026-09-21,dissemination,2026-09-21,ELECTORAL COMMUNICATIONS GROUP LLC,DIRECT MAIL: PRINTING AND POSTAGE,2014920,F24,48,True,processed,G2026,G2026,SE.1182734.1,2026-09-23,https://docquery.fec.gov/cgi-bin/forms/C00960435/2014920/,https://docquery.fec.gov/cgi-bin/fecimg/?202609239908389890
No Going Back PAC,C00960435,R,VA-05,"MCGUIRE, JOHN J. MR. III",H0VA07133,REP,H,VA,05,S,42121.73,2026-09-22,2026-09-21,2026-09-21,dissemination,2026-09-21,ELECTORAL COMMUNICATIONS GROUP LLC,DIRECT MAIL: PRINTING AND POSTAGE,2014920,F24,48,True,processed,G2026,G2026,SE.1182747.2,2026-09-23,https://docquery.fec.gov/cgi-bin/forms/C00960435/2014920/,https://docquery.fec.gov/cgi-bin/fecimg/?202609239908389893
No Going Back PAC,C00960435,R,VA-05,"PERRIELLO, THOMAS",H6VA05217,DEM,H,VA,05,O,70202.87,2026-09-22,2026-09-21,2026-09-21,dissemination,2026-09-21,ELECTORAL COMMUNICATIONS GROUP LLC,DIRECT MAIL: PRINTING AND POSTAGE,2014920,F24,48,True,processed,G2026,G2026,SE.1182747.1,2026-09-23,https://docquery.fec.gov/cgi-bin/forms/C00960435/2014920/,https://docquery.fec.gov/cgi-bin/fecimg/?202609239908389892
No Going Back PAC,C00960435,R,WI-01,"BERMAN, MITCHELL",H6WI01283,DEM,H,WI,01,O,44777.47,2026-09-17,2026-09-21,2026-09-21,dissemination,2026-09-21,CREATIVE DIRECT,DIRECT MAIL: PRINTING AND POSTAGE,2014920,F24,48,True,processed,G2026,G2026,SE.1181817.2,2026-09-23,https://docquery.fec.gov/cgi-bin/forms/C00960435/2014920/,https://docquery.fec.gov/cgi-bin/fecimg/?202609239908389886
No Going Back PAC,C00960435,R,WI-01,"STEIL, BRYAN GEORGE",H8WI01156,REP,H,WI,01,S,44777.47,2026-09-17,2026-09-21,2026-09-21,dissemination,2026-09-21,CREATIVE DIRECT,DIRECT MAIL: PRINTING AND POSTAGE,2014920,F24,48,True,processed,G2026,G2026,SE.1181817.1,2026-09-23,https://docquery.fec.gov/cgi-bin/forms/C00960435/2014920/,https://docquery.fec.gov/cgi-bin/fecimg/?202609239908389885
SLF,C00571703,R,AK-SEN,"PELTOLA, MARY",S6AK00276,DEM,S,AK,00,O,83393.18,2026-09-21,2026-09-21,2026-09-21,dissemination,2026-09-21,RIVAL STRATEGY GROUP LLC,POSTAGE / PRINTING / PRODUCTION,2014940,F24,48,True,processed,G2026,G2026,SE.1,2026-09-23,https://docquery.fec.gov/cgi-bin/forms/C00571703/2014940/,https://docquery.fec.gov/cgi-bin/fecimg/?202609239908390939
SLF,C00571703,R,NH-SEN,"PAPPAS, CHRIS",S6NH00141,DEM,S,NH,00,O,3312.5,2026-09-22,2026-09-21,2026-09-21,dissemination,2026-09-21,JAMESTOWN ASSOCIATES,MEDIA PRODUCTION,2014940,F24,48,True,processed,G2026,G2026,SE.2,2026-09-23,https://docquery.fec.gov/cgi-bin/forms/C00571703/2014940/,https://docquery.fec.gov/cgi-bin/fecimg/?202609239908390939
Texas PAC,C00960211,R,TX-SEN,"TALARICO, JAMES",S6TX00479,DEM,S,TX,00,O,709707.3,2026-09-18,2026-09-21,2026-09-21,dissemination,2026-09-21,IMGE LLC,DIGITAL MEDIA,2014912,F24,48,True,processed,G2026,G2026,SE24.23,2026-09-23,https://docquery.fec.gov/cgi-bin/forms/C00960211/2014912/,https://docquery.fec.gov/cgi-bin/fecimg/?202609239908389556
Texas PAC,C00960211,R,TX-SEN,"PAXTON, WARREN KENNETH JR.",S6TX00388,REP,S,TX,00,S,1963637.0,2026-09-18,2026-09-21,2026-09-21,dissemination,2026-09-21,IMGE LLC,DIGITAL MEDIA,2014912,F24,48,True,processed,G2026,G2026,SE24.22,2026-09-23,https://docquery.fec.gov/cgi-bin/forms/C00960211/2014912/,https://docquery.fec.gov/cgi-bin/fecimg/?202609239908389556
Texas PAC,C00960211,R,TX-SEN,"TALARICO, JAMES",S6TX00479,DEM,S,TX,00,O,1104703.66,2026-09-17,2026-09-21,2026-09-21,dissemination,2026-09-21,IMGE LLC,TEXTING SERVICE,2014912,F24,48,True,processed,G2026,G2026,SE24.19,2026-09-23,https://docquery.fec.gov/cgi-bin/forms/C00960211/2014912/,https://docquery.fec.gov/cgi-bin/fecimg/?202609239908389555
Texas PAC,C00960211,R,TX-SEN,"PAXTON, WARREN KENNETH JR.",S6TX00388,REP,S,TX,00,S,987752.14,2026-09-17,2026-09-21,2026-09-21,dissemination,2026-09-21,IMGE LLC,TEXTING SERVICE,2014912,F24,48,True,processed,G2026,G2026,SE24.18,2026-09-23,https://docquery.fec.gov/cgi-bin/forms/C00960211/2014912/,https://docquery.fec.gov/cgi-bin/fecimg/?202609239908389555
Texas PAC,C00960211,R,TX-SEN,"TALARICO, JAMES",S6TX00479,DEM,S,TX,00,O,373961.07,2026-09-17,2026-09-21,2026-09-21,dissemination,2026-09-21,GOLDFINCH PARTNERS LLC,PRINTING/POSTAGE,2014912,F24,48,True,processed,G2026,G2026,SE24.21,2026-09-23,https://docquery.fec.gov/cgi-bin/forms/C00960211/2014912/,https://docquery.fec.gov/cgi-bin/fecimg/?202609239908389554
Texas PAC,C00960211,R,TX-SEN,"PAXTON, WARREN KENNETH JR.",S6TX00388,REP,S,TX,00,S,373961.08,2026-09-17,2026-09-21,2026-09-21,dissemination,2026-09-21,GOLDFINCH PARTNERS LLC,PRINTING/POSTAGE,2014912,F24,48,True,processed,G2026,G2026,SE24.20,2026-09-23,https://docquery.fec.gov/cgi-bin/forms/C00960211/2014912/,https://docquery.fec.gov/cgi-bin/fecimg/?202609239908389554
WinSenate,C00865444,D,MI-SEN,"ROGERS, MICHAEL",S4MI00595,REP,S,MI,00,O,21644.0,2026-09-21,2026-09-21,2026-09-21,dissemination,2026-09-21,DIXON/DAVIS MEDIA GROUP LLC,MEDIA PRODUCTION,2014909,F24,48,True,processed,G2026,G2026,500196792,2026-09-23,https://docquery.fec.gov/cgi-bin/forms/C00865444/2014909/,https://docquery.fec.gov/cgi-bin/fecimg/?202609239908389540
CLF,C00504530,R,PA-10,"STELSON, JANELLE",,,H,PA,10,O,9418.0,2026-09-24,2026-09-22,2026-09-22,dissemination,2026-09-21,SRCP MEDIA,MEDIA PRODUCTION,2015078,F24,48,True,processed,G2026,G2026,SE24.4866,2026-09-24,https://docquery.fec.gov/cgi-bin/forms/C00504530/2015078/,https://docquery.fec.gov/cgi-bin/fecimg/?202609249908417789
CLF,C00504530,R,TX-28,"CUELLAR, HENRY R.",,,H,TX,28,O,60000.0,2026-09-22,2026-09-22,2026-09-22,dissemination,2026-09-21,PRIME MEDIA PARTNERS,MEDIA PRODUCTION,2015078,F24,48,True,processed,G2026,G2026,SE24.4855,2026-09-24,https://docquery.fec.gov/cgi-bin/forms/C00504530/2015078/,https://docquery.fec.gov/cgi-bin/fecimg/?202609249908417790
CLF,C00504530,R,TX-28,"CUELLAR, HENRY R.",,,H,TX,28,O,13000.0,2026-09-22,2026-09-22,2026-09-22,dissemination,2026-09-21,PRIME MEDIA PARTNERS,MEDIA PRODUCTION,2015078,F24,48,True,processed,G2026,G2026,SE24.4854,2026-09-24,https://docquery.fec.gov/cgi-bin/forms/C00504530/2015078/,https://docquery.fec.gov/cgi-bin/fecimg/?202609249908417789
CLF,C00504530,R,WA-03,"GLUESENKAMP PEREZ, MARIE",,,H,WA,03,O,13000.0,2026-09-22,2026-09-22,2026-09-22,dissemination,2026-09-21,PATCHWORK CREATIVE,MEDIA PRODUCTION,2015078,F24,48,True,processed,G2026,G2026,SE24.4856,2026-09-24,https://docquery.fec.gov/cgi-bin/forms/C00504530/2015078/,https://docquery.fec.gov/cgi-bin/fecimg/?202609249908417790
HMP,C00495028,D,AK-AL,"BEGICH, NICHOLAS III",H2AK01083,REP,H,AK,00,O,175147.0,2026-09-22,2026-09-22,2026-09-22,dissemination,2026-09-21,WAVELENGTH STRATEGY LLC,DIGITAL ADVERTISING - ESTIMATE,2015100,F24,48,True,processed,G2026,G2026,500681537,2026-09-24,https://docquery.fec.gov/cgi-bin/forms/C00495028/2015100/,https://docquery.fec.gov/cgi-bin/fecimg/?202609249908417935
HMP,C00495028,D,AZ-01,"FEELY, THOMAS JAMES",H6AZ05190,REP,H,AZ,01,O,781920.0,2026-09-22,2026-09-22,2026-09-22,dissemination,2026-09-21,WATERFRONT STRATEGIES INC.,TELEVISION ADVERTISING - ESTIMATE,2015100,F24,48,True,processed,G2026,G2026,500681513,2026-09-24,https://docquery.fec.gov/cgi-bin/forms/C00495028/2015100/,https://docquery.fec.gov/cgi-bin/fecimg/?202609249908417923
HMP,C00495028,D,AZ-01,"FEELY, THOMAS JAMES",H6AZ05190,REP,H,AZ,01,O,12242.5,2026-09-22,2026-09-22,2026-09-22,dissemination,2026-09-21,DECLARATION MEDIA,MEDIA PRODUCTION - ESTIMATE,2015100,F24,48,True,processed,G2026,G2026,500681449,2026-09-24,https://docquery.fec.gov/cgi-bin/forms/C00495028/2015100/,https://docquery.fec.gov/cgi-bin/fecimg/?202609249908417897
HMP,C00495028,D,AZ-06,"CISCOMANI, JUAN",H2AZ02360,REP,H,AZ,06,O,365040.0,2026-09-22,2026-09-22,2026-09-22,dissemination,2026-09-21,WATERFRONT STRATEGIES INC.,TELEVISION ADVERTISING - ESTIMATE,2015100,F24,48,True,processed,G2026,G2026,500681521,2026-09-24,https://docquery.fec.gov/cgi-bin/forms/C00495028/2015100/,https://docquery.fec.gov/cgi-bin/fecimg/?202609249908417927
HMP,C00495028,D,AZ-06,"CISCOMANI, JUAN",H2AZ02360,REP,H,AZ,06,O,14688.0,2026-09-22,2026-09-22,2026-09-22,dissemination,2026-09-21,WATERFRONT STRATEGIES INC.,RADIO ADVERTISING - ESTIMATE,2015100,F24,48,True,processed,G2026,G2026,500681520,2026-09-24,https://docquery.fec.gov/cgi-bin/forms/C00495028/2015100/,https://docquery.fec.gov/cgi-bin/fecimg/?202609249908417926
HMP,C00495028,D,AZ-06,"CISCOMANI, JUAN",H2AZ02360,REP,H,AZ,06,O,135310.0,2026-09-22,2026-09-22,2026-09-22,dissemination,2026-09-21,UPLIFT CAMPAIGNS,DIGITAL ADVERTISING AND PRODUCTION - ESTIMATE,2015100,F24,48,True,processed,G2026,G2026,500681501,2026-09-24,https://docquery.fec.gov/cgi-bin/forms/C00495028/2015100/,https://docquery.fec.gov/cgi-bin/fecimg/?202609249908417915
HMP,C00495028,D,AZ-06,"CISCOMANI, JUAN",H2AZ02360,REP,H,AZ,06,O,2660.0,2026-09-22,2026-09-22,2026-09-22,dissemination,2026-09-21,THE STRATEGY GROUP,DIRECT MAIL - ESTIMATE,2015100,F24,48,True,processed,G2026,G2026,500681496,2026-09-24,https://docquery.fec.gov/cgi-bin/forms/C00495028/2015100/,https://docquery.fec.gov/cgi-bin/fecimg/?202609249908417913
HMP,C00495028,D,AZ-06,"CISCOMANI, JUAN",H2AZ02360,REP,H,AZ,06,O,22334.63,2026-09-22,2026-09-22,2026-09-22,dissemination,2026-09-21,THE STRATEGY GROUP,DIRECT MAIL - ESTIMATE,2015100,F24,48,True,processed,G2026,G2026,500681495,2026-09-24,https://docquery.fec.gov/cgi-bin/forms/C00495028/2015100/,https://docquery.fec.gov/cgi-bin/fecimg/?202609249908417913
HMP,C00495028,D,AZ-06,"CISCOMANI, JUAN",H2AZ02360,REP,H,AZ,06,O,4500.0,2026-09-22,2026-09-22,2026-09-22,dissemination,2026-09-21,TECHNICOLOR POLITCAL LLC,MEDIA PRODUCTION - ESTIMATE,2015100,F24,48,True,processed,G2026,G2026,500681494,2026-09-24,https://docquery.fec.gov/cgi-bin/forms/C00495028/2015100/,https://docquery.fec.gov/cgi-bin/fecimg/?202609249908417912
HMP,C00495028,D,AZ-06,"CISCOMANI, JUAN",H2AZ02360,REP,H,AZ,06,O,3500.0,2026-09-22,2026-09-22,2026-09-22,dissemination,2026-09-21,SOLIDARITY STRATEGIES LLC,MEDIA PRODUCTION - ESTIMATE,2015100,F24,48,True,processed,G2026,G2026,500681492,2026-09-24,https://docquery.fec.gov/cgi-bin/forms/C00495028/2015100/,https://docquery.fec.gov/cgi-bin/fecimg/?202609249908417911
HMP,C00495028,D,CA-22,"VALADAO, DAVID",H2CA20094,REP,H,CA,22,O,530280.0,2026-09-22,2026-09-22,2026-09-22,dissemination,2026-09-21,WATERFRONT STRATEGIES INC.,TELEVISION ADVERTISING - ESTIMATE,2015100,F24,48,True,processed,G2026,G2026,500681507,2026-09-24,https://docquery.fec.gov/cgi-bin/forms/C00495028/2015100/,https://docquery.fec.gov/cgi-bin/fecimg/?202609249908417920
HMP,C00495028,D,CA-22,"VALADAO, DAVID",H2CA20094,REP,H,CA,22,O,25920.0,2026-09-22,2026-09-22,2026-09-22,dissemination,2026-09-21,WATERFRONT STRATEGIES INC.,RADIO ADVERTISING - ESTIMATE,2015100,F24,48,True,processed,G2026,G2026,500681506,2026-09-24,https://docquery.fec.gov/cgi-bin/forms/C00495028/2015100/,https://docquery.fec.gov/cgi-bin/fecimg/?202609249908417919
HMP,C00495028,D,CA-22,"VALADAO, DAVID",H2CA20094,REP,H,CA,22,O,35000.0,2026-09-22,2026-09-22,2026-09-22,dissemination,2026-09-21,TRILOGY INTERACTIVE LLC,DIGITAL ADVERTISING - ESTIMATE,2015100,F24,48,True,processed,G2026,G2026,500681498,2026-09-24,https://docquery.fec.gov/cgi-bin/forms/C00495028/2015100/,https://docquery.fec.gov/cgi-bin/fecimg/?202609249908417914
HMP,C00495028,D,CA-22,"VALADAO, DAVID",H2CA20094,REP,H,CA,22,O,39370.93,2026-09-22,2026-09-22,2026-09-22,dissemination,2026-09-21,"CONEXION POLITICAL, LLC",MEDIA PRODUCTION - ESTIMATE,2015100,F24,48,True,processed,G2026,G2026,500681468,2026-09-24,https://docquery.fec.gov/cgi-bin/forms/C00495028/2015100/,https://docquery.fec.gov/cgi-bin/fecimg/?202609249908417896
HMP,C00495028,D,CA-48,"DESMOND, JIM",H6CA49128,REP,H,CA,48,O,7000.0,2026-09-22,2026-09-22,2026-09-22,dissemination,2026-09-21,WAVELENGTH STRATEGY LLC,MEDIA PRODUCTION - ESTIMATE,2015100,F24,48,True,processed,G2026,G2026,500681536,2026-09-24,https://docquery.fec.gov/cgi-bin/forms/C00495028/2015100/,https://docquery.fec.gov/cgi-bin/fecimg/?202609249908417934
HMP,C00495028,D,CA-48,"DESMOND, JIM",H6CA49128,REP,H,CA,48,O,231441.0,2026-09-22,2026-09-22,2026-09-22,dissemination,2026-09-21,WAVELENGTH STRATEGY LLC,DIGITAL ADVERTISING AND PRODUCTION - ESTIMATE,2015100,F24,48,True,processed,G2026,G2026,500681535,2026-09-24,https://docquery.fec.gov/cgi-bin/forms/C00495028/2015100/,https://docquery.fec.gov/cgi-bin/fecimg/?202609249908417934
HMP,C00495028,D,CA-48,"DESMOND, JIM",H6CA49128,REP,H,CA,48,O,495936.0,2026-09-22,2026-09-22,2026-09-22,dissemination,2026-09-21,WATERFRONT STRATEGIES INC.,TELEVISION ADVERTISING - ESTIMATE,2015100,F24,48,True,processed,G2026,G2026,500681518,2026-09-24,https://docquery.fec.gov/cgi-bin/forms/C00495028/2015100/,https://docquery.fec.gov/cgi-bin/fecimg/?202609249908417925
HMP,C00495028,D,CA-48,"DESMOND, JIM",H6CA49128,REP,H,CA,48,O,44928.0,2026-09-22,2026-09-22,2026-09-22,dissemination,2026-09-21,WATERFRONT STRATEGIES INC.,RADIO ADVERTISING - ESTIMATE,2015100,F24,48,True,processed,G2026,G2026,500681517,2026-09-24,https://docquery.fec.gov/cgi-bin/forms/C00495028/2015100/,https://docquery.fec.gov/cgi-bin/fecimg/?202609249908417925
HMP,C00495028,D,CA-48,"DESMOND, JIM",H6CA49128,REP,H,CA,48,O,7782.01,2026-09-22,2026-09-22,2026-09-22,dissemination,2026-09-21,GPS IMPACT,MEDIA PRODUCTION - ESTIMATE,2015100,F24,48,True,processed,G2026,G2026,500681465,2026-09-24,https://docquery.fec.gov/cgi-bin/forms/C00495028/2015100/,https://docquery.fec.gov/cgi-bin/fecimg/?202609249908417902
HMP,C00495028,D,CA-48,"DESMOND, JIM",H6CA49128,REP,H,CA,48,O,69400.72,2026-09-22,2026-09-22,2026-09-22,dissemination,2026-09-21,AGENCY,DIRECT MAIL - ESTIMATE,2015100,F24,48,True,processed,G2026,G2026,500681441,2026-09-24,https://docquery.fec.gov/cgi-bin/forms/C00495028/2015100/,https://docquery.fec.gov/cgi-bin/fecimg/?202609249908417893
HMP,C00495028,D,CO-05,"CRANK, JEFF",H6CO05142,REP,H,CO,05,O,111456.0,2026-09-22,2026-09-22,2026-09-22,dissemination,2026-09-21,WATERFRONT STRATEGIES INC.,TELEVISION ADVERTISING - ESTIMATE,2015100,F24,48,True,processed,G2026,G2026,500681514,2026-09-24,https://docquery.fec.gov/cgi-bin/forms/C00495028/2015100/,https://docquery.fec.gov/cgi-bin/fecimg/?202609249908417923
HMP,C00495028,D,CO-08,"EVANS, TIMOTHY GABRIEL JOSEPH",H4CO08034,REP,H,CO,08,O,38412.0,2026-09-22,2026-09-22,2026-09-22,dissemination,2026-09-21,WAVELENGTH STRATEGY LLC,DIGITAL ADVERTISING - ESTIMATE,2015100,F24,48,True,processed,G2026,G2026,500681534,2026-09-24,https://docquery.fec.gov/cgi-bin/forms/C00495028/2015100/,https://docquery.fec.gov/cgi-bin/fecimg/?202609249908417933
HMP,C00495028,D,CO-08,"EVANS, TIMOTHY GABRIEL JOSEPH",H4CO08034,REP,H,CO,08,O,648432.0,2026-09-22,2026-09-22,2026-09-22,dissemination,2026-09-21,WATERFRONT STRATEGIES INC.,TELEVISION ADVERTISING - ESTIMATE,2015100,F24,48,True,processed,G2026,G2026,500681512,2026-09-24,https://docquery.fec.gov/cgi-bin/forms/C00495028/2015100/,https://docquery.fec.gov/cgi-bin/fecimg/?202609249908417922
HMP,C00495028,D,CO-08,"EVANS, TIMOTHY GABRIEL JOSEPH",H4CO08034,REP,H,CO,08,O,21600.0,2026-09-22,2026-09-22,2026-09-22,dissemination,2026-09-21,WATERFRONT STRATEGIES INC.,RADIO ADVERTISING - ESTIMATE,2015100,F24,48,True,processed,G2026,G2026,500681511,2026-09-24,https://docquery.fec.gov/cgi-bin/forms/C00495028/2015100/,https://docquery.fec.gov/cgi-bin/fecimg/?202609249908417922
HMP,C00495028,D,CO-08,"EVANS, TIMOTHY GABRIEL JOSEPH",H4CO08034,REP,H,CO,08,O,3500.0,2026-09-22,2026-09-22,2026-09-22,dissemination,2026-09-21,SOLIDARITY STRATEGIES LLC,MEDIA PRODUCTION - ESTIMATE,2015100,F24,48,True,processed,G2026,G2026,500681491,2026-09-24,https://docquery.fec.gov/cgi-bin/forms/C00495028/2015100/,https://docquery.fec.gov/cgi-bin/fecimg/?202609249908417910
HMP,C00495028,D,FL-25,"SINGER, SCOTT M.",H6FL23188,REP,H,FL,25,O,552960.0,2026-09-22,2026-09-22,2026-09-22,dissemination,2026-09-21,WATERFRONT STRATEGIES INC.,TELEVISION ADVERTISING - ESTIMATE,2015100,F24,48,True,processed,G2026,G2026,500681529,2026-09-24,https://docquery.fec.gov/cgi-bin/forms/C00495028/2015100/,https://docquery.fec.gov/cgi-bin/fecimg/?202609249908417931
HMP,C00495028,D,FL-25,"SINGER, SCOTT M.",H6FL23188,REP,H,FL,25,O,7230.04,2026-09-22,2026-09-22,2026-09-22,dissemination,2026-09-21,"THREE POINT MEDIA, LLC",MEDIA PRODUCTION - ESTIMATE,2015100,F24,48,True,processed,G2026,G2026,500681497,2026-09-24,https://docquery.fec.gov/cgi-bin/forms/C00495028/2015100/,https://docquery.fec.gov/cgi-bin/fecimg/?202609249908417914
HMP,C00495028,D,FL-25,"SINGER, SCOTT M.",H6FL23188,REP,H,FL,25,O,108233.0,2026-09-22,2026-09-22,2026-09-22,dissemination,2026-09-21,SKDKNICKERBOCKER LLC,DIGITAL ADVERTISING AND PRODUCTION - ESTIMATE,2015100,F24,48,True,processed,G2026,G2026,500681486,2026-09-24,https://docquery.fec.gov/cgi-bin/forms/C00495028/2015100/,https://docquery.fec.gov/cgi-bin/fecimg/?202609249908417909
HMP,C00495028,D,IA-02,"MITCHELL, JOE",H6IA02237,REP,H,IA,02,O,259200.0,2026-09-22,2026-09-22,2026-09-22,dissemination,2026-09-21,WATERFRONT STRATEGIES INC.,TELEVISION ADVERTISING - ESTIMATE,2015100,F24,48,True,processed,G2026,G2026,500681519,2026-09-24,https://docquery.fec.gov/cgi-bin/forms/C00495028/2015100/,https://docquery.fec.gov/cgi-bin/fecimg/?202609249908417926
HMP,C00495028,D,IA-02,"JAMES, LINDSAY",H6IA02211,DEM,H,IA,02,S,50906.41,2026-09-22,2026-09-22,2026-09-22,dissemination,2026-09-21,"THE PIVOT GROUP, INC.",DIRECT MAIL - ESTIMATE,2015100,F24,48,True,processed,G2026,G2026,500681722,2026-09-24,https://docquery.fec.gov/cgi-bin/forms/C00495028/2015100/,https://docquery.fec.gov/cgi-bin/fecimg/?202609249908417912
HMP,C00495028,D,IA-02,"MITCHELL, JOE",H6IA02237,REP,H,IA,02,O,133117.0,2026-09-22,2026-09-22,2026-09-22,dissemination,2026-09-21,SKDKNICKERBOCKER LLC,DIGITAL ADVERTISING AND PRODUCTION - ESTIMATE,2015100,F24,48,True,processed,G2026,G2026,500681483,2026-09-24,https://docquery.fec.gov/cgi-bin/forms/C00495028/2015100/,https://docquery.fec.gov/cgi-bin/fecimg/?202609249908417908
HMP,C00495028,D,IA-02,"MITCHELL, JOE",H6IA02237,REP,H,IA,02,O,1675.0,2026-09-22,2026-09-22,2026-09-22,dissemination,2026-09-21,"RYEGRASS, LLC",MEDIA PRODUCTION - ESTIMATE,2015100,F24,48,True,processed,G2026,G2026,500681481,2026-09-24,https://docquery.fec.gov/cgi-bin/forms/C00495028/2015100/,https://docquery.fec.gov/cgi-bin/fecimg/?202609249908417907
HMP,C00495028,D,IA-02,"MITCHELL, JOE",H6IA02237,REP,H,IA,02,O,1200.0,2026-09-22,2026-09-22,2026-09-22,dissemination,2026-09-21,ACTIVATE HQ,MEDIA PRODUCTION - ESTIMATE,2015100,F24,48,True,processed,G2026,G2026,500681440,2026-09-24,https://docquery.fec.gov/cgi-bin/forms/C00495028/2015100/,https://docquery.fec.gov/cgi-bin/fecimg/?202609249908417892
HMP,C00495028,D,IA-03,"NUNN, ZACH",H2IA03119,REP,H,IA,03,O,212647.68,2026-09-22,2026-09-22,2026-09-22,dissemination,2026-09-21,WATERFRONT STRATEGIES INC.,TELEVISION ADVERTISING - ESTIMATE,2015100,F24,48,True,processed,G2026,G2026,500681533,2026-09-24,https://docquery.fec.gov/cgi-bin/forms/C00495028/2015100/,https://docquery.fec.gov/cgi-bin/fecimg/?202609249908417933
HMP,C00495028,D,ME-02,"LEPAGE, PAUL",H6ME02148,REP,H,ME,02,O,868263.84,2026-09-22,2026-09-22,2026-09-22,dissemination,2026-09-21,WATERFRONT STRATEGIES INC.,TELEVISION ADVERTISING - ESTIMATE,2015100,F24,48,True,processed,G2026,G2026,500681526,2026-09-24,https://docquery.fec.gov/cgi-bin/forms/C00495028/2015100/,https://docquery.fec.gov/cgi-bin/fecimg/?202609249908417929
HMP,C00495028,D,ME-02,"LEPAGE, PAUL",H6ME02148,REP,H,ME,02,O,11117.0,2026-09-22,2026-09-22,2026-09-22,dissemination,2026-09-21,DECLARATION MEDIA,MEDIA PRODUCTION - ESTIMATE,2015100,F24,48,True,processed,G2026,G2026,500681450,2026-09-24,https://docquery.fec.gov/cgi-bin/forms/C00495028/2015100/,https://docquery.fec.gov/cgi-bin/fecimg/?202609249908417898
HMP,C00495028,D,ME-02,"LEPAGE, PAUL",H6ME02148,REP,H,ME,02,O,174471.0,2026-09-22,2026-09-22,2026-09-22,dissemination,2026-09-21,AL MEDIA LLC,DIGITAL ADVERTISING AND PRODUCTION - ESTIMATE,2015100,F24,48,True,processed,G2026,G2026,500681442,2026-09-24,https://docquery.fec.gov/cgi-bin/forms/C00495028/2015100/,https://docquery.fec.gov/cgi-bin/fecimg/?202609249908417893
HMP,C00495028,D,MI-04,"HUIZENGA, WILLIAM P",H0MI02094,REP,H,MI,04,O,578676.96,2026-09-22,2026-09-22,2026-09-22,dissemination,2026-09-21,WATERFRONT STRATEGIES INC.,TELEVISION ADVERTISING - ESTIMATE,2015100,F24,48,True,processed,G2026,G2026,500681504,2026-09-24,https://docquery.fec.gov/cgi-bin/forms/C00495028/2015100/,https://docquery.fec.gov/cgi-bin/fecimg/?202609249908417918
HMP,C00495028,D,MI-07,"BARRETT, THOMAS M.",H2MI07123,REP,H,MI,07,O,409104.0,2026-09-22,2026-09-22,2026-09-22,dissemination,2026-09-21,WATERFRONT STRATEGIES INC.,TELEVISION ADVERTISING - ESTIMATE,2015100,F24,48,True,processed,G2026,G2026,500681531,2026-09-24,https://docquery.fec.gov/cgi-bin/forms/C00495028/2015100/,https://docquery.fec.gov/cgi-bin/fecimg/?202609249908417932
HMP,C00495028,D,MI-07,"LAWRENCE, WILLIAM",H6MI07298,DEM,H,MI,07,S,26579.0,2026-09-22,2026-09-22,2026-09-22,dissemination,2026-09-21,SKDKNICKERBOCKER LLC,DIGITAL ADVERTISING - ESTIMATE,2015100,F24,48,True,processed,G2026,G2026,500681490,2026-09-24,https://docquery.fec.gov/cgi-bin/forms/C00495028/2015100/,https://docquery.fec.gov/cgi-bin/fecimg/?202609249908417910
HMP,C00495028,D,MI-07,"BARRETT, THOMAS M.",H2MI07123,REP,H,MI,07,O,140763.0,2026-09-22,2026-09-22,2026-09-22,dissemination,2026-09-21,SKDKNICKERBOCKER LLC,DIGITAL ADVERTISING AND PRODUCTION - ESTIMATE,2015100,F24,48,True,processed,G2026,G2026,500681488,2026-09-24,https://docquery.fec.gov/cgi-bin/forms/C00495028/2015100/,https://docquery.fec.gov/cgi-bin/fecimg/?202609249908417909
HMP,C00495028,D,MI-10,"BOUCHARD, MICHAEL",H6MI10359,REP,H,MI,10,O,66616.0,2026-09-22,2026-09-22,2026-09-22,dissemination,2026-09-21,SKDKNICKERBOCKER LLC,DIGITAL ADVERTISING - ESTIMATE,2015100,F24,48,True,processed,G2026,G2026,500681485,2026-09-24,https://docquery.fec.gov/cgi-bin/forms/C00495028/2015100/,https://docquery.fec.gov/cgi-bin/fecimg/?202609249908417908
HMP,C00495028,D,MI-10,"HINES, CHRISTINA",H6MI10276,DEM,H,MI,10,S,45998.0,2026-09-22,2026-09-22,2026-09-22,dissemination,2026-09-21,SKDKNICKERBOCKER LLC,DIGITAL ADVERTISING - ESTIMATE,2015100,F24,48,True,processed,G2026,G2026,500681482,2026-09-24,https://docquery.fec.gov/cgi-bin/forms/C00495028/2015100/,https://docquery.fec.gov/cgi-bin/fecimg/?202609249908417907
HMP,C00495028,D,NC-01,"BUCKHOUT, LAURIE",H4NC01137,REP,H,NC,01,O,2369088.0,2026-09-22,2026-09-22,2026-09-22,dissemination,2026-09-21,WATERFRONT STRATEGIES INC.,TELEVISION ADVERTISING - ESTIMATE,2015100,F24,48,True,processed,G2026,G2026,500681522,2026-09-24,https://docquery.fec.gov/cgi-bin/forms/C00495028/2015100/,https://docquery.fec.gov/cgi-bin/fecimg/?202609249908417927
HMP,C00495028,D,NC-01,"BUCKHOUT, LAURIE",H4NC01137,REP,H,NC,01,O,87199.3,2026-09-22,2026-09-22,2026-09-22,dissemination,2026-09-21,GAMBIT STRATEGIES LLC,DIGITAL ADVERTISING AND PRODUCTION - ESTIMATE,2015100,F24,48,True,processed,G2026,G2026,500681456,2026-09-24,https://docquery.fec.gov/cgi-bin/forms/C00495028/2015100/,https://docquery.fec.gov/cgi-bin/fecimg/?202609249908417900
HMP,C00495028,D,NC-01,"DAVIS, DON",H2NC02287,DEM,H,NC,01,S,54310.0,2026-09-22,2026-09-22,2026-09-22,dissemination,2026-09-21,GAMBIT STRATEGIES LLC,DIGITAL ADVERTISING AND PRODUCTION - ESTIMATE,2015100,F24,48,True,processed,G2026,G2026,500681454,2026-09-24,https://docquery.fec.gov/cgi-bin/forms/C00495028/2015100/,https://docquery.fec.gov/cgi-bin/fecimg/?202609249908417900
HMP,C00495028,D,NC-01,"BUCKHOUT, LAURIE",H4NC01137,REP,H,NC,01,O,52092.27,2026-09-22,2026-09-22,2026-09-22,dissemination,2026-09-21,"4C PARTNERS, LLC",MEDIA PRODUCTION - ESTIMATE,2015100,F24,48,True,processed,G2026,G2026,500681438,2026-09-24,https://docquery.fec.gov/cgi-bin/forms/C00495028/2015100/,https://docquery.fec.gov/cgi-bin/fecimg/?202609249908417891
HMP,C00495028,D,NC-01,"BUCKHOUT, LAURIE",H4NC01137,REP,H,NC,01,O,13460.27,2026-09-22,2026-09-22,2026-09-22,dissemination,2026-09-21,"4C PARTNERS, LLC",MEDIA PRODUCTION - ESTIMATE,2015100,F24,48,True,processed,G2026,G2026,500681437,2026-09-24,https://docquery.fec.gov/cgi-bin/forms/C00495028/2015100/,https://docquery.fec.gov/cgi-bin/fecimg/?202609249908417891
HMP,C00495028,D,NC-11,"BALKCOM, JENNIFER",H6NC11321,REP,H,NC,11,O,691204.32,2026-09-22,2026-09-22,2026-09-22,dissemination,2026-09-21,WATERFRONT STRATEGIES INC.,TELEVISION ADVERTISING - ESTIMATE,2015100,F24,48,True,processed,G2026,G2026,500681515,2026-09-24,https://docquery.fec.gov/cgi-bin/forms/C00495028/2015100/,https://docquery.fec.gov/cgi-bin/fecimg/?202609249908417924
HMP,C00495028,D,NE-02,"HARDING, BRINKER",H6NE02208,REP,H,NE,02,O,286848.0,2026-09-22,2026-09-22,2026-09-22,dissemination,2026-09-21,WATERFRONT STRATEGIES INC.,TELEVISION ADVERTISING - ESTIMATE,2015100,F24,48,True,processed,G2026,G2026,500681505,2026-09-24,https://docquery.fec.gov/cgi-bin/forms/C00495028/2015100/,https://docquery.fec.gov/cgi-bin/fecimg/?202609249908417919
HMP,C00495028,D,NE-02,"HARDING, BRINKER",H6NE02208,REP,H,NE,02,O,1675.0,2026-09-22,2026-09-22,2026-09-22,dissemination,2026-09-21,"RYEGRASS, LLC",MEDIA PRODUCTION - ESTIMATE,2015100,F24,48,True,processed,G2026,G2026,500681480,2026-09-24,https://docquery.fec.gov/cgi-bin/forms/C00495028/2015100/,https://docquery.fec.gov/cgi-bin/fecimg/?202609249908417906
HMP,C00495028,D,NE-02,"HARDING, BRINKER",H6NE02208,REP,H,NE,02,O,106596.0,2026-09-22,2026-09-22,2026-09-22,dissemination,2026-09-21,BLUEPRINT INTERACTIVE,DIGITAL ADVERTISING AND PRODUCTION - ESTIMATE,2015100,F24,48,True,processed,G2026,G2026,500681447,2026-09-24,https://docquery.fec.gov/cgi-bin/forms/C00495028/2015100/,https://docquery.fec.gov/cgi-bin/fecimg/?202609249908417895
HMP,C00495028,D,NJ-07,"KEAN, THOMAS JR.",H0NJ07089,,H,NJ,07,O,103680.0,2026-09-22,2026-09-22,2026-09-22,dissemination,2026-09-21,WATERFRONT STRATEGIES INC.,TELEVISION ADVERTISING - ESTIMATE,2015100,F24,48,True,processed,G2026,G2026,500681532,2026-09-24,https://docquery.fec.gov/cgi-bin/forms/C00495028/2015100/,https://docquery.fec.gov/cgi-bin/fecimg/?202609249908417932
HMP,C00495028,D,NJ-07,"KEAN, THOMAS JR.",H0NJ07089,,H,NJ,07,O,265675.0,2026-09-22,2026-09-22,2026-09-22,dissemination,2026-09-21,GAMBIT STRATEGIES LLC,DIGITAL ADVERTISING AND PRODUCTION - ESTIMATE,2015100,F24,48,True,processed,G2026,G2026,500681460,2026-09-24,https://docquery.fec.gov/cgi-bin/forms/C00495028/2015100/,https://docquery.fec.gov/cgi-bin/fecimg/?202609249908417901
HMP,C00495028,D,NJ-07,"KEAN, THOMAS JR.",H0NJ07089,,H,NJ,07,O,15341.59,2026-09-22,2026-09-22,2026-09-22,dissemination,2026-09-21,"4C PARTNERS, LLC",MEDIA PRODUCTION - ESTIMATE,2015100,F24,48,True,processed,G2026,G2026,500681439,2026-09-24,https://docquery.fec.gov/cgi-bin/forms/C00495028/2015100/,https://docquery.fec.gov/cgi-bin/fecimg/?202609249908417892
HMP,C00495028,D,NY-17,"LAWLER, MICHAEL VINCENT",H2NY17162,REP,H,NY,17,O,51840.0,2026-09-22,2026-09-22,2026-09-22,dissemination,2026-09-21,WATERFRONT STRATEGIES INC.,TELEVISION ADVERTISING - ESTIMATE,2015100,F24,48,True,processed,G2026,G2026,500681523,2026-09-24,https://docquery.fec.gov/cgi-bin/forms/C00495028/2015100/,https://docquery.fec.gov/cgi-bin/fecimg/?202609249908417928
HMP,C00495028,D,NY-17,"LAWLER, MICHAEL VINCENT",H2NY17162,REP,H,NY,17,O,91812.91,2026-09-22,2026-09-22,2026-09-22,dissemination,2026-09-21,"RISING TIDE INTERACTIVE, LLC",DIGITAL ADVERTISING - ESTIMATE,2015100,F24,48,True,processed,G2026,G2026,500681479,2026-09-24,https://docquery.fec.gov/cgi-bin/forms/C00495028/2015100/,https://docquery.fec.gov/cgi-bin/fecimg/?202609249908417906
HMP,C00495028,D,NY-17,"LAWLER, MICHAEL VINCENT",H2NY17162,REP,H,NY,17,O,51926.0,2026-09-22,2026-09-22,2026-09-22,dissemination,2026-09-21,HOUSE MAJORITY FORWARD,IN-KIND MEDIA PRODUCTION - ESTIMATE,2015100,F24,48,True,processed,G2026,G2026,500681466,2026-09-24,https://docquery.fec.gov/cgi-bin/forms/C00495028/2015100/,https://docquery.fec.gov/cgi-bin/fecimg/?202609249908417902
HMP,C00495028,D,NY-17,"LAWLER, MICHAEL VINCENT",H2NY17162,REP,H,NY,17,O,7840.0,2026-09-22,2026-09-22,2026-09-22,dissemination,2026-09-21,DIXON DAVIS MEDIA GROUP LLC,MEDIA PRODUCTION - ESTIMATE,2015100,F24,48,True,processed,G2026,G2026,500681452,2026-09-24,https://docquery.fec.gov/cgi-bin/forms/C00495028/2015100/,https://docquery.fec.gov/cgi-bin/fecimg/?202609249908417899
HMP,C00495028,D,OH-09,"MERRIN, DEREK",H4OH09169,REP,H,OH,09,O,259200.0,2026-09-22,2026-09-22,2026-09-22,dissemination,2026-09-21,WATERFRONT STRATEGIES INC.,TELEVISION ADVERTISING - ESTIMATE,2015100,F24,48,True,processed,G2026,G2026,500681508,2026-09-24,https://docquery.fec.gov/cgi-bin/forms/C00495028/2015100/,https://docquery.fec.gov/cgi-bin/fecimg/?202609249908417920
HMP,C00495028,D,OH-09,"KAPTUR, MARCY HON. M.C.",H2OH09031,DEM,H,OH,09,S,42000.0,2026-09-22,2026-09-22,2026-09-22,dissemination,2026-09-21,MVAR MEDIA LLC,DIGITAL ADVERTISING - ESTIMATE,2015100,F24,48,True,processed,G2026,G2026,500681473,2026-09-24,https://docquery.fec.gov/cgi-bin/forms/C00495028/2015100/,https://docquery.fec.gov/cgi-bin/fecimg/?202609249908417904
HMP,C00495028,D,OH-09,"MERRIN, DEREK",H4OH09169,REP,H,OH,09,O,131614.2,2026-09-22,2026-09-22,2026-09-22,dissemination,2026-09-21,MVAR MEDIA LLC,DIGITAL ADVERTISING AND PRODUCTION - ESTIMATE,2015100,F24,48,True,processed,G2026,G2026,500681471,2026-09-24,https://docquery.fec.gov/cgi-bin/forms/C00495028/2015100/,https://docquery.fec.gov/cgi-bin/fecimg/?202609249908417903
HMP,C00495028,D,PA-07,"MACKENZIE, RYAN E.",H8PA15195,REP,H,PA,07,O,130875.0,2026-09-22,2026-09-22,2026-09-22,dissemination,2026-09-21,GAMBIT STRATEGIES LLC,DIGITAL ADVERTISING - ESTIMATE,2015100,F24,48,True,processed,G2026,G2026,500681458,2026-09-24,https://docquery.fec.gov/cgi-bin/forms/C00495028/2015100/,https://docquery.fec.gov/cgi-bin/fecimg/?202609249908417901
HMP,C00495028,D,PA-07,"BROOKS, BOB",H6PA07188,DEM,H,PA,07,S,6725.0,2026-09-22,2026-09-22,2026-09-22,dissemination,2026-09-21,GAMBIT STRATEGIES LLC,DIGITAL ADVERTISING - ESTIMATE,2015100,F24,48,True,processed,G2026,G2026,500681453,2026-09-24,https://docquery.fec.gov/cgi-bin/forms/C00495028/2015100/,https://docquery.fec.gov/cgi-bin/fecimg/?202609249908417899
HMP,C00495028,D,PA-08,"BRESNAHAN, ROB",H4PA08124,REP,H,PA,08,O,342169.92,2026-09-22,2026-09-22,2026-09-22,dissemination,2026-09-21,WATERFRONT STRATEGIES INC.,TELEVISION ADVERTISING - ESTIMATE,2015100,F24,48,True,processed,G2026,G2026,500681527,2026-09-24,https://docquery.fec.gov/cgi-bin/forms/C00495028/2015100/,https://docquery.fec.gov/cgi-bin/fecimg/?202609249908417930
HMP,C00495028,D,PA-08,"BRESNAHAN, ROB",H4PA08124,REP,H,PA,08,O,111000.0,2026-09-22,2026-09-22,2026-09-22,dissemination,2026-09-21,MVAR MEDIA LLC,DIGITAL ADVERTISING - ESTIMATE,2015100,F24,48,True,processed,G2026,G2026,500681474,2026-09-24,https://docquery.fec.gov/cgi-bin/forms/C00495028/2015100/,https://docquery.fec.gov/cgi-bin/fecimg/?202609249908417904
HMP,C00495028,D,PA-10,"PERRY, SCOTT",H2PA04135,REP,H,PA,10,O,20446.92,2026-09-22,2026-09-22,2026-09-22,dissemination,2026-09-21,BLUEPRINT INTERACTIVE,DIGITAL ADVERTISING - ESTIMATE,2015100,F24,48,True,processed,G2026,G2026,500681448,2026-09-24,https://docquery.fec.gov/cgi-bin/forms/C00495028/2015100/,https://docquery.fec.gov/cgi-bin/fecimg/?202609249908417895
HMP,C00495028,D,TX-15,"DE LA CRUZ, MONICA",H0TX15124,REP,H,TX,15,O,625450.0,2026-09-22,2026-09-22,2026-09-22,dissemination,2026-09-21,WATERFRONT STRATEGIES INC.,TELEVISION ADVERTISING - ESTIMATE,2015100,F24,48,True,processed,G2026,G2026,500681525,2026-09-24,https://docquery.fec.gov/cgi-bin/forms/C00495028/2015100/,https://docquery.fec.gov/cgi-bin/fecimg/?202609249908417929
HMP,C00495028,D,TX-15,"DE LA CRUZ, MONICA",H0TX15124,REP,H,TX,15,O,25920.0,2026-09-22,2026-09-22,2026-09-22,dissemination,2026-09-21,WATERFRONT STRATEGIES INC.,RADIO ADVERTISING - ESTIMATE,2015100,F24,48,True,processed,G2026,G2026,500681524,2026-09-24,https://docquery.fec.gov/cgi-bin/forms/C00495028/2015100/,https://docquery.fec.gov/cgi-bin/fecimg/?202609249908417928
HMP,C00495028,D,TX-15,"DE LA CRUZ, MONICA",H0TX15124,REP,H,TX,15,O,234105.0,2026-09-22,2026-09-22,2026-09-22,dissemination,2026-09-21,UPLIFT CAMPAIGNS,DIGITAL ADVERTISING AND PRODUCTION - ESTIMATE,2015100,F24,48,True,processed,G2026,G2026,500681503,2026-09-24,https://docquery.fec.gov/cgi-bin/forms/C00495028/2015100/,https://docquery.fec.gov/cgi-bin/fecimg/?202609249908417916
HMP,C00495028,D,TX-15,"DE LA CRUZ, MONICA",H0TX15124,REP,H,TX,15,O,4500.0,2026-09-22,2026-09-22,2026-09-22,dissemination,2026-09-21,SOLIDARITY STRATEGIES LLC,MEDIA PRODUCTION - ESTIMATE,2015100,F24,48,True,processed,G2026,G2026,500681493,2026-09-24,https://docquery.fec.gov/cgi-bin/forms/C00495028/2015100/,https://docquery.fec.gov/cgi-bin/fecimg/?202609249908417911
HMP,C00495028,D,TX-28,"TIJERINA, TANO",H6TX28124,REP,H,TX,28,O,22464.0,2026-09-22,2026-09-22,2026-09-22,dissemination,2026-09-21,WATERFRONT STRATEGIES INC.,RADIO ADVERTISING - ESTIMATE,2015100,F24,48,True,processed,G2026,G2026,500681530,2026-09-24,https://docquery.fec.gov/cgi-bin/forms/C00495028/2015100/,https://docquery.fec.gov/cgi-bin/fecimg/?202609249908417931
HMP,C00495028,D,TX-28,"TIJERINA, TANO",H6TX28124,REP,H,TX,28,O,97783.17,2026-09-22,2026-09-22,2026-09-22,dissemination,2026-09-21,WATERFRONT STRATEGIES INC.,DIGITAL ADVERTISING - ESTIMATE,2015100,F24,48,True,processed,G2026,G2026,500681463,2026-09-24,https://docquery.fec.gov/cgi-bin/forms/C00495028/2015100/,https://docquery.fec.gov/cgi-bin/fecimg/?202609249908417917
HMP,C00495028,D,TX-28,"CUELLAR, HENRY R.",H2TX23082,DEM,H,TX,28,S,63804.17,2026-09-22,2026-09-22,2026-09-22,dissemination,2026-09-21,WATERFRONT STRATEGIES INC.,DIGITAL ADVERTISING - ESTIMATE,2015100,F24,48,True,processed,G2026,G2026,500681462,2026-09-24,https://docquery.fec.gov/cgi-bin/forms/C00495028/2015100/,https://docquery.fec.gov/cgi-bin/fecimg/?202609249908417917
HMP,C00495028,D,TX-28,"TIJERINA, TANO",H6TX28124,REP,H,TX,28,O,5189.36,2026-09-22,2026-09-22,2026-09-22,dissemination,2026-09-21,"CONEXION POLITICAL, LLC",MEDIA PRODUCTION - ESTIMATE,2015100,F24,48,True,processed,G2026,G2026,500681470,2026-09-24,https://docquery.fec.gov/cgi-bin/forms/C00495028/2015100/,https://docquery.fec.gov/cgi-bin/fecimg/?202609249908417897
HMP,C00495028,D,TX-34,"FLORES, ERIC",H6TX34080,REP,H,TX,34,O,1000374.0,2026-09-22,2026-09-22,2026-09-22,dissemination,2026-09-21,WATERFRONT STRATEGIES INC.,TELEVISION ADVERTISING - ESTIMATE,2015100,F24,48,True,processed,G2026,G2026,500681510,2026-09-24,https://docquery.fec.gov/cgi-bin/forms/C00495028/2015100/,https://docquery.fec.gov/cgi-bin/fecimg/?202609249908417921
HMP,C00495028,D,TX-34,"FLORES, ERIC",H6TX34080,REP,H,TX,34,O,25920.0,2026-09-22,2026-09-22,2026-09-22,dissemination,2026-09-21,WATERFRONT STRATEGIES INC.,RADIO ADVERTISING - ESTIMATE,2015100,F24,48,True,processed,G2026,G2026,500681509,2026-09-24,https://docquery.fec.gov/cgi-bin/forms/C00495028/2015100/,https://docquery.fec.gov/cgi-bin/fecimg/?202609249908417921
HMP,C00495028,D,TX-34,"GONZALEZ, VICENTE",H6TX15162,DEM,H,TX,34,S,108320.09,2026-09-22,2026-09-22,2026-09-22,dissemination,2026-09-21,WATERFRONT STRATEGIES INC.,DIGITAL ADVERTISING - ESTIMATE,2015100,F24,48,True,processed,G2026,G2026,500681464,2026-09-24,https://docquery.fec.gov/cgi-bin/forms/C00495028/2015100/,https://docquery.fec.gov/cgi-bin/fecimg/?202609249908417918
HMP,C00495028,D,TX-34,"FLORES, ERIC",H6TX34080,REP,H,TX,34,O,38375.0,2026-09-22,2026-09-22,2026-09-22,dissemination,2026-09-21,WATERFRONT STRATEGIES INC.,DIGITAL ADVERTISING - ESTIMATE,2015100,F24,48,True,processed,G2026,G2026,500681461,2026-09-24,https://docquery.fec.gov/cgi-bin/forms/C00495028/2015100/,https://docquery.fec.gov/cgi-bin/fecimg/?202609249908417916
HMP,C00495028,D,TX-34,"FLORES, ERIC",H6TX34080,REP,H,TX,34,O,5346.79,2026-09-22,2026-09-22,2026-09-22,dissemination,2026-09-21,"CONEXION POLITICAL, LLC",MEDIA PRODUCTION - ESTIMATE,2015100,F24,48,True,processed,G2026,G2026,500681469,2026-09-24,https://docquery.fec.gov/cgi-bin/forms/C00495028/2015100/,https://docquery.fec.gov/cgi-bin/fecimg/?202609249908417896
HMP,C00495028,D,VA-01,"WITTMAN, ROBERT MR.",H8VA01147,REP,H,VA,01,O,423360.0,2026-09-22,2026-09-22,2026-09-22,dissemination,2026-09-21,WATERFRONT STRATEGIES INC.,TELEVISION ADVERTISING - ESTIMATE,2015100,F24,48,True,processed,G2026,G2026,500681528,2026-09-24,https://docquery.fec.gov/cgi-bin/forms/C00495028/2015100/,https://docquery.fec.gov/cgi-bin/fecimg/?202609249908417930
HMP,C00495028,D,VA-01,"TAYLOR, SHANNON LEIGH",H6VA01299,DEM,H,VA,01,S,5100.0,2026-09-22,2026-09-22,2026-09-22,dissemination,2026-09-21,AL MEDIA LLC,DIGITAL ADVERTISING - ESTIMATE,2015100,F24,48,True,processed,G2026,G2026,500681445,2026-09-24,https://docquery.fec.gov/cgi-bin/forms/C00495028/2015100/,https://docquery.fec.gov/cgi-bin/fecimg/?202609249908417894
HMP,C00495028,D,VA-01,"WITTMAN, ROBERT MR.",H8VA01147,REP,H,VA,01,O,158900.0,2026-09-22,2026-09-22,2026-09-22,dissemination,2026-09-21,AL MEDIA LLC,DIGITAL ADVERTISING - ESTIMATE,2015100,F24,48,True,processed,G2026,G2026,500681444,2026-09-24,https://docquery.fec.gov/cgi-bin/forms/C00495028/2015100/,https://docquery.fec.gov/cgi-bin/fecimg/?202609249908417894
HMP,C00495028,D,VA-02,"KIGGANS, JENNIFER",H2VA02064,REP,H,VA,02,O,259200.0,2026-09-22,2026-09-22,2026-09-22,dissemination,2026-09-21,WATERFRONT STRATEGIES INC.,TELEVISION ADVERTISING - ESTIMATE,2015100,F24,48,True,processed,G2026,G2026,500681516,2026-09-24,https://docquery.fec.gov/cgi-bin/forms/C00495028/2015100/,https://docquery.fec.gov/cgi-bin/fecimg/?202609249908417924
HMP,C00495028,D,VA-02,"KIGGANS, JENNIFER",H2VA02064,REP,H,VA,02,O,195300.0,2026-09-22,2026-09-22,2026-09-22,dissemination,2026-09-21,TRILOGY INTERACTIVE LLC,DIGITAL ADVERTISING - ESTIMATE,2015100,F24,48,True,processed,G2026,G2026,500681499,2026-09-24,https://docquery.fec.gov/cgi-bin/forms/C00495028/2015100/,https://docquery.fec.gov/cgi-bin/fecimg/?202609249908417915
HMP,C00495028,D,WA-03,"BRAUN, JOHN",H6WA03275,REP,H,WA,03,O,106959.0,2026-09-22,2026-09-22,2026-09-22,dissemination,2026-09-21,"RISING TIDE INTERACTIVE, LLC",DIGITAL ADVERTISING - ESTIMATE,2015100,F24,48,True,processed,G2026,G2026,500681478,2026-09-24,https://docquery.fec.gov/cgi-bin/forms/C00495028/2015100/,https://docquery.fec.gov/cgi-bin/fecimg/?202609249908417905
HMP,C00495028,D,WI-03,"VAN ORDEN, DERRICK F.",H0WI03175,REP,H,WI,03,O,270330.39,2026-09-22,2026-09-22,2026-09-22,dissemination,2026-09-21,"RISING TIDE INTERACTIVE, LLC",DIGITAL ADVERTISING AND PRODUCTION - ESTIMATE,2015100,F24,48,True,processed,G2026,G2026,500681475,2026-09-24,https://docquery.fec.gov/cgi-bin/forms/C00495028/2015100/,https://docquery.fec.gov/cgi-bin/fecimg/?202609249908417905
HMP,C00495028,D,WI-03,"VAN ORDEN, DERRICK F.",H0WI03175,REP,H,WI,03,O,10000.0,2026-09-22,2026-09-22,2026-09-22,dissemination,2026-09-21,LCV VICTORY FUND,IN-KIND MEDIA PRODUCTION - ESTIMATE,2015100,F24,48,True,processed,G2026,G2026,500681467,2026-09-24,https://docquery.fec.gov/cgi-bin/forms/C00495028/2015100/,https://docquery.fec.gov/cgi-bin/fecimg/?202609249908417903
HMP,C00495028,D,WI-03,"VAN ORDEN, DERRICK F.",H0WI03175,REP,H,WI,03,O,8924.0,2026-09-22,2026-09-22,2026-09-22,dissemination,2026-09-21,DIXON DAVIS MEDIA GROUP LLC,MEDIA PRODUCTION - ESTIMATE,2015100,F24,48,True,processed,G2026,G2026,500681451,2026-09-24,https://docquery.fec.gov/cgi-bin/forms/C00495028/2015100/,https://docquery.fec.gov/cgi-bin/fecimg/?202609249908417898
No Going Back PAC,C00960435,R,AK-AL,"HILL, BILL",H6AK01092,IND,H,AK,00,O,693.96,2026-09-23,2026-09-22,2026-09-22,dissemination,2026-09-21,CALIBER CONTACT,TEXT MESSAGES,2014920,F24,48,True,processed,G2026,G2026,SE.1183579,2026-09-23,https://docquery.fec.gov/cgi-bin/forms/C00960435/2014920/,https://docquery.fec.gov/cgi-bin/fecimg/?202609239908389925
No Going Back PAC,C00960435,R,AK-SEN,"SULLIVAN, DAN",S4AK00214,REP,S,AK,00,S,30114.55,2026-09-22,2026-09-22,2026-09-22,dissemination,2026-09-21,CALIBER CONTACT,DIRECT MAIL: PRINTING AND POSTAGE,2014920,F24,48,True,processed,G2026,G2026,SE.1183250.2,2026-09-23,https://docquery.fec.gov/cgi-bin/forms/C00960435/2014920/,https://docquery.fec.gov/cgi-bin/fecimg/?202609239908389869
No Going Back PAC,C00960435,R,AK-SEN,"PELTOLA, MARY",S6AK00276,DEM,S,AK,00,O,30114.55,2026-09-22,2026-09-22,2026-09-22,dissemination,2026-09-21,CALIBER CONTACT,DIRECT MAIL: PRINTING AND POSTAGE,2014920,F24,48,True,processed,G2026,G2026,SE.1183250.1,2026-09-23,https://docquery.fec.gov/cgi-bin/forms/C00960435/2014920/,https://docquery.fec.gov/cgi-bin/fecimg/?202609239908389868
No Going Back PAC,C00960435,R,CO-08,"RUTINEL, MANNY",H6CO08013,DEM,H,CO,08,O,2555.0,2026-09-22,2026-09-22,2026-09-22,dissemination,2026-09-21,PT STRATEGY LLC,TEXT MESSAGES,2014920,F24,48,True,processed,G2026,G2026,SE.1183084,2026-09-23,https://docquery.fec.gov/cgi-bin/forms/C00960435/2014920/,https://docquery.fec.gov/cgi-bin/fecimg/?202609239908389878
No Going Back PAC,C00960435,R,FL-09,"SOTO, DARREN",H6FL09179,DEM,H,FL,09,O,17634.79,2026-09-22,2026-09-22,2026-09-22,dissemination,2026-09-21,CALIBER CONTACT,DIRECT MAIL: PRINTING AND POSTAGE,2014920,F24,48,True,processed,G2026,G2026,SE.1183313.2,2026-09-23,https://docquery.fec.gov/cgi-bin/forms/C00960435/2014920/,https://docquery.fec.gov/cgi-bin/fecimg/?202609239908389870
No Going Back PAC,C00960435,R,FL-09,"GREEN, DAN",H6FL09294,REP,H,FL,09,S,17634.79,2026-09-22,2026-09-22,2026-09-22,dissemination,2026-09-21,CALIBER CONTACT,DIRECT MAIL: PRINTING AND POSTAGE,2014920,F24,48,True,processed,G2026,G2026,SE.1183313.1,2026-09-23,https://docquery.fec.gov/cgi-bin/forms/C00960435/2014920/,https://docquery.fec.gov/cgi-bin/fecimg/?202609239908389869
No Going Back PAC,C00960435,R,FL-14,"CASTOR, KATHY",H6FL11126,DEM,H,FL,14,O,15176.85,2026-09-22,2026-09-22,2026-09-22,dissemination,2026-09-21,CALIBER CONTACT,DIRECT MAIL: PRINTING AND POSTAGE,2014920,F24,48,True,processed,G2026,G2026,SE.1183319.2,2026-09-23,https://docquery.fec.gov/cgi-bin/forms/C00960435/2014920/,https://docquery.fec.gov/cgi-bin/fecimg/?202609239908389871
No Going Back PAC,C00960435,R,FL-14,"BELTRAN, MIKE",H6FL14237,REP,H,FL,14,S,15176.84,2026-09-22,2026-09-22,2026-09-22,dissemination,2026-09-21,CALIBER CONTACT,DIRECT MAIL: PRINTING AND POSTAGE,2014920,F24,48,True,processed,G2026,G2026,SE.1183319.1,2026-09-23,https://docquery.fec.gov/cgi-bin/forms/C00960435/2014920/,https://docquery.fec.gov/cgi-bin/fecimg/?202609239908389870
No Going Back PAC,C00960435,R,FL-22,"DANDIYA, PIA",H6FL21059,DEM,H,FL,22,O,19308.39,2026-09-18,2026-09-22,2026-09-22,dissemination,2026-09-21,WHISTLESTOP STRATEGIES LLC,DIRECT MAIL: PRINTING AND POSTAGE,2014920,F24,48,True,processed,G2026,G2026,SE.1182157.2,2026-09-23,https://docquery.fec.gov/cgi-bin/forms/C00960435/2014920/,https://docquery.fec.gov/cgi-bin/fecimg/?202609239908389917
No Going Back PAC,C00960435,R,FL-22,"ASKAR, CASEY",H6FL22248,REP,H,FL,22,S,19308.39,2026-09-18,2026-09-22,2026-09-22,dissemination,2026-09-21,WHISTLESTOP STRATEGIES LLC,DIRECT MAIL: PRINTING AND POSTAGE,2014920,F24,48,True,processed,G2026,G2026,SE.1182157.1,2026-09-23,https://docquery.fec.gov/cgi-bin/forms/C00960435/2014920/,https://docquery.fec.gov/cgi-bin/fecimg/?202609239908389916
No Going Back PAC,C00960435,R,GA-SEN,"OSSOFF, T. JONATHAN",S8GA00180,DEM,S,GA,00,O,166843.87,2026-09-18,2026-09-22,2026-09-22,dissemination,2026-09-21,WHISTLESTOP STRATEGIES LLC,DIRECT MAIL: PRINTING AND POSTAGE,2014920,F24,48,True,processed,G2026,G2026,SE.1182164.2,2026-09-23,https://docquery.fec.gov/cgi-bin/forms/C00960435/2014920/,https://docquery.fec.gov/cgi-bin/fecimg/?202609239908389919
No Going Back PAC,C00960435,R,GA-SEN,"COLLINS, MICHAEL A JR",S6GA00390,REP,S,GA,00,S,166843.87,2026-09-18,2026-09-22,2026-09-22,dissemination,2026-09-21,WHISTLESTOP STRATEGIES LLC,DIRECT MAIL: PRINTING AND POSTAGE,2014920,F24,48,True,processed,G2026,G2026,SE.1182164.1,2026-09-23,https://docquery.fec.gov/cgi-bin/forms/C00960435/2014920/,https://docquery.fec.gov/cgi-bin/fecimg/?202609239908389918
No Going Back PAC,C00960435,R,IA-03,"TRONE GARRIOTT, SARAH",H6IA03268,DEM,H,IA,03,O,3037.0,2026-09-22,2026-09-22,2026-09-22,dissemination,2026-09-21,PT STRATEGY LLC,TEXT MESSAGES,2014920,F24,48,True,processed,G2026,G2026,SE.1183093,2026-09-23,https://docquery.fec.gov/cgi-bin/forms/C00960435/2014920/,https://docquery.fec.gov/cgi-bin/fecimg/?202609239908389879
No Going Back PAC,C00960435,R,MI-04,"MCCANN, SEAN",H6MI04204,DEM,H,MI,04,O,36802.42,2026-09-15,2026-09-22,2026-09-22,dissemination,2026-09-21,STORYTELLERS GROUP LLC,DIRECT MAIL: PRINTING AND POSTAGE,2014920,F24,48,True,processed,G2026,G2026,SE.1180518.2,2026-09-23,https://docquery.fec.gov/cgi-bin/forms/C00960435/2014920/,https://docquery.fec.gov/cgi-bin/fecimg/?202609239908389904
No Going Back PAC,C00960435,R,MI-04,"HUIZENGA, WILLIAM P",H0MI02094,REP,H,MI,04,S,36802.41,2026-09-15,2026-09-22,2026-09-22,dissemination,2026-09-21,STORYTELLERS GROUP LLC,DIRECT MAIL: PRINTING AND POSTAGE,2014920,F24,48,True,processed,G2026,G2026,SE.1180518.1,2026-09-23,https://docquery.fec.gov/cgi-bin/forms/C00960435/2014920/,https://docquery.fec.gov/cgi-bin/fecimg/?202609239908389902
No Going Back PAC,C00960435,R,MI-07,"BARRETT, THOMAS M.",H2MI07123,REP,H,MI,07,S,40685.04,2026-09-18,2026-09-22,2026-09-22,dissemination,2026-09-21,STORYTELLERS GROUP LLC,DIRECT MAIL: PRINTING AND POSTAGE,2014920,F24,48,True,processed,G2026,G2026,SE.1182213.2,2026-09-23,https://docquery.fec.gov/cgi-bin/forms/C00960435/2014920/,https://docquery.fec.gov/cgi-bin/fecimg/?202609239908389907
No Going Back PAC,C00960435,R,MI-07,"LAWRENCE, WILLIAM",H6MI07298,DEM,H,MI,07,O,40685.04,2026-09-18,2026-09-22,2026-09-22,dissemination,2026-09-21,STORYTELLERS GROUP LLC,DIRECT MAIL: PRINTING AND POSTAGE,2014920,F24,48,True,processed,G2026,G2026,SE.1182213.1,2026-09-23,https://docquery.fec.gov/cgi-bin/forms/C00960435/2014920/,https://docquery.fec.gov/cgi-bin/fecimg/?202609239908389906
No Going Back PAC,C00960435,R,MI-10,"HINES, CHRISTINA",H6MI10276,DEM,H,MI,10,O,9076.14,2026-09-15,2026-09-22,2026-09-22,dissemination,2026-09-21,STORYTELLERS GROUP LLC,DIRECT MAIL: PRINTING AND POSTAGE,2014920,F24,48,True,processed,G2026,G2026,SE.1180517.2,2026-09-23,https://docquery.fec.gov/cgi-bin/forms/C00960435/2014920/,https://docquery.fec.gov/cgi-bin/fecimg/?202609239908389903
No Going Back PAC,C00960435,R,MI-10,"BOUCHARD, MICHAEL",H6MI10359,REP,H,MI,10,S,9076.14,2026-09-15,2026-09-22,2026-09-22,dissemination,2026-09-21,STORYTELLERS GROUP LLC,DIRECT MAIL: PRINTING AND POSTAGE,2014920,F24,48,True,processed,G2026,G2026,SE.1180517.1,2026-09-23,https://docquery.fec.gov/cgi-bin/forms/C00960435/2014920/,https://docquery.fec.gov/cgi-bin/fecimg/?202609239908389902
No Going Back PAC,C00960435,R,MI-SEN,"EL-SAYED, ABDUL",S6MI00418,DEM,S,MI,00,O,16428.0,2026-09-21,2026-09-22,2026-09-22,dissemination,2026-09-21,"1892, LLC",TEXT MESSAGES,2014920,F24,48,True,processed,G2026,G2026,SE.1182557,2026-09-23,https://docquery.fec.gov/cgi-bin/forms/C00960435/2014920/,https://docquery.fec.gov/cgi-bin/fecimg/?202609239908389867
No Going Back PAC,C00960435,R,NC-01,"DAVIS, DON",H2NC02287,DEM,H,NC,01,O,1483.0,2026-09-22,2026-09-22,2026-09-22,dissemination,2026-09-21,"1892, LLC",TEXT MESSAGES,2014920,F24,48,True,processed,G2026,G2026,SE.1183334,2026-09-23,https://docquery.fec.gov/cgi-bin/forms/C00960435/2014920/,https://docquery.fec.gov/cgi-bin/fecimg/?202609239908389868
No Going Back PAC,C00960435,R,NC-01,"DAVIS, DON",H2NC02287,DEM,H,NC,01,O,79971.0,2026-09-18,2026-09-22,2026-09-22,dissemination,2026-09-21,STORYTELLERS GROUP LLC,DIRECT MAIL: PRINTING AND POSTAGE,2014920,F24,48,True,processed,G2026,G2026,SE.1182309.2,2026-09-23,https://docquery.fec.gov/cgi-bin/forms/C00960435/2014920/,https://docquery.fec.gov/cgi-bin/fecimg/?202609239908389908
No Going Back PAC,C00960435,R,NC-01,"BUCKHOUT, LAURIE",H4NC01137,REP,H,NC,01,S,79971.0,2026-09-18,2026-09-22,2026-09-22,dissemination,2026-09-21,STORYTELLERS GROUP LLC,DIRECT MAIL: PRINTING AND POSTAGE,2014920,F24,48,True,processed,G2026,G2026,SE.1182309.1,2026-09-23,https://docquery.fec.gov/cgi-bin/forms/C00960435/2014920/,https://docquery.fec.gov/cgi-bin/fecimg/?202609239908389907
No Going Back PAC,C00960435,R,NC-SEN,"COOPER, ROY",S6NC00407,DEM,S,NC,00,O,140388.93,2026-09-22,2026-09-22,2026-09-22,dissemination,2026-09-21,CALIBER CONTACT,DIRECT MAIL: PRINTING AND POSTAGE,2014920,F24,48,True,processed,G2026,G2026,SE.1183332.2,2026-09-23,https://docquery.fec.gov/cgi-bin/forms/C00960435/2014920/,https://docquery.fec.gov/cgi-bin/fecimg/?202609239908389874
No Going Back PAC,C00960435,R,NC-SEN,"WHATLEY, MICHAEL",S6NC00415,REP,S,NC,00,S,140388.93,2026-09-22,2026-09-22,2026-09-22,dissemination,2026-09-21,CALIBER CONTACT,DIRECT MAIL: PRINTING AND POSTAGE,2014920,F24,48,True,processed,G2026,G2026,SE.1183332.1,2026-09-23,https://docquery.fec.gov/cgi-bin/forms/C00960435/2014920/,https://docquery.fec.gov/cgi-bin/fecimg/?202609239908389872
No Going Back PAC,C00960435,R,NH-01,"SHAHEEN, STEFANY",H6NH01321,DEM,H,NH,01,O,12278.63,2026-09-17,2026-09-22,2026-09-22,dissemination,2026-09-21,WHISTLESTOP STRATEGIES LLC,DIRECT MAIL: PRINTING AND POSTAGE,2014920,F24,48,True,processed,G2026,G2026,SE.1181783.2,2026-09-23,https://docquery.fec.gov/cgi-bin/forms/C00960435/2014920/,https://docquery.fec.gov/cgi-bin/fecimg/?202609239908389915
No Going Back PAC,C00960435,R,NH-01,"DILORENZO, ANTHONY",H6NH01420,REP,H,NH,01,S,12278.63,2026-09-17,2026-09-22,2026-09-22,dissemination,2026-09-21,WHISTLESTOP STRATEGIES LLC,DIRECT MAIL: PRINTING AND POSTAGE,2014920,F24,48,True,processed,G2026,G2026,SE.1181783.1,2026-09-23,https://docquery.fec.gov/cgi-bin/forms/C00960435/2014920/,https://docquery.fec.gov/cgi-bin/fecimg/?202609239908389914
No Going Back PAC,C00960435,R,NH-SEN,"PAPPAS, CHRIS",S6NH00141,DEM,S,NH,00,O,1998.88,2026-09-21,2026-09-22,2026-09-22,dissemination,2026-09-21,WHISTLESTOP STRATEGIES LLC,TEXT MESSAGES,2014920,F24,48,True,processed,G2026,G2026,SE.1182550,2026-09-23,https://docquery.fec.gov/cgi-bin/forms/C00960435/2014920/,https://docquery.fec.gov/cgi-bin/fecimg/?202609239908389922
No Going Back PAC,C00960435,R,NY-04,"GILLEN, LAURA",H2NY04244,DEM,H,NY,04,O,15236.63,2026-09-18,2026-09-22,2026-09-22,dissemination,2026-09-21,WHISTLESTOP STRATEGIES LLC,DIRECT MAIL: PRINTING AND POSTAGE,2014920,F24,48,True,processed,G2026,G2026,SE.1182154.2,2026-09-23,https://docquery.fec.gov/cgi-bin/forms/C00960435/2014920/,https://docquery.fec.gov/cgi-bin/fecimg/?202609239908389916
No Going Back PAC,C00960435,R,NY-04,"DRISCOLL, JEANINE",H6NY04211,REP,H,NY,04,S,15236.63,2026-09-18,2026-09-22,2026-09-22,dissemination,2026-09-21,WHISTLESTOP STRATEGIES LLC,DIRECT MAIL: PRINTING AND POSTAGE,2014920,F24,48,True,processed,G2026,G2026,SE.1182154.1,2026-09-23,https://docquery.fec.gov/cgi-bin/forms/C00960435/2014920/,https://docquery.fec.gov/cgi-bin/fecimg/?202609239908389915
No Going Back PAC,C00960435,R,OH-01,"LANDSMAN, GREG",H2OH01194,DEM,H,OH,01,O,7030.0,2026-09-22,2026-09-22,2026-09-22,dissemination,2026-09-21,PT STRATEGY LLC,TEXT MESSAGES,2014920,F24,48,True,processed,G2026,G2026,SE.1183099,2026-09-23,https://docquery.fec.gov/cgi-bin/forms/C00960435/2014920/,https://docquery.fec.gov/cgi-bin/fecimg/?202609239908389879
No Going Back PAC,C00960435,R,OH-09,"MERRIN, DEREK",H4OH09169,REP,H,OH,09,S,1683.5,2026-09-22,2026-09-22,2026-09-22,dissemination,2026-09-21,PT STRATEGY LLC,TEXT MESSAGES,2014920,F24,48,True,processed,G2026,G2026,SE.1183103.2,2026-09-23,https://docquery.fec.gov/cgi-bin/forms/C00960435/2014920/,https://docquery.fec.gov/cgi-bin/fecimg/?202609239908389880
No Going Back PAC,C00960435,R,OH-09,"KAPTUR, MARCY HON. M.C.",H2OH09031,DEM,H,OH,09,O,1728.5,2026-09-22,2026-09-22,2026-09-22,dissemination,2026-09-21,PT STRATEGY LLC,TEXT MESSAGES,2014920,F24,48,True,processed,G2026,G2026,SE.1183103.1,2026-09-23,https://docquery.fec.gov/cgi-bin/forms/C00960435/2014920/,https://docquery.fec.gov/cgi-bin/fecimg/?202609239908389880
No Going Back PAC,C00960435,R,PA-07,"BROOKS, BOB",H6PA07188,DEM,H,PA,07,O,2638.0,2026-09-22,2026-09-22,2026-09-22,dissemination,2026-09-21,PT STRATEGY LLC,TEXT MESSAGES,2014920,F24,48,True,processed,G2026,G2026,SE.1183107,2026-09-23,https://docquery.fec.gov/cgi-bin/forms/C00960435/2014920/,https://docquery.fec.gov/cgi-bin/fecimg/?202609239908389881
No Going Back PAC,C00960435,R,PA-10,"STELSON, JANELLE",H4PA10104,DEM,H,PA,10,O,2376.5,2026-09-22,2026-09-22,2026-09-22,dissemination,2026-09-21,PT STRATEGY LLC,TEXT MESSAGES,2014920,F24,48,True,processed,G2026,G2026,SE.1183110.2,2026-09-23,https://docquery.fec.gov/cgi-bin/forms/C00960435/2014920/,https://docquery.fec.gov/cgi-bin/fecimg/?202609239908389882
No Going Back PAC,C00960435,R,PA-10,"PERRY, SCOTT",H2PA04135,REP,H,PA,10,S,1457.5,2026-09-22,2026-09-22,2026-09-22,dissemination,2026-09-21,PT STRATEGY LLC,TEXT MESSAGES,2014920,F24,48,True,processed,G2026,G2026,SE.1183110.1,2026-09-23,https://docquery.fec.gov/cgi-bin/forms/C00960435/2014920/,https://docquery.fec.gov/cgi-bin/fecimg/?202609239908389881
No Going Back PAC,C00960435,R,SC-01,"LACORE, NANCY",H6SC01359,DEM,H,SC,01,O,4306.24,2026-09-21,2026-09-22,2026-09-22,dissemination,2026-09-21,WHISTLESTOP STRATEGIES LLC,TEXT MESSAGES,2014920,F24,48,True,processed,G2026,G2026,SE.1182551,2026-09-23,https://docquery.fec.gov/cgi-bin/forms/C00960435/2014920/,https://docquery.fec.gov/cgi-bin/fecimg/?202609239908389923
No Going Back PAC,C00960435,R,TX-09,"GUTIERREZ, LETICIA",H6TX09231,DEM,H,TX,09,O,23503.55,2026-09-22,2026-09-22,2026-09-22,dissemination,2026-09-21,CALIBER CONTACT,DIRECT MAIL: PRINTING AND POSTAGE,2014920,F24,48,True,processed,G2026,G2026,SE.1183330.2,2026-09-23,https://docquery.fec.gov/cgi-bin/forms/C00960435/2014920/,https://docquery.fec.gov/cgi-bin/fecimg/?202609239908389873
No Going Back PAC,C00960435,R,TX-09,"MEALER, ALEXANDRA",H6TX09140,REP,H,TX,09,S,23503.54,2026-09-22,2026-09-22,2026-09-22,dissemination,2026-09-21,CALIBER CONTACT,DIRECT MAIL: PRINTING AND POSTAGE,2014920,F24,48,True,processed,G2026,G2026,SE.1183330.1,2026-09-23,https://docquery.fec.gov/cgi-bin/forms/C00960435/2014920/,https://docquery.fec.gov/cgi-bin/fecimg/?202609239908389871
No Going Back PAC,C00960435,R,TX-15,"PULIDO, BOBBY",H6TX15246,DEM,H,TX,15,O,29754.25,2026-09-22,2026-09-22,2026-09-22,dissemination,2026-09-21,CALIBER CONTACT,DIRECT MAIL: PRINTING AND POSTAGE,2014920,F24,48,True,processed,G2026,G2026,SE.1183331.2,2026-09-23,https://docquery.fec.gov/cgi-bin/forms/C00960435/2014920/,https://docquery.fec.gov/cgi-bin/fecimg/?202609239908389873
No Going Back PAC,C00960435,R,TX-15,"DE LA CRUZ, MONICA",H0TX15124,REP,H,TX,15,S,29754.25,2026-09-22,2026-09-22,2026-09-22,dissemination,2026-09-21,CALIBER CONTACT,DIRECT MAIL: PRINTING AND POSTAGE,2014920,F24,48,True,processed,G2026,G2026,SE.1183331.1,2026-09-23,https://docquery.fec.gov/cgi-bin/forms/C00960435/2014920/,https://docquery.fec.gov/cgi-bin/fecimg/?202609239908389872
No Going Back PAC,C00960435,R,TX-28,"CUELLAR, HENRY R.",H2TX23082,DEM,H,TX,28,O,12609.63,2026-09-18,2026-09-22,2026-09-22,dissemination,2026-09-21,WHISTLESTOP STRATEGIES LLC,DIRECT MAIL: PRINTING AND POSTAGE,2014920,F24,48,True,processed,G2026,G2026,SE.1182161.2,2026-09-23,https://docquery.fec.gov/cgi-bin/forms/C00960435/2014920/,https://docquery.fec.gov/cgi-bin/fecimg/?202609239908389918
No Going Back PAC,C00960435,R,TX-28,"TIJERINA, TANO",H6TX28124,REP,H,TX,28,S,12609.62,2026-09-18,2026-09-22,2026-09-22,dissemination,2026-09-21,WHISTLESTOP STRATEGIES LLC,DIRECT MAIL: PRINTING AND POSTAGE,2014920,F24,48,True,processed,G2026,G2026,SE.1182161.1,2026-09-23,https://docquery.fec.gov/cgi-bin/forms/C00960435/2014920/,https://docquery.fec.gov/cgi-bin/fecimg/?202609239908389917
No Going Back PAC,C00960435,R,VA-02,"KIGGANS, JENNIFER",H2VA02064,REP,H,VA,02,S,19778.89,2026-09-15,2026-09-22,2026-09-22,dissemination,2026-09-21,STORYTELLERS GROUP LLC,DIRECT MAIL: PRINTING AND POSTAGE,2014920,F24,48,True,processed,G2026,G2026,SE.1180905.2,2026-09-23,https://docquery.fec.gov/cgi-bin/forms/C00960435/2014920/,https://docquery.fec.gov/cgi-bin/fecimg/?202609239908389905
No Going Back PAC,C00960435,R,VA-02,"LURIA, ELAINE",H6VA02198,DEM,H,VA,02,O,19778.89,2026-09-15,2026-09-22,2026-09-22,dissemination,2026-09-21,STORYTELLERS GROUP LLC,DIRECT MAIL: PRINTING AND POSTAGE,2014920,F24,48,True,processed,G2026,G2026,SE.1180905.1,2026-09-23,https://docquery.fec.gov/cgi-bin/forms/C00960435/2014920/,https://docquery.fec.gov/cgi-bin/fecimg/?202609239908389904
No Going Back PAC,C00960435,R,WA-03,"GLUESENKAMP PEREZ, MARIE",H2WA03217,DEM,H,WA,03,O,169378.5,2026-09-18,2026-09-22,2026-09-22,dissemination,2026-09-21,STORYTELLERS GROUP LLC,DIRECT MAIL: PRINTING AND POSTAGE,2014920,F24,48,True,processed,G2026,G2026,SE.1182318.2,2026-09-23,https://docquery.fec.gov/cgi-bin/forms/C00960435/2014920/,https://docquery.fec.gov/cgi-bin/fecimg/?202609239908389909
No Going Back PAC,C00960435,R,WA-03,"BRAUN, JOHN",H6WA03275,REP,H,WA,03,S,169378.5,2026-09-18,2026-09-22,2026-09-22,dissemination,2026-09-21,STORYTELLERS GROUP LLC,DIRECT MAIL: PRINTING AND POSTAGE,2014920,F24,48,True,processed,G2026,G2026,SE.1182318.1,2026-09-23,https://docquery.fec.gov/cgi-bin/forms/C00960435/2014920/,https://docquery.fec.gov/cgi-bin/fecimg/?202609239908389908
No Going Back PAC,C00960435,R,WI-03,"COOKE, REBECCA",H4WI03169,DEM,H,WI,03,O,10339.05,2026-09-15,2026-09-22,2026-09-22,dissemination,2026-09-21,STORYTELLERS GROUP LLC,DIRECT MAIL: PRINTING AND POSTAGE,2014920,F24,48,True,processed,G2026,G2026,SE.1180993.2,2026-09-23,https://docquery.fec.gov/cgi-bin/forms/C00960435/2014920/,https://docquery.fec.gov/cgi-bin/fecimg/?202609239908389906
No Going Back PAC,C00960435,R,WI-03,"VAN ORDEN, DERRICK F.",H0WI03175,REP,H,WI,03,S,10339.04,2026-09-15,2026-09-22,2026-09-22,dissemination,2026-09-21,STORYTELLERS GROUP LLC,DIRECT MAIL: PRINTING AND POSTAGE,2014920,F24,48,True,processed,G2026,G2026,SE.1180993.1,2026-09-23,https://docquery.fec.gov/cgi-bin/forms/C00960435/2014920/,https://docquery.fec.gov/cgi-bin/fecimg/?202609239908389905
SLF,C00571703,R,GA-SEN,"OSSOFF, T. JONATHAN",S8GA00180,DEM,S,GA,00,O,1716230.94,2026-09-18,2026-09-22,2026-09-22,dissemination,2026-09-21,MHB MEDIA INC,MEDIA PLACEMENT,2015077,F24,48,True,processed,G2026,G2026,SE.1,2026-09-24,https://docquery.fec.gov/cgi-bin/forms/C00571703/2015077/,https://docquery.fec.gov/cgi-bin/fecimg/?202609249908417786
SLF,C00571703,R,IA-SEN,"TUREK, JOSHUA",S6IA00298,DEM,S,IA,00,O,17500.0,2026-09-22,2026-09-22,2026-09-22,dissemination,2026-09-21,RED ELEPHANT STRATEGY LLC,MEDIA PRODUCTION,2015077,F24,48,True,processed,G2026,G2026,SE.2,2026-09-24,https://docquery.fec.gov/cgi-bin/forms/C00571703/2015077/,https://docquery.fec.gov/cgi-bin/fecimg/?202609249908417786
SLF,C00571703,R,ME-SEN,"JACKSON, TROY DALE",S6ME00464,DEM,S,ME,00,O,138280.31,2026-09-18,2026-09-22,2026-09-22,dissemination,2026-09-21,CREATIVE DIRECT,POSTAGE / PRINTING / PRODUCTION,2015077,F24,48,True,processed,G2026,G2026,SE.3,2026-09-24,https://docquery.fec.gov/cgi-bin/forms/C00571703/2015077/,https://docquery.fec.gov/cgi-bin/fecimg/?202609249908417787
SLF,C00571703,R,MI-SEN,"EL-SAYED, ABDUL",S6MI00418,DEM,S,MI,00,O,34553.79,2026-09-22,2026-09-22,2026-09-22,dissemination,2026-09-21,ONMESSAGE INC.,MEDIA PRODUCTION,2015077,F24,48,True,processed,G2026,G2026,SE.6,2026-09-24,https://docquery.fec.gov/cgi-bin/forms/C00571703/2015077/,https://docquery.fec.gov/cgi-bin/fecimg/?202609249908417788
SLF,C00571703,R,MI-SEN,"EL-SAYED, ABDUL",S6MI00418,DEM,S,MI,00,O,17500.0,2026-09-22,2026-09-22,2026-09-22,dissemination,2026-09-21,ONMESSAGE INC.,MEDIA PRODUCTION,2015077,F24,48,True,processed,G2026,G2026,SE.5,2026-09-24,https://docquery.fec.gov/cgi-bin/forms/C00571703/2015077/,https://docquery.fec.gov/cgi-bin/fecimg/?202609249908417788
SLF,C00571703,R,MI-SEN,"EL-SAYED, ABDUL",S6MI00418,DEM,S,MI,00,O,2556086.16,2026-09-21,2026-09-22,2026-09-22,dissemination,2026-09-21,MHB MEDIA INC,MEDIA PLACEMENT,2015077,F24,48,True,processed,G2026,G2026,SE.4,2026-09-24,https://docquery.fec.gov/cgi-bin/forms/C00571703/2015077/,https://docquery.fec.gov/cgi-bin/fecimg/?202609249908417787
Texas PAC,C00960211,R,TX-SEN,"TALARICO, JAMES",S6TX00479,DEM,S,TX,00,O,45000.0,2026-09-18,2026-09-22,2026-09-22,dissemination,2026-09-21,RED ELEPHANT STRATEGY LLC,MEDIA PRODUCTION,2015056,F24,48,True,processed,G2026,G2026,SE24.24,2026-09-24,https://docquery.fec.gov/cgi-bin/forms/C00960211/2015056/,https://docquery.fec.gov/cgi-bin/fecimg/?202609249908393847
WinSenate,C00865444,D,AK-SEN,"SULLIVAN, DAN",S4AK00214,REP,S,AK,00,O,473342.43,2026-09-22,2026-09-22,2026-09-22,dissemination,2026-09-21,WATERFRONT STRATEGIES,MEDIA BUY - ESTIMATE,2015058,F24,48,True,processed,G2026,G2026,500196778,2026-09-24,https://docquery.fec.gov/cgi-bin/forms/C00865444/2015058/,https://docquery.fec.gov/cgi-bin/fecimg/?202609249908393863
WinSenate,C00865444,D,IA-SEN,"ARENHOLZ, ASHLEY HINSON",S6IA00314,REP,S,IA,00,O,2268446.21,2026-09-22,2026-09-22,2026-09-22,dissemination,2026-09-21,WATERFRONT STRATEGIES,MEDIA BUY - ESTIMATE,2015058,F24,48,True,processed,G2026,G2026,500196777,2026-09-24,https://docquery.fec.gov/cgi-bin/forms/C00865444/2015058/,https://docquery.fec.gov/cgi-bin/fecimg/?202609249908393862
WinSenate,C00865444,D,IA-SEN,"ARENHOLZ, ASHLEY HINSON",S6IA00314,REP,S,IA,00,O,300000.0,2026-09-22,2026-09-22,2026-09-22,dissemination,2026-09-21,TRILOGY INTERACTIVE LLC,DIGITAL MEDIA BUY - ESTIMATE,2015058,F24,48,True,processed,G2026,G2026,500197001,2026-09-24,https://docquery.fec.gov/cgi-bin/forms/C00865444/2015058/,https://docquery.fec.gov/cgi-bin/fecimg/?202609249908393861
WinSenate,C00865444,D,ME-SEN,"COLLINS, SUSAN",S6ME00159,REP,S,ME,00,O,2339029.76,2026-09-22,2026-09-22,2026-09-22,dissemination,2026-09-21,WATERFRONT STRATEGIES,MEDIA BUY - ESTIMATE,2015058,F24,48,True,processed,G2026,G2026,500196776,2026-09-24,https://docquery.fec.gov/cgi-bin/forms/C00865444/2015058/,https://docquery.fec.gov/cgi-bin/fecimg/?202609249908393862
WinSenate,C00865444,D,MI-SEN,"ROGERS, MICHAEL",S4MI00595,REP,S,MI,00,O,1272886.06,2026-09-22,2026-09-22,2026-09-22,dissemination,2026-09-21,WATERFRONT STRATEGIES,MEDIA BUY - ESTIMATE,2015058,F24,48,True,processed,G2026,G2026,500196798,2026-09-24,https://docquery.fec.gov/cgi-bin/forms/C00865444/2015058/,https://docquery.fec.gov/cgi-bin/fecimg/?202609249908393864
WinSenate,C00865444,D,MI-SEN,"EL-SAYED, ABDUL",S6MI00418,DEM,S,MI,00,S,6710.0,2026-09-22,2026-09-22,2026-09-22,dissemination,2026-09-21,DIXON/DAVIS MEDIA GROUP LLC,MEDIA PRODUCTION - ESTIMATE,2015058,F24,48,True,processed,G2026,G2026,500196795,2026-09-24,https://docquery.fec.gov/cgi-bin/forms/C00865444/2015058/,https://docquery.fec.gov/cgi-bin/fecimg/?202609249908393859
WinSenate,C00865444,D,MI-SEN,"ROGERS, MICHAEL",S4MI00595,REP,S,MI,00,O,8300.0,2026-09-22,2026-09-22,2026-09-22,dissemination,2026-09-21,AL MEDIA LLC,MEDIA PRODUCTION - ESTIMATE,2015058,F24,48,True,processed,G2026,G2026,500196794,2026-09-24,https://docquery.fec.gov/cgi-bin/forms/C00865444/2015058/,https://docquery.fec.gov/cgi-bin/fecimg/?202609249908393857
WinSenate,C00865444,D,MI-SEN,"EL-SAYED, ABDUL",S6MI00418,DEM,S,MI,00,S,19555.0,2026-09-22,2026-09-22,2026-09-22,dissemination,2026-09-21,AL MEDIA LLC,MEDIA PRODUCTION - ESTIMATE,2015058,F24,48,True,processed,G2026,G2026,500196793,2026-09-24,https://docquery.fec.gov/cgi-bin/forms/C00865444/2015058/,https://docquery.fec.gov/cgi-bin/fecimg/?202609249908393856
WinSenate,C00865444,D,MI-SEN,"EL-SAYED, ABDUL",S6MI00418,DEM,S,MI,00,S,336111.0,2026-09-22,2026-09-22,2026-09-22,dissemination,2026-09-21,AL MEDIA LLC,DIGITAL MEDIA BUY - ESTIMATE,2015058,F24,48,True,processed,G2026,G2026,500196772,2026-09-24,https://docquery.fec.gov/cgi-bin/forms/C00865444/2015058/,https://docquery.fec.gov/cgi-bin/fecimg/?202609249908393856
WinSenate,C00865444,D,MI-SEN,"ROGERS, MICHAEL",S4MI00595,REP,S,MI,00,O,1263889.0,2026-09-22,2026-09-22,2026-09-22,dissemination,2026-09-21,AL MEDIA LLC,DIGITAL MEDIA BUY - ESTIMATE,2015058,F24,48,True,processed,G2026,G2026,500196771,2026-09-24,https://docquery.fec.gov/cgi-bin/forms/C00865444/2015058/,https://docquery.fec.gov/cgi-bin/fecimg/?202609249908393855
WinSenate,C00865444,D,MI-SEN,"ROGERS, MICHAEL",S4MI00595,REP,S,MI,00,O,7200.0,2026-09-22,2026-09-22,2026-09-22,dissemination,2026-09-21,ACTIVATE HQ,ONLINE CONTENT & PRODUCTION - ESTIMATE,2015058,F24,48,True,processed,G2026,G2026,500196801,2026-09-24,https://docquery.fec.gov/cgi-bin/forms/C00865444/2015058/,https://docquery.fec.gov/cgi-bin/fecimg/?202609249908393855
WinSenate,C00865444,D,NC-SEN,"WHATLEY, MICHAEL",S6NC00415,REP,S,NC,00,O,1752934.6,2026-09-22,2026-09-22,2026-09-22,dissemination,2026-09-21,WATERFRONT STRATEGIES,MEDIA BUY - ESTIMATE,2015058,F24,48,True,processed,G2026,G2026,500196780,2026-09-24,https://docquery.fec.gov/cgi-bin/forms/C00865444/2015058/,https://docquery.fec.gov/cgi-bin/fecimg/?202609249908393864
WinSenate,C00865444,D,NH-SEN,"SUNUNU, JOHN E.",S6NH00208,REP,S,NH,00,O,1807600.64,2026-09-22,2026-09-22,2026-09-22,dissemination,2026-09-21,WATERFRONT STRATEGIES,MEDIA BUY - ESTIMATE,2015058,F24,48,True,processed,G2026,G2026,500196779,2026-09-24,https://docquery.fec.gov/cgi-bin/forms/C00865444/2015058/,https://docquery.fec.gov/cgi-bin/fecimg/?202609249908393863
WinSenate,C00865444,D,NH-SEN,"SUNUNU, JOHN E.",S6NH00208,REP,S,NH,00,O,4510.0,2026-09-22,2026-09-22,2026-09-22,dissemination,2026-09-21,DIXON/DAVIS MEDIA GROUP LLC,MEDIA PRODUCTION - ESTIMATE,2015058,F24,48,True,processed,G2026,G2026,500196799,2026-09-24,https://docquery.fec.gov/cgi-bin/forms/C00865444/2015058/,https://docquery.fec.gov/cgi-bin/fecimg/?202609249908393859
WinSenate,C00865444,D,OH-SEN,"HUSTED, JON",S6OH00304,REP,S,OH,00,O,4284778.34,2026-09-22,2026-09-22,2026-09-22,dissemination,2026-09-21,WATERFRONT STRATEGIES,MEDIA BUY - ESTIMATE,2015058,F24,48,True,processed,G2026,G2026,500196775,2026-09-24,https://docquery.fec.gov/cgi-bin/forms/C00865444/2015058/,https://docquery.fec.gov/cgi-bin/fecimg/?202609249908393861
WinSenate,C00865444,D,OH-SEN,"HUSTED, JON",S6OH00304,REP,S,OH,00,O,1500.0,2026-09-22,2026-09-22,2026-09-22,dissemination,2026-09-21,SOCIAL CURRANT,ONLINE CONTENT & PRODUCTION - ESTIMATE,2015058,F24,48,True,processed,G2026,G2026,500196800,2026-09-24,https://docquery.fec.gov/cgi-bin/forms/C00865444/2015058/,https://docquery.fec.gov/cgi-bin/fecimg/?202609249908393860
WinSenate,C00865444,D,OH-SEN,"HUSTED, JON",S6OH00304,REP,S,OH,00,O,12272.0,2026-09-22,2026-09-22,2026-09-22,dissemination,2026-09-21,DECLARATION MEDIA LLC,MEDIA PRODUCTION - ESTIMATE,2015058,F24,48,True,processed,G2026,G2026,500196781,2026-09-24,https://docquery.fec.gov/cgi-bin/forms/C00865444/2015058/,https://docquery.fec.gov/cgi-bin/fecimg/?202609249908393858
WinSenate,C00865444,D,OH-SEN,"HUSTED, JON",S6OH00304,REP,S,OH,00,O,10285.0,2026-09-22,2026-09-22,2026-09-22,dissemination,2026-09-21,C PLUS K LLC,MEDIA PRODUCTION - ESTIMATE,2015058,F24,48,True,processed,G2026,G2026,500196797,2026-09-24,https://docquery.fec.gov/cgi-bin/forms/C00865444/2015058/,https://docquery.fec.gov/cgi-bin/fecimg/?202609249908393858
WinSenate,C00865444,D,OH-SEN,"HUSTED, JON",S6OH00304,REP,S,OH,00,O,4245000.0,2026-09-22,2026-09-22,2026-09-22,dissemination,2026-09-21,C PLUS K LLC,DIGITAL MEDIA BUY - ESTIMATE,2015058,F24,48,True,processed,G2026,G2026,500196796,2026-09-24,https://docquery.fec.gov/cgi-bin/forms/C00865444/2015058/,https://docquery.fec.gov/cgi-bin/fecimg/?202609249908393857
CLF,C00504530,R,AZ-01,"SHAH, DR. AMISH",,,H,AZ,01,O,820025.39,2026-09-21,2026-09-23,2026-09-23,dissemination,2026-09-21,FLEXPOINT MEDIA,MEDIA PLACEMENT,2015245,F24,48,True,processed,G2026,G2026,SE24.4840,2026-09-25,https://docquery.fec.gov/cgi-bin/forms/C00504530/2015245/,https://docquery.fec.gov/cgi-bin/fecimg/?202609259908419071
CLF,C00504530,R,AZ-01,"SHAH, DR. AMISH",,,H,AZ,01,O,200000.0,2026-09-18,2026-09-23,2026-09-23,dissemination,2026-09-21,FLEXPOINT MEDIA,DIGITAL PLACEMENT,2015245,F24,48,True,processed,G2026,G2026,SE24.4798,2026-09-25,https://docquery.fec.gov/cgi-bin/forms/C00504530/2015245/,https://docquery.fec.gov/cgi-bin/fecimg/?202609259908419071
CLF,C00504530,R,AZ-06,"MENDOZA, JOANNA",,,H,AZ,06,O,271907.8,2026-09-21,2026-09-23,2026-09-23,dissemination,2026-09-21,FLEXPOINT MEDIA,MEDIA PLACEMENT,2015245,F24,48,True,processed,G2026,G2026,SE24.4841,2026-09-25,https://docquery.fec.gov/cgi-bin/forms/C00504530/2015245/,https://docquery.fec.gov/cgi-bin/fecimg/?202609259908419072
CLF,C00504530,R,AZ-06,"MENDOZA, JOANNA",,,H,AZ,06,O,160000.0,2026-09-18,2026-09-23,2026-09-23,dissemination,2026-09-21,FLEXPOINT MEDIA,DIGITAL PLACEMENT,2015245,F24,48,True,processed,G2026,G2026,SE24.4795,2026-09-25,https://docquery.fec.gov/cgi-bin/forms/C00504530/2015245/,https://docquery.fec.gov/cgi-bin/fecimg/?202609259908419072
CLF,C00504530,R,CA-13,"GRAY, ADAM C.",,,H,CA,13,O,466620.2,2026-09-21,2026-09-23,2026-09-23,dissemination,2026-09-21,DEL RAY MEDIA LLC,MEDIA PLACEMENT,2015245,F24,48,True,processed,G2026,G2026,SE24.4815,2026-09-25,https://docquery.fec.gov/cgi-bin/forms/C00504530/2015245/,https://docquery.fec.gov/cgi-bin/fecimg/?202609259908419073
CLF,C00504530,R,CA-13,"GRAY, ADAM C.",,,H,CA,13,O,150000.0,2026-09-18,2026-09-23,2026-09-23,dissemination,2026-09-21,STARBOARD ADVERTISING,DIGITAL PLACEMENT,2015245,F24,48,True,processed,G2026,G2026,SE24.4812,2026-09-25,https://docquery.fec.gov/cgi-bin/forms/C00504530/2015245/,https://docquery.fec.gov/cgi-bin/fecimg/?202609259908419073
CLF,C00504530,R,CA-22,"VILLEGAS, RANDY",,,H,CA,22,O,13000.0,2026-09-22,2026-09-23,2026-09-23,dissemination,2026-09-21,PRIME MEDIA PARTNERS,MEDIA PRODUCTION,2015245,F24,48,True,processed,G2026,G2026,SE24.4858,2026-09-25,https://docquery.fec.gov/cgi-bin/forms/C00504530/2015245/,https://docquery.fec.gov/cgi-bin/fecimg/?202609259908419075
CLF,C00504530,R,CA-22,"VILLEGAS, RANDY",,,H,CA,22,O,722297.35,2026-09-21,2026-09-23,2026-09-23,dissemination,2026-09-21,DEL RAY MEDIA LLC,MEDIA PLACEMENT,2015245,F24,48,True,processed,G2026,G2026,SE24.4816,2026-09-25,https://docquery.fec.gov/cgi-bin/forms/C00504530/2015245/,https://docquery.fec.gov/cgi-bin/fecimg/?202609259908419074
CLF,C00504530,R,CA-22,"VILLEGAS, RANDY",,,H,CA,22,O,160000.0,2026-09-18,2026-09-23,2026-09-23,dissemination,2026-09-21,STARBOARD ADVERTISING,DIGITAL PLACEMENT,2015245,F24,48,True,processed,G2026,G2026,SE24.4814,2026-09-25,https://docquery.fec.gov/cgi-bin/forms/C00504530/2015245/,https://docquery.fec.gov/cgi-bin/fecimg/?202609259908419074
CLF,C00504530,R,CO-08,"RUTINEL, MANNY",,,H,CO,08,O,670421.34,2026-09-21,2026-09-23,2026-09-23,dissemination,2026-09-21,FLEXPOINT MEDIA,MEDIA PLACEMENT,2015245,F24,48,True,processed,G2026,G2026,SE24.4842,2026-09-25,https://docquery.fec.gov/cgi-bin/forms/C00504530/2015245/,https://docquery.fec.gov/cgi-bin/fecimg/?202609259908419076
CLF,C00504530,R,CO-08,"RUTINEL, MANNY",,,H,CO,08,O,250000.0,2026-09-18,2026-09-23,2026-09-23,dissemination,2026-09-21,FLEXPOINT MEDIA,DIGITAL PLACEMENT,2015245,F24,48,True,processed,G2026,G2026,SE24.4800,2026-09-25,https://docquery.fec.gov/cgi-bin/forms/C00504530/2015245/,https://docquery.fec.gov/cgi-bin/fecimg/?202609259908419075
CLF,C00504530,R,IA-01,"BOHANNAN, CHRISTINA",,,H,IA,01,O,200035.0,2026-09-21,2026-09-23,2026-09-23,dissemination,2026-09-21,DEL RAY MEDIA LLC,DIGITAL PLACEMENT,2015245,F24,48,True,processed,G2026,G2026,SE24.4827,2026-09-25,https://docquery.fec.gov/cgi-bin/forms/C00504530/2015245/,https://docquery.fec.gov/cgi-bin/fecimg/?202609259908419077
CLF,C00504530,R,IA-01,"BOHANNAN, CHRISTINA",,,H,IA,01,O,561711.49,2026-09-21,2026-09-23,2026-09-23,dissemination,2026-09-21,DEL RAY MEDIA LLC,MEDIA PLACEMENT,2015245,F24,48,True,processed,G2026,G2026,SE24.4817,2026-09-25,https://docquery.fec.gov/cgi-bin/forms/C00504530/2015245/,https://docquery.fec.gov/cgi-bin/fecimg/?202609259908419076
CLF,C00504530,R,IA-03,"TRONE GARRIOTT, SARAH",,,H,IA,03,O,175035.0,2026-09-21,2026-09-23,2026-09-23,dissemination,2026-09-21,DEL RAY MEDIA LLC,DIGITAL PLACEMENT,2015245,F24,48,True,processed,G2026,G2026,SE24.4824,2026-09-25,https://docquery.fec.gov/cgi-bin/forms/C00504530/2015245/,https://docquery.fec.gov/cgi-bin/fecimg/?202609259908419078
CLF,C00504530,R,IA-03,"TRONE GARRIOTT, SARAH",,,H,IA,03,O,256749.6,2026-09-21,2026-09-23,2026-09-23,dissemination,2026-09-21,DEL RAY MEDIA LLC,MEDIA PLACEMENT,2015245,F24,48,True,processed,G2026,G2026,SE24.4818,2026-09-25,https://docquery.fec.gov/cgi-bin/forms/C00504530/2015245/,https://docquery.fec.gov/cgi-bin/fecimg/?202609259908419077
CLF,C00504530,R,ME-02,"DUNLAP, MATT",,,H,ME,02,O,585679.57,2026-09-21,2026-09-23,2026-09-23,dissemination,2026-09-21,FLEXPOINT MEDIA,MEDIA PLACEMENT,2015245,F24,48,True,processed,G2026,G2026,SE24.4843,2026-09-25,https://docquery.fec.gov/cgi-bin/forms/C00504530/2015245/,https://docquery.fec.gov/cgi-bin/fecimg/?202609259908419079
CLF,C00504530,R,ME-02,"DUNLAP, MATT",,,H,ME,02,O,125000.0,2026-09-18,2026-09-23,2026-09-23,dissemination,2026-09-21,FLEXPOINT MEDIA,DIGITAL PLACEMENT,2015245,F24,48,True,processed,G2026,G2026,SE24.4808,2026-09-25,https://docquery.fec.gov/cgi-bin/forms/C00504530/2015245/,https://docquery.fec.gov/cgi-bin/fecimg/?202609259908419078
CLF,C00504530,R,MI-07,"LAWRENCE, WILLIAM",,,H,MI,07,O,225035.0,2026-09-21,2026-09-23,2026-09-23,dissemination,2026-09-21,DEL RAY MEDIA LLC,DIGITAL PLACEMENT,2015245,F24,48,True,processed,G2026,G2026,SE24.4828,2026-09-25,https://docquery.fec.gov/cgi-bin/forms/C00504530/2015245/,https://docquery.fec.gov/cgi-bin/fecimg/?202609259908419080
CLF,C00504530,R,MI-07,"LAWRENCE, WILLIAM",,,H,MI,07,O,467519.63,2026-09-21,2026-09-23,2026-09-23,dissemination,2026-09-21,DEL RAY MEDIA LLC,MEDIA PLACEMENT,2015245,F24,48,True,processed,G2026,G2026,SE24.4819,2026-09-25,https://docquery.fec.gov/cgi-bin/forms/C00504530/2015245/,https://docquery.fec.gov/cgi-bin/fecimg/?202609259908419079
CLF,C00504530,R,MI-08,"MCDONALD RIVET, KRISTEN",,,H,MI,08,O,284168.15,2026-09-21,2026-09-23,2026-09-23,dissemination,2026-09-21,DEL RAY MEDIA LLC,MEDIA PLACEMENT,2015245,F24,48,True,processed,G2026,G2026,SE24.4820,2026-09-25,https://docquery.fec.gov/cgi-bin/forms/C00504530/2015245/,https://docquery.fec.gov/cgi-bin/fecimg/?202609259908419081
CLF,C00504530,R,MI-08,"MCDONALD RIVET, KRISTEN",,,H,MI,08,O,100000.0,2026-09-18,2026-09-23,2026-09-23,dissemination,2026-09-21,RIGHT TARGET MEDIA,DIGITAL PLACEMENT,2015245,F24,48,True,processed,G2026,G2026,SE24.4792,2026-09-25,https://docquery.fec.gov/cgi-bin/forms/C00504530/2015245/,https://docquery.fec.gov/cgi-bin/fecimg/?202609259908419080
CLF,C00504530,R,MI-10,"HINES, CHRISTINA",,,H,MI,10,O,13000.0,2026-09-24,2026-09-23,2026-09-23,dissemination,2026-09-21,BRABENDERCOX,MEDIA PRODUCTION,2015245,F24,48,True,processed,G2026,G2026,SE24.4872,2026-09-25,https://docquery.fec.gov/cgi-bin/forms/C00504530/2015245/,https://docquery.fec.gov/cgi-bin/fecimg/?202609259908419082
CLF,C00504530,R,MI-10,"HINES, CHRISTINA",,,H,MI,10,O,200035.0,2026-09-21,2026-09-23,2026-09-23,dissemination,2026-09-21,DEL RAY MEDIA LLC,DIGITAL PLACEMENT,2015245,F24,48,True,processed,G2026,G2026,SE24.4826,2026-09-25,https://docquery.fec.gov/cgi-bin/forms/C00504530/2015245/,https://docquery.fec.gov/cgi-bin/fecimg/?202609259908419082
CLF,C00504530,R,MI-10,"HINES, CHRISTINA",,,H,MI,10,O,1091606.57,2026-09-21,2026-09-23,2026-09-23,dissemination,2026-09-21,DEL RAY MEDIA LLC,MEDIA PLACEMENT,2015245,F24,48,True,processed,G2026,G2026,SE24.4821,2026-09-25,https://docquery.fec.gov/cgi-bin/forms/C00504530/2015245/,https://docquery.fec.gov/cgi-bin/fecimg/?202609259908419081
CLF,C00504530,R,NC-01,"DAVIS, DON",,,H,NC,01,O,895003.04,2026-09-21,2026-09-23,2026-09-23,dissemination,2026-09-21,FLEXPOINT MEDIA,MEDIA PLACEMENT,2015245,F24,48,True,processed,G2026,G2026,SE24.4844,2026-09-25,https://docquery.fec.gov/cgi-bin/forms/C00504530/2015245/,https://docquery.fec.gov/cgi-bin/fecimg/?202609259908419083
CLF,C00504530,R,NC-01,"DAVIS, DON",,,H,NC,01,O,225000.0,2026-09-18,2026-09-23,2026-09-23,dissemination,2026-09-21,FLEXPOINT MEDIA,DIGITAL PLACEMENT,2015245,F24,48,True,processed,G2026,G2026,SE24.4810,2026-09-25,https://docquery.fec.gov/cgi-bin/forms/C00504530/2015245/,https://docquery.fec.gov/cgi-bin/fecimg/?202609259908419083
CLF,C00504530,R,NE-02,"POWELL, DENISE",,,H,NE,02,O,256553.1,2026-09-21,2026-09-23,2026-09-23,dissemination,2026-09-21,DEL RAY MEDIA LLC,MEDIA PLACEMENT,2015245,F24,48,True,processed,G2026,G2026,SE24.4822,2026-09-25,https://docquery.fec.gov/cgi-bin/forms/C00504530/2015245/,https://docquery.fec.gov/cgi-bin/fecimg/?202609259908419084
CLF,C00504530,R,NM-02,"VASQUEZ, GABRIEL",,,H,NM,02,O,318045.33,2026-09-21,2026-09-23,2026-09-23,dissemination,2026-09-21,DEL RAY MEDIA LLC,MEDIA PLACEMENT,2015245,F24,48,True,processed,G2026,G2026,SE24.4834,2026-09-25,https://docquery.fec.gov/cgi-bin/forms/C00504530/2015245/,https://docquery.fec.gov/cgi-bin/fecimg/?202609259908419085
CLF,C00504530,R,NM-02,"VASQUEZ, GABRIEL",,,H,NM,02,O,175000.0,2026-09-21,2026-09-23,2026-09-23,dissemination,2026-09-21,ALAMO INTELLIGENCE LLC,DIGITAL PLACEMENT,2015245,F24,48,True,processed,G2026,G2026,SE24.4837,2026-09-25,https://docquery.fec.gov/cgi-bin/forms/C00504530/2015245/,https://docquery.fec.gov/cgi-bin/fecimg/?202609259908419084
CLF,C00504530,R,NY-17,"CONLEY, CAIT",,,H,NY,17,O,5000.0,2026-09-25,2026-09-23,2026-09-23,dissemination,2026-09-21,SOMETHING ELSE STRATEGIES LLC,MEDIA PRODUCTION,2015245,F24,48,True,processed,G2026,G2026,SE24.4870,2026-09-25,https://docquery.fec.gov/cgi-bin/forms/C00504530/2015245/,https://docquery.fec.gov/cgi-bin/fecimg/?202609259908419087
CLF,C00504530,R,NY-17,"CONLEY, CAIT",,,H,NY,17,O,13000.0,2026-09-24,2026-09-23,2026-09-23,dissemination,2026-09-21,SOMETHING ELSE STRATEGIES LLC,MEDIA PRODUCTION,2015245,F24,48,True,processed,G2026,G2026,SE24.4871,2026-09-25,https://docquery.fec.gov/cgi-bin/forms/C00504530/2015245/,https://docquery.fec.gov/cgi-bin/fecimg/?202609259908419086
CLF,C00504530,R,NY-17,"CONLEY, CAIT",,,H,NY,17,O,928807.13,2026-09-21,2026-09-23,2026-09-23,dissemination,2026-09-21,FLEXPOINT MEDIA,MEDIA PLACEMENT,2015245,F24,48,True,processed,G2026,G2026,SE24.4845,2026-09-25,https://docquery.fec.gov/cgi-bin/forms/C00504530/2015245/,https://docquery.fec.gov/cgi-bin/fecimg/?202609259908419086
CLF,C00504530,R,NY-17,"CONLEY, CAIT",,,H,NY,17,O,225000.0,2026-09-18,2026-09-23,2026-09-23,dissemination,2026-09-21,FLEXPOINT MEDIA,DIGITAL PLACEMENT,2015245,F24,48,True,processed,G2026,G2026,SE24.4805,2026-09-25,https://docquery.fec.gov/cgi-bin/forms/C00504530/2015245/,https://docquery.fec.gov/cgi-bin/fecimg/?202609259908419085
CLF,C00504530,R,OH-01,"LANDSMAN, GREG",,,H,OH,01,O,13000.0,2026-09-22,2026-09-23,2026-09-23,dissemination,2026-09-21,PATCHWORK CREATIVE,MEDIA PRODUCTION,2015245,F24,48,True,processed,G2026,G2026,SE24.4864,2026-09-25,https://docquery.fec.gov/cgi-bin/forms/C00504530/2015245/,https://docquery.fec.gov/cgi-bin/fecimg/?202609259908419088
CLF,C00504530,R,OH-01,"LANDSMAN, GREG",,,H,OH,01,O,575758.08,2026-09-21,2026-09-23,2026-09-23,dissemination,2026-09-21,FLEXPOINT MEDIA,MEDIA PLACEMENT,2015245,F24,48,True,processed,G2026,G2026,SE24.4846,2026-09-25,https://docquery.fec.gov/cgi-bin/forms/C00504530/2015245/,https://docquery.fec.gov/cgi-bin/fecimg/?202609259908419088
CLF,C00504530,R,OH-01,"LANDSMAN, GREG",,,H,OH,01,O,175000.0,2026-09-18,2026-09-23,2026-09-23,dissemination,2026-09-21,FLEXPOINT MEDIA,DIGITAL PLACEMENT,2015245,F24,48,True,processed,G2026,G2026,SE24.4809,2026-09-25,https://docquery.fec.gov/cgi-bin/forms/C00504530/2015245/,https://docquery.fec.gov/cgi-bin/fecimg/?202609259908419087
CLF,C00504530,R,OH-09,"KAPTUR, HON. M.C. MARCY",,,H,OH,09,O,378446.4,2026-09-21,2026-09-23,2026-09-23,dissemination,2026-09-21,FLEXPOINT MEDIA,MEDIA PLACEMENT,2015245,F24,48,True,processed,G2026,G2026,SE24.4847,2026-09-25,https://docquery.fec.gov/cgi-bin/forms/C00504530/2015245/,https://docquery.fec.gov/cgi-bin/fecimg/?202609259908419089
CLF,C00504530,R,OH-09,"KAPTUR, HON. M.C. MARCY",,,H,OH,09,O,175000.0,2026-09-18,2026-09-23,2026-09-23,dissemination,2026-09-21,FLEXPOINT MEDIA,DIGITAL PLACEMENT,2015245,F24,48,True,processed,G2026,G2026,SE24.4806,2026-09-25,https://docquery.fec.gov/cgi-bin/forms/C00504530/2015245/,https://docquery.fec.gov/cgi-bin/fecimg/?202609259908419089
CLF,C00504530,R,PA-07,"BROOKS, BOB",,,H,PA,07,O,13000.0,2026-09-22,2026-09-23,2026-09-23,dissemination,2026-09-21,MOTIVE MEDIA,MEDIA PRODUCTION,2015245,F24,48,True,processed,G2026,G2026,SE24.4863,2026-09-25,https://docquery.fec.gov/cgi-bin/forms/C00504530/2015245/,https://docquery.fec.gov/cgi-bin/fecimg/?202609259908419091
CLF,C00504530,R,PA-07,"BROOKS, BOB",,,H,PA,07,O,912416.15,2026-09-21,2026-09-23,2026-09-23,dissemination,2026-09-21,FLEXPOINT MEDIA,MEDIA PLACEMENT,2015245,F24,48,True,processed,G2026,G2026,SE24.4848,2026-09-25,https://docquery.fec.gov/cgi-bin/forms/C00504530/2015245/,https://docquery.fec.gov/cgi-bin/fecimg/?202609259908419090
CLF,C00504530,R,PA-07,"BROOKS, BOB",,,H,PA,07,O,200000.0,2026-09-18,2026-09-23,2026-09-23,dissemination,2026-09-21,FLEXPOINT MEDIA,DIGITAL PLACEMENT,2015245,F24,48,True,processed,G2026,G2026,SE24.4802,2026-09-25,https://docquery.fec.gov/cgi-bin/forms/C00504530/2015245/,https://docquery.fec.gov/cgi-bin/fecimg/?202609259908419090
CLF,C00504530,R,PA-08,"COGNETTI, PAIGE",,,H,PA,08,O,375586.65,2026-09-21,2026-09-23,2026-09-23,dissemination,2026-09-21,FLEXPOINT MEDIA,MEDIA PLACEMENT,2015245,F24,48,True,processed,G2026,G2026,SE24.4849,2026-09-25,https://docquery.fec.gov/cgi-bin/forms/C00504530/2015245/,https://docquery.fec.gov/cgi-bin/fecimg/?202609259908419092
CLF,C00504530,R,PA-08,"COGNETTI, PAIGE",,,H,PA,08,O,175000.0,2026-09-18,2026-09-23,2026-09-23,dissemination,2026-09-21,FLEXPOINT MEDIA,DIGITAL PLACEMENT,2015245,F24,48,True,processed,G2026,G2026,SE24.4804,2026-09-25,https://docquery.fec.gov/cgi-bin/forms/C00504530/2015245/,https://docquery.fec.gov/cgi-bin/fecimg/?202609259908419091
CLF,C00504530,R,PA-10,"STELSON, JANELLE",,,H,PA,10,O,367262.33,2026-09-21,2026-09-23,2026-09-23,dissemination,2026-09-21,DEL RAY MEDIA LLC,MEDIA PLACEMENT,2015245,F24,48,True,processed,G2026,G2026,SE24.4823,2026-09-25,https://docquery.fec.gov/cgi-bin/forms/C00504530/2015245/,https://docquery.fec.gov/cgi-bin/fecimg/?202609259908419093
CLF,C00504530,R,PA-10,"STELSON, JANELLE",,,H,PA,10,O,200000.0,2026-09-18,2026-09-23,2026-09-23,dissemination,2026-09-21,STARBOARD ADVERTISING,DIGITAL PLACEMENT,2015245,F24,48,True,processed,G2026,G2026,SE24.4813,2026-09-25,https://docquery.fec.gov/cgi-bin/forms/C00504530/2015245/,https://docquery.fec.gov/cgi-bin/fecimg/?202609259908419092
CLF,C00504530,R,TX-28,"CUELLAR, HENRY R.",,,H,TX,28,O,13000.0,2026-09-22,2026-09-23,2026-09-23,dissemination,2026-09-21,PRIME MEDIA PARTNERS,MEDIA PRODUCTION,2015245,F24,48,True,processed,G2026,G2026,SE24.4857,2026-09-25,https://docquery.fec.gov/cgi-bin/forms/C00504530/2015245/,https://docquery.fec.gov/cgi-bin/fecimg/?202609259908419095
CLF,C00504530,R,TX-28,"CUELLAR, HENRY R.",,,H,TX,28,O,102500.0,2026-09-22,2026-09-23,2026-09-23,dissemination,2026-09-21,FLEXPOINT MEDIA,DIGITAL PLACEMENT,2015245,F24,48,True,processed,G2026,G2026,SE24.4861,2026-09-25,https://docquery.fec.gov/cgi-bin/forms/C00504530/2015245/,https://docquery.fec.gov/cgi-bin/fecimg/?202609259908419094
CLF,C00504530,R,TX-28,"CUELLAR, HENRY R.",,,H,TX,28,O,735559.99,2026-09-22,2026-09-23,2026-09-23,dissemination,2026-09-21,FLEXPOINT MEDIA,MEDIA PLACEMENT,2015245,F24,48,True,processed,G2026,G2026,SE24.4859,2026-09-25,https://docquery.fec.gov/cgi-bin/forms/C00504530/2015245/,https://docquery.fec.gov/cgi-bin/fecimg/?202609259908419094
CLF,C00504530,R,TX-28,"CUELLAR, HENRY R.",,,H,TX,28,O,175000.0,2026-09-18,2026-09-23,2026-09-23,dissemination,2026-09-21,FLEXPOINT MEDIA,DIGITAL PLACEMENT,2015245,F24,48,True,processed,G2026,G2026,SE24.4796,2026-09-25,https://docquery.fec.gov/cgi-bin/forms/C00504530/2015245/,https://docquery.fec.gov/cgi-bin/fecimg/?202609259908419093
CLF,C00504530,R,TX-34,"GONZALEZ, VICENTE",,,H,TX,34,O,88500.0,2026-09-22,2026-09-23,2026-09-23,dissemination,2026-09-21,FLEXPOINT MEDIA,DIGITAL PLACEMENT,2015245,F24,48,True,processed,G2026,G2026,SE24.4862,2026-09-25,https://docquery.fec.gov/cgi-bin/forms/C00504530/2015245/,https://docquery.fec.gov/cgi-bin/fecimg/?202609259908419097
CLF,C00504530,R,TX-34,"GONZALEZ, VICENTE",,,H,TX,34,O,601465.38,2026-09-22,2026-09-23,2026-09-23,dissemination,2026-09-21,FLEXPOINT MEDIA,MEDIA PLACEMENT,2015245,F24,48,True,processed,G2026,G2026,SE24.4860,2026-09-25,https://docquery.fec.gov/cgi-bin/forms/C00504530/2015245/,https://docquery.fec.gov/cgi-bin/fecimg/?202609259908419096
CLF,C00504530,R,TX-34,"GONZALEZ, VICENTE",,,H,TX,34,O,13000.0,2026-09-21,2026-09-23,2026-09-23,dissemination,2026-09-21,ON MESSAGE INC.,MEDIA PRODUCTION,2015245,F24,48,True,processed,G2026,G2026,SE24.4838,2026-09-25,https://docquery.fec.gov/cgi-bin/forms/C00504530/2015245/,https://docquery.fec.gov/cgi-bin/fecimg/?202609259908419096
CLF,C00504530,R,TX-34,"GONZALEZ, VICENTE",,,H,TX,34,O,177500.0,2026-09-18,2026-09-23,2026-09-23,dissemination,2026-09-21,FLEXPOINT MEDIA,DIGITAL PLACEMENT,2015245,F24,48,True,processed,G2026,G2026,SE24.4803,2026-09-25,https://docquery.fec.gov/cgi-bin/forms/C00504530/2015245/,https://docquery.fec.gov/cgi-bin/fecimg/?202609259908419095
CLF,C00504530,R,VA-02,"LURIA, ELAINE",,,H,VA,02,O,338523.37,2026-09-21,2026-09-23,2026-09-23,dissemination,2026-09-21,FLEXPOINT MEDIA,MEDIA PLACEMENT,2015245,F24,48,True,processed,G2026,G2026,SE24.4850,2026-09-25,https://docquery.fec.gov/cgi-bin/forms/C00504530/2015245/,https://docquery.fec.gov/cgi-bin/fecimg/?202609259908419098
CLF,C00504530,R,VA-02,"LURIA, ELAINE",,,H,VA,02,O,175000.0,2026-09-18,2026-09-23,2026-09-23,dissemination,2026-09-21,FLEXPOINT MEDIA,DIGITAL PLACEMENT,2015245,F24,48,True,processed,G2026,G2026,SE24.4801,2026-09-25,https://docquery.fec.gov/cgi-bin/forms/C00504530/2015245/,https://docquery.fec.gov/cgi-bin/fecimg/?202609259908419097
CLF,C00504530,R,WA-03,"GLUESENKAMP PEREZ, MARIE",,,H,WA,03,O,420187.68,2026-09-21,2026-09-23,2026-09-23,dissemination,2026-09-21,FLEXPOINT MEDIA,MEDIA PLACEMENT,2015245,F24,48,True,processed,G2026,G2026,SE24.4851,2026-09-25,https://docquery.fec.gov/cgi-bin/forms/C00504530/2015245/,https://docquery.fec.gov/cgi-bin/fecimg/?202609259908419099
CLF,C00504530,R,WA-03,"GLUESENKAMP PEREZ, MARIE",,,H,WA,03,O,225000.0,2026-09-18,2026-09-23,2026-09-23,dissemination,2026-09-21,FLEXPOINT MEDIA,DIGITAL PLACEMENT,2015245,F24,48,True,processed,G2026,G2026,SE24.4807,2026-09-25,https://docquery.fec.gov/cgi-bin/forms/C00504530/2015245/,https://docquery.fec.gov/cgi-bin/fecimg/?202609259908419098
CLF,C00504530,R,WI-03,"COOKE, REBECCA",,,H,WI,03,O,13000.0,2026-09-22,2026-09-23,2026-09-23,dissemination,2026-09-21,BREAKPOINT MEDIA LLC,MEDIA PRODUCTION,2015245,F24,48,True,processed,G2026,G2026,SE24.4853,2026-09-25,https://docquery.fec.gov/cgi-bin/forms/C00504530/2015245/,https://docquery.fec.gov/cgi-bin/fecimg/?202609259908419100
CLF,C00504530,R,WI-03,"COOKE, REBECCA",,,H,WI,03,O,663415.64,2026-09-21,2026-09-23,2026-09-23,dissemination,2026-09-21,DEL RAY MEDIA LLC,MEDIA PLACEMENT,2015245,F24,48,True,processed,G2026,G2026,SE24.4825,2026-09-25,https://docquery.fec.gov/cgi-bin/forms/C00504530/2015245/,https://docquery.fec.gov/cgi-bin/fecimg/?202609259908419100
CLF,C00504530,R,WI-03,"COOKE, REBECCA",,,H,WI,03,O,175000.0,2026-09-18,2026-09-23,2026-09-23,dissemination,2026-09-21,RIGHT TARGET MEDIA,DIGITAL PLACEMENT,2015245,F24,48,True,processed,G2026,G2026,SE24.4793,2026-09-25,https://docquery.fec.gov/cgi-bin/forms/C00504530/2015245/,https://docquery.fec.gov/cgi-bin/fecimg/?202609259908419099
HMP,C00495028,D,IA-03,"NUNN, ZACH",H2IA03119,REP,H,IA,03,O,55571.88,2026-09-23,2026-09-23,2026-09-23,dissemination,2026-09-21,THE STRATEGY GROUP,DIRECT MAIL - ESTIMATE,2015189,F24,48,True,processed,G2026,G2026,500681583,2026-09-25,https://docquery.fec.gov/cgi-bin/forms/C00495028/2015189/,https://docquery.fec.gov/cgi-bin/fecimg/?202609259908418610
HMP,C00495028,D,MI-10,"BOUCHARD, MICHAEL",H6MI10359,REP,H,MI,10,O,67620.0,2026-09-23,2026-09-23,2026-09-23,dissemination,2026-09-21,"THE PIVOT GROUP, INC.",DIRECT MAIL - ESTIMATE,2015189,F24,48,True,processed,G2026,G2026,500681574,2026-09-25,https://docquery.fec.gov/cgi-bin/forms/C00495028/2015189/,https://docquery.fec.gov/cgi-bin/fecimg/?202609259908418608
HMP,C00495028,D,NC-01,"BUCKHOUT, LAURIE",H4NC01137,REP,H,NC,01,O,42581.12,2026-09-23,2026-09-23,2026-09-23,dissemination,2026-09-21,"MISSION CONTROL, INC.",DIRECT MAIL - ESTIMATE,2015189,F24,48,True,processed,G2026,G2026,500681567,2026-09-25,https://docquery.fec.gov/cgi-bin/forms/C00495028/2015189/,https://docquery.fec.gov/cgi-bin/fecimg/?202609259908418603
HMP,C00495028,D,NJ-07,"KEAN, THOMAS JR.",H0NJ07089,,H,NJ,07,O,6000.0,2026-09-23,2026-09-23,2026-09-23,dissemination,2026-09-21,SOCIAL CURRANT,MEDIA PRODUCTION - ESTIMATE,2015189,F24,48,True,processed,G2026,G2026,500681579,2026-09-25,https://docquery.fec.gov/cgi-bin/forms/C00495028/2015189/,https://docquery.fec.gov/cgi-bin/fecimg/?202609259908418607
HMP,C00495028,D,NJ-07,"KEAN, THOMAS JR.",H0NJ07089,,H,NJ,07,O,850.0,2026-09-23,2026-09-23,2026-09-23,dissemination,2026-09-21,GAMBIT STRATEGIES LLC,MEDIA PRODUCTION - ESTIMATE,2015189,F24,48,True,processed,G2026,G2026,500681565,2026-09-25,https://docquery.fec.gov/cgi-bin/forms/C00495028/2015189/,https://docquery.fec.gov/cgi-bin/fecimg/?202609259908418602
HMP,C00495028,D,PA-01,"FITZPATRICK, BRIAN",H6PA08277,REP,H,PA,01,O,44171.54,2026-09-23,2026-09-23,2026-09-23,dissemination,2026-09-21,RESONANCE CAMPAIGNS LLC,DIRECT MAIL - ESTIMATE,2015189,F24,48,True,processed,G2026,G2026,500681577,2026-09-25,https://docquery.fec.gov/cgi-bin/forms/C00495028/2015189/,https://docquery.fec.gov/cgi-bin/fecimg/?202609259908418606
No Going Back PAC,C00960435,R,AK-SEN,"PELTOLA, MARY",S6AK00276,DEM,S,AK,00,O,810361.5,2026-09-18,2026-09-23,2026-09-23,dissemination,2026-09-21,"MHB MEDIA, INC",PLACED MEDIA: TV AND CONNECTED TV,2015230,F24,48,True,processed,G2026,G2026,SE.1182444.2,2026-09-25,https://docquery.fec.gov/cgi-bin/forms/C00960435/2015230/,https://docquery.fec.gov/cgi-bin/fecimg/?202609259908418940
No Going Back PAC,C00960435,R,AK-SEN,"SULLIVAN, DAN",S4AK00214,REP,S,AK,00,S,810361.5,2026-09-18,2026-09-23,2026-09-23,dissemination,2026-09-21,"MHB MEDIA, INC",PLACED MEDIA: TV AND CONNECTED TV,2015230,F24,48,True,processed,G2026,G2026,SE.1182444.1,2026-09-25,https://docquery.fec.gov/cgi-bin/forms/C00960435/2015230/,https://docquery.fec.gov/cgi-bin/fecimg/?202609259908418940
No Going Back PAC,C00960435,R,AK-SEN,"PELTOLA, MARY",S6AK00276,DEM,S,AK,00,O,44519.0,2026-09-18,2026-09-23,2026-09-23,dissemination,2026-09-21,"MHB MEDIA, INC",PLACED MEDIA: RADIO,2015230,F24,48,True,processed,G2026,G2026,SE.1182444.4,2026-09-25,https://docquery.fec.gov/cgi-bin/forms/C00960435/2015230/,https://docquery.fec.gov/cgi-bin/fecimg/?202609259908418939
No Going Back PAC,C00960435,R,AK-SEN,"SULLIVAN, DAN",S4AK00214,REP,S,AK,00,S,44519.0,2026-09-18,2026-09-23,2026-09-23,dissemination,2026-09-21,"MHB MEDIA, INC",PLACED MEDIA: RADIO,2015230,F24,48,True,processed,G2026,G2026,SE.1182444.3,2026-09-25,https://docquery.fec.gov/cgi-bin/forms/C00960435/2015230/,https://docquery.fec.gov/cgi-bin/fecimg/?202609259908418938
No Going Back PAC,C00960435,R,AL-02,"MARQUES, RHETT",H6AL01086,REP,H,AL,02,S,115000.2,2026-09-21,2026-09-23,2026-09-23,dissemination,2026-09-21,DEL RAY MEDIA LLC,PLACED MEDIA: TV AND CONNECTED TV,2015230,F24,48,True,processed,G2026,G2026,SE.1183002.1,2026-09-25,https://docquery.fec.gov/cgi-bin/forms/C00960435/2015230/,https://docquery.fec.gov/cgi-bin/fecimg/?202609259908418942
No Going Back PAC,C00960435,R,AL-02,"FIGURES, SHOMARI C.",H4AL02170,DEM,H,AL,02,O,76666.8,2026-09-21,2026-09-23,2026-09-23,dissemination,2026-09-21,DEL RAY MEDIA LLC,PLACED MEDIA: TV AND CONNECTED TV,2015230,F24,48,True,processed,G2026,G2026,SE.1183002.2,2026-09-25,https://docquery.fec.gov/cgi-bin/forms/C00960435/2015230/,https://docquery.fec.gov/cgi-bin/fecimg/?202609259908418941
No Going Back PAC,C00960435,R,AL-02,"FIGURES, SHOMARI C.",H4AL02170,DEM,H,AL,02,O,16083.53,2026-09-18,2026-09-23,2026-09-23,dissemination,2026-09-21,WHISTLESTOP STRATEGIES LLC,DIRECT MAIL: PRINTING AND POSTAGE,2015230,F24,48,True,processed,G2026,G2026,SE.1182169.2,2026-09-25,https://docquery.fec.gov/cgi-bin/forms/C00960435/2015230/,https://docquery.fec.gov/cgi-bin/fecimg/?202609259908418928
No Going Back PAC,C00960435,R,AL-02,"MARQUES, RHETT",H6AL01086,REP,H,AL,02,S,16083.53,2026-09-18,2026-09-23,2026-09-23,dissemination,2026-09-21,WHISTLESTOP STRATEGIES LLC,DIRECT MAIL: PRINTING AND POSTAGE,2015230,F24,48,True,processed,G2026,G2026,SE.1182169.1,2026-09-25,https://docquery.fec.gov/cgi-bin/forms/C00960435/2015230/,https://docquery.fec.gov/cgi-bin/fecimg/?202609259908418928
No Going Back PAC,C00960435,R,CA-13,"GRAY, ADAM C.",H2CA13115,DEM,H,CA,13,O,2192.55,2026-09-21,2026-09-23,2026-09-23,dissemination,2026-09-21,OPTIMATES LLC,TEXT MESSAGES,2015230,F24,48,True,processed,G2026,G2026,SE.1183017,2026-09-25,https://docquery.fec.gov/cgi-bin/forms/C00960435/2015230/,https://docquery.fec.gov/cgi-bin/fecimg/?202609259908418956
No Going Back PAC,C00960435,R,CO-05,"KILLIN, JESSICA WILLOW",H6CO05324,DEM,H,CO,05,O,7810.0,2026-09-22,2026-09-23,2026-09-23,dissemination,2026-09-21,PT STRATEGY LLC,TEXT MESSAGES,2015230,F24,48,True,processed,G2026,G2026,SE.1183119,2026-09-25,https://docquery.fec.gov/cgi-bin/forms/C00960435/2015230/,https://docquery.fec.gov/cgi-bin/fecimg/?202609259908418958
No Going Back PAC,C00960435,R,CO-05,"KILLIN, JESSICA WILLOW",H6CO05324,DEM,H,CO,05,O,310650.0,2026-09-21,2026-09-23,2026-09-23,dissemination,2026-09-21,DEL RAY MEDIA LLC,PLACED MEDIA: TV AND CONNECTED TV,2015230,F24,48,True,processed,G2026,G2026,SE.1182562,2026-09-25,https://docquery.fec.gov/cgi-bin/forms/C00960435/2015230/,https://docquery.fec.gov/cgi-bin/fecimg/?202609259908418944
No Going Back PAC,C00960435,R,CO-05,"KILLIN, JESSICA WILLOW",H6CO05324,DEM,H,CO,05,O,65135.0,2026-09-17,2026-09-23,2026-09-23,dissemination,2026-09-21,PT STRATEGY LLC,DIRECT MAIL: PRINTING AND POSTAGE,2015230,F24,48,True,processed,G2026,G2026,SE.1181844,2026-09-25,https://docquery.fec.gov/cgi-bin/forms/C00960435/2015230/,https://docquery.fec.gov/cgi-bin/fecimg/?202609259908418935
No Going Back PAC,C00960435,R,FL-14,"CASTOR, KATHY",H6FL11126,DEM,H,FL,14,O,1648708.0,2026-09-21,2026-09-23,2026-09-23,dissemination,2026-09-21,"MHB MEDIA, INC",PLACED MEDIA: TV AND CONNECTED TV,2015230,F24,48,True,processed,G2026,G2026,SE.1182784,2026-09-25,https://docquery.fec.gov/cgi-bin/forms/C00960435/2015230/,https://docquery.fec.gov/cgi-bin/fecimg/?202609259908418950
No Going Back PAC,C00960435,R,FL-25,"MOSKOWITZ, JARED",H2FL22171,DEM,H,FL,25,O,2354986.0,2026-09-21,2026-09-23,2026-09-23,dissemination,2026-09-21,"MHB MEDIA, INC",PLACED MEDIA: TV AND CONNECTED TV,2015230,F24,48,True,processed,G2026,G2026,SE.1182516,2026-09-25,https://docquery.fec.gov/cgi-bin/forms/C00960435/2015230/,https://docquery.fec.gov/cgi-bin/fecimg/?202609259908418950
No Going Back PAC,C00960435,R,GA-SEN,"OSSOFF, T. JONATHAN",S8GA00180,DEM,S,GA,00,O,641125.0,2026-09-18,2026-09-23,2026-09-23,dissemination,2026-09-21,"MHB MEDIA, INC",PLACED MEDIA: TV AND CONNECTED TV,2015230,F24,48,True,processed,G2026,G2026,SE.1182482,2026-09-25,https://docquery.fec.gov/cgi-bin/forms/C00960435/2015230/,https://docquery.fec.gov/cgi-bin/fecimg/?202609259908418947
No Going Back PAC,C00960435,R,IA-01,"BOHANNAN, CHRISTINA",H2IA02111,DEM,H,IA,01,O,22985.38,2026-09-21,2026-09-23,2026-09-23,dissemination,2026-09-21,OPTIMATES LLC,TEXT MESSAGES,2015230,F24,48,True,processed,G2026,G2026,SE.1183006,2026-09-25,https://docquery.fec.gov/cgi-bin/forms/C00960435/2015230/,https://docquery.fec.gov/cgi-bin/fecimg/?202609259908418959
No Going Back PAC,C00960435,R,IA-01,"BOHANNAN, CHRISTINA",H2IA02111,DEM,H,IA,01,O,85963.04,2026-09-21,2026-09-23,2026-09-23,dissemination,2026-09-21,OPTIMATES LLC,DIRECT MAIL: PRINTING AND POSTAGE,2015230,F24,48,True,processed,G2026,G2026,SE.1182654,2026-09-25,https://docquery.fec.gov/cgi-bin/forms/C00960435/2015230/,https://docquery.fec.gov/cgi-bin/fecimg/?202609259908418936
No Going Back PAC,C00960435,R,IA-02,"JAMES, LINDSAY",H6IA02211,DEM,H,IA,02,O,14219.82,2026-09-21,2026-09-23,2026-09-23,dissemination,2026-09-21,OPTIMATES LLC,TEXT MESSAGES,2015230,F24,48,True,processed,G2026,G2026,SE.1183007,2026-09-25,https://docquery.fec.gov/cgi-bin/forms/C00960435/2015230/,https://docquery.fec.gov/cgi-bin/fecimg/?202609259908418958
No Going Back PAC,C00960435,R,IA-02,"JAMES, LINDSAY",H6IA02211,DEM,H,IA,02,O,565100.0,2026-09-21,2026-09-23,2026-09-23,dissemination,2026-09-21,"MHB MEDIA, INC",PLACED MEDIA: TV AND CONNECTED TV,2015230,F24,48,True,processed,G2026,G2026,SE.1182519,2026-09-25,https://docquery.fec.gov/cgi-bin/forms/C00960435/2015230/,https://docquery.fec.gov/cgi-bin/fecimg/?202609259908418946
No Going Back PAC,C00960435,R,IA-02,"JAMES, LINDSAY",H6IA02211,DEM,H,IA,02,O,221513.74,2026-09-21,2026-09-23,2026-09-23,dissemination,2026-09-21,OPTIMATES LLC,DIRECT MAIL: PRINTING AND POSTAGE,2015230,F24,48,True,processed,G2026,G2026,SE.1182678,2026-09-25,https://docquery.fec.gov/cgi-bin/forms/C00960435/2015230/,https://docquery.fec.gov/cgi-bin/fecimg/?202609259908418938
No Going Back PAC,C00960435,R,KY-06,"DEMBO, ZACH",H6KY06184,DEM,H,KY,06,O,1676.04,2026-09-24,2026-09-23,2026-09-23,dissemination,2026-09-21,CALIBER CONTACT,TEXT MESSAGES,2015230,F24,48,True,processed,G2026,G2026,SE.1184192,2026-09-25,https://docquery.fec.gov/cgi-bin/forms/C00960435/2015230/,https://docquery.fec.gov/cgi-bin/fecimg/?202609259908418955
No Going Back PAC,C00960435,R,KY-06,"DEMBO, ZACH",H6KY06184,DEM,H,KY,06,O,121400.0,2026-09-21,2026-09-23,2026-09-23,dissemination,2026-09-21,"MHB MEDIA, INC",PLACED MEDIA: TV AND CONNECTED TV,2015230,F24,48,True,processed,G2026,G2026,SE.1182524.2,2026-09-25,https://docquery.fec.gov/cgi-bin/forms/C00960435/2015230/,https://docquery.fec.gov/cgi-bin/fecimg/?202609259908418943
No Going Back PAC,C00960435,R,KY-06,"ALVARADO, RALPH A",H6KY06192,REP,H,KY,06,S,121400.0,2026-09-21,2026-09-23,2026-09-23,dissemination,2026-09-21,"MHB MEDIA, INC",PLACED MEDIA: TV AND CONNECTED TV,2015230,F24,48,True,processed,G2026,G2026,SE.1182524.1,2026-09-25,https://docquery.fec.gov/cgi-bin/forms/C00960435/2015230/,https://docquery.fec.gov/cgi-bin/fecimg/?202609259908418942
No Going Back PAC,C00960435,R,MI-04,"MCCANN, SEAN",H6MI04204,DEM,H,MI,04,O,850960.0,2026-09-21,2026-09-23,2026-09-23,dissemination,2026-09-21,DEL RAY MEDIA LLC,PLACED MEDIA: TV AND CONNECTED TV,2015230,F24,48,True,processed,G2026,G2026,SE.1182559,2026-09-25,https://docquery.fec.gov/cgi-bin/forms/C00960435/2015230/,https://docquery.fec.gov/cgi-bin/fecimg/?202609259908418941
No Going Back PAC,C00960435,R,MI-08,"MCDONALD RIVET, KRISTEN",H4MI08218,DEM,H,MI,08,O,1081.12,2026-09-23,2026-09-23,2026-09-23,dissemination,2026-09-21,WHISTLESTOP STRATEGIES LLC,TEXT MESSAGES,2015230,F24,48,True,processed,G2026,G2026,SE.1183724,2026-09-25,https://docquery.fec.gov/cgi-bin/forms/C00960435/2015230/,https://docquery.fec.gov/cgi-bin/fecimg/?202609259908418954
No Going Back PAC,C00960435,R,MI-SEN,"EL-SAYED, ABDUL",S6MI00418,DEM,S,MI,00,O,3763601.0,2026-09-21,2026-09-23,2026-09-23,dissemination,2026-09-21,DEL RAY MEDIA LLC,PLACED MEDIA: TV AND CONNECTED TV,2015230,F24,48,True,processed,G2026,G2026,SE.1182564,2026-09-25,https://docquery.fec.gov/cgi-bin/forms/C00960435/2015230/,https://docquery.fec.gov/cgi-bin/fecimg/?202609259908418952
No Going Back PAC,C00960435,R,MT-01,"FORSTAG, SAMUEL KELLEY",H6MT01137,DEM,H,MT,01,O,16306.44,2026-09-22,2026-09-23,2026-09-23,dissemination,2026-09-21,CALIBER CONTACT,DIRECT MAIL: PRINTING AND POSTAGE,2015230,F24,48,True,processed,G2026,G2026,SE.1183324.2,2026-09-25,https://docquery.fec.gov/cgi-bin/forms/C00960435/2015230/,https://docquery.fec.gov/cgi-bin/fecimg/?202609259908418930
No Going Back PAC,C00960435,R,MT-01,"FLINT, AARON",H6MT01152,REP,H,MT,01,S,16306.44,2026-09-22,2026-09-23,2026-09-23,dissemination,2026-09-21,CALIBER CONTACT,DIRECT MAIL: PRINTING AND POSTAGE,2015230,F24,48,True,processed,G2026,G2026,SE.1183324.1,2026-09-25,https://docquery.fec.gov/cgi-bin/forms/C00960435/2015230/,https://docquery.fec.gov/cgi-bin/fecimg/?202609259908418929
No Going Back PAC,C00960435,R,MT-01,"FORSTAG, SAMUEL KELLEY",H6MT01137,DEM,H,MT,01,O,592333.0,2026-09-21,2026-09-23,2026-09-23,dissemination,2026-09-21,"MHB MEDIA, INC",PLACED MEDIA: TV AND CONNECTED TV,2015230,F24,48,True,processed,G2026,G2026,SE.1182538,2026-09-25,https://docquery.fec.gov/cgi-bin/forms/C00960435/2015230/,https://docquery.fec.gov/cgi-bin/fecimg/?202609259908418947
No Going Back PAC,C00960435,R,NC-11,"AGER, JAMIE",H6NC11248,DEM,H,NC,11,O,14632.32,2026-09-21,2026-09-23,2026-09-23,dissemination,2026-09-21,OPTIMATES LLC,TEXT MESSAGES,2015230,F24,48,True,processed,G2026,G2026,SE.1183010,2026-09-25,https://docquery.fec.gov/cgi-bin/forms/C00960435/2015230/,https://docquery.fec.gov/cgi-bin/fecimg/?202609259908418959
No Going Back PAC,C00960435,R,NC-11,"AGER, JAMIE",H6NC11248,DEM,H,NC,11,O,491350.0,2026-09-21,2026-09-23,2026-09-23,dissemination,2026-09-21,DEL RAY MEDIA LLC,PLACED MEDIA: TV AND CONNECTED TV,2015230,F24,48,True,processed,G2026,G2026,SE.1182563,2026-09-25,https://docquery.fec.gov/cgi-bin/forms/C00960435/2015230/,https://docquery.fec.gov/cgi-bin/fecimg/?202609259908418945
No Going Back PAC,C00960435,R,NC-11,"AGER, JAMIE",H6NC11248,DEM,H,NC,11,O,157968.66,2026-09-21,2026-09-23,2026-09-23,dissemination,2026-09-21,OPTIMATES LLC,DIRECT MAIL: PRINTING AND POSTAGE,2015230,F24,48,True,processed,G2026,G2026,SE.1182655,2026-09-25,https://docquery.fec.gov/cgi-bin/forms/C00960435/2015230/,https://docquery.fec.gov/cgi-bin/fecimg/?202609259908418937
No Going Back PAC,C00960435,R,NC-SEN,"COOPER, ROY",S6NC00407,DEM,S,NC,00,O,33522.28,2026-09-24,2026-09-23,2026-09-23,dissemination,2026-09-21,CALIBER CONTACT,TEXT MESSAGES,2015230,F24,48,True,processed,G2026,G2026,SE.1184188,2026-09-25,https://docquery.fec.gov/cgi-bin/forms/C00960435/2015230/,https://docquery.fec.gov/cgi-bin/fecimg/?202609259908418960
No Going Back PAC,C00960435,R,NC-SEN,"COOPER, ROY",S6NC00407,DEM,S,NC,00,O,2919554.0,2026-09-22,2026-09-23,2026-09-23,dissemination,2026-09-21,DEL RAY MEDIA LLC,PLACED MEDIA: TV AND CONNECTED TV,2015230,F24,48,True,processed,G2026,G2026,SE.1183197,2026-09-25,https://docquery.fec.gov/cgi-bin/forms/C00960435/2015230/,https://docquery.fec.gov/cgi-bin/fecimg/?202609259908418951
No Going Back PAC,C00960435,R,NE-02,"POWELL, DENISE",H6NE02174,DEM,H,NE,02,O,5025.88,2026-09-21,2026-09-23,2026-09-23,dissemination,2026-09-21,OPTIMATES LLC,TEXT MESSAGES,2015230,F24,48,True,processed,G2026,G2026,SE.1183015,2026-09-25,https://docquery.fec.gov/cgi-bin/forms/C00960435/2015230/,https://docquery.fec.gov/cgi-bin/fecimg/?202609259908418956
No Going Back PAC,C00960435,R,NE-02,"POWELL, DENISE",H6NE02174,DEM,H,NE,02,O,78148.4,2026-09-21,2026-09-23,2026-09-23,dissemination,2026-09-21,OPTIMATES LLC,DIRECT MAIL: PRINTING AND POSTAGE,2015230,F24,48,True,processed,G2026,G2026,SE.1182676,2026-09-25,https://docquery.fec.gov/cgi-bin/forms/C00960435/2015230/,https://docquery.fec.gov/cgi-bin/fecimg/?202609259908418935
No Going Back PAC,C00960435,R,NH-SEN,"PAPPAS, CHRIS",S6NH00141,DEM,S,NH,00,O,22285.94,2026-09-21,2026-09-23,2026-09-23,dissemination,2026-09-21,WHISTLESTOP STRATEGIES LLC,DIRECT MAIL: PRINTING AND POSTAGE,2015230,F24,48,True,processed,G2026,G2026,SE.1182553.2,2026-09-25,https://docquery.fec.gov/cgi-bin/forms/C00960435/2015230/,https://docquery.fec.gov/cgi-bin/fecimg/?202609259908418934
No Going Back PAC,C00960435,R,NH-SEN,"SUNUNU, JOHN E.",S6NH00208,REP,S,NH,00,S,22285.94,2026-09-21,2026-09-23,2026-09-23,dissemination,2026-09-21,WHISTLESTOP STRATEGIES LLC,DIRECT MAIL: PRINTING AND POSTAGE,2015230,F24,48,True,processed,G2026,G2026,SE.1182553.1,2026-09-25,https://docquery.fec.gov/cgi-bin/forms/C00960435/2015230/,https://docquery.fec.gov/cgi-bin/fecimg/?202609259908418933
No Going Back PAC,C00960435,R,NH-SEN,"PAPPAS, CHRIS",S6NH00141,DEM,S,NH,00,O,856449.5,2026-09-18,2026-09-23,2026-09-23,dissemination,2026-09-21,"MHB MEDIA, INC",PLACED MEDIA: TV AND CONNECTED TV,2015230,F24,48,True,processed,G2026,G2026,SE.1182495.2,2026-09-25,https://docquery.fec.gov/cgi-bin/forms/C00960435/2015230/,https://docquery.fec.gov/cgi-bin/fecimg/?202609259908418949
No Going Back PAC,C00960435,R,NH-SEN,"SUNUNU, JOHN E.",S6NH00208,REP,S,NH,00,S,856449.5,2026-09-18,2026-09-23,2026-09-23,dissemination,2026-09-21,"MHB MEDIA, INC",PLACED MEDIA: TV AND CONNECTED TV,2015230,F24,48,True,processed,G2026,G2026,SE.1182495.1,2026-09-25,https://docquery.fec.gov/cgi-bin/forms/C00960435/2015230/,https://docquery.fec.gov/cgi-bin/fecimg/?202609259908418948
No Going Back PAC,C00960435,R,NJ-09,"POU, NELIDA",H4NJ09194,DEM,H,NJ,09,O,18625.81,2026-09-21,2026-09-23,2026-09-23,dissemination,2026-09-21,WHISTLESTOP STRATEGIES LLC,DIRECT MAIL: PRINTING AND POSTAGE,2015230,F24,48,True,processed,G2026,G2026,SE.1182552.2,2026-09-25,https://docquery.fec.gov/cgi-bin/forms/C00960435/2015230/,https://docquery.fec.gov/cgi-bin/fecimg/?202609259908418932
No Going Back PAC,C00960435,R,NJ-09,"PINO, ROSEMARY",H6NJ09264,REP,H,NJ,09,S,18625.8,2026-09-21,2026-09-23,2026-09-23,dissemination,2026-09-21,WHISTLESTOP STRATEGIES LLC,DIRECT MAIL: PRINTING AND POSTAGE,2015230,F24,48,True,processed,G2026,G2026,SE.1182552.1,2026-09-25,https://docquery.fec.gov/cgi-bin/forms/C00960435/2015230/,https://docquery.fec.gov/cgi-bin/fecimg/?202609259908418931
No Going Back PAC,C00960435,R,NM-02,"VASQUEZ, GABRIEL",H2NM02191,DEM,H,NM,02,O,235375.0,2026-09-21,2026-09-23,2026-09-23,dissemination,2026-09-21,"MHB MEDIA, INC",PLACED MEDIA: TV AND CONNECTED TV,2015230,F24,48,True,processed,G2026,G2026,SE.1182539,2026-09-25,https://docquery.fec.gov/cgi-bin/forms/C00960435/2015230/,https://docquery.fec.gov/cgi-bin/fecimg/?202609259908418943
No Going Back PAC,C00960435,R,NY-03,"SUOZZI, THOMAS",H6NY03247,DEM,H,NY,03,O,7785.15,2026-09-21,2026-09-23,2026-09-23,dissemination,2026-09-21,OPTIMATES LLC,TEXT MESSAGES,2015230,F24,48,True,processed,G2026,G2026,SE.1183013,2026-09-25,https://docquery.fec.gov/cgi-bin/forms/C00960435/2015230/,https://docquery.fec.gov/cgi-bin/fecimg/?202609259908418957
No Going Back PAC,C00960435,R,NY-03,"SUOZZI, THOMAS",H6NY03247,DEM,H,NY,03,O,1314027.0,2026-09-21,2026-09-23,2026-09-23,dissemination,2026-09-21,"MHB MEDIA, INC",PLACED MEDIA: TV AND CONNECTED TV,2015230,F24,48,True,processed,G2026,G2026,SE.1182540.2,2026-09-25,https://docquery.fec.gov/cgi-bin/forms/C00960435/2015230/,https://docquery.fec.gov/cgi-bin/fecimg/?202609259908418949
No Going Back PAC,C00960435,R,NY-03,"LIPETRI, MIKE",H0NY02267,REP,H,NY,03,S,657012.0,2026-09-21,2026-09-23,2026-09-23,dissemination,2026-09-21,"MHB MEDIA, INC",PLACED MEDIA: TV AND CONNECTED TV,2015230,F24,48,True,processed,G2026,G2026,SE.1182540.1,2026-09-25,https://docquery.fec.gov/cgi-bin/forms/C00960435/2015230/,https://docquery.fec.gov/cgi-bin/fecimg/?202609259908418948
No Going Back PAC,C00960435,R,NY-03,"SUOZZI, THOMAS",H6NY03247,DEM,H,NY,03,O,105066.74,2026-09-21,2026-09-23,2026-09-23,dissemination,2026-09-21,OPTIMATES LLC,DIRECT MAIL: PRINTING AND POSTAGE,2015230,F24,48,True,processed,G2026,G2026,SE.1182666,2026-09-25,https://docquery.fec.gov/cgi-bin/forms/C00960435/2015230/,https://docquery.fec.gov/cgi-bin/fecimg/?202609259908418937
No Going Back PAC,C00960435,R,OH-10,"TURNER, MICHAEL R REP.",H2OH03067,REP,H,OH,10,S,54555.0,2026-09-18,2026-09-23,2026-09-23,dissemination,2026-09-21,PT STRATEGY LLC,DIRECT MAIL: PRINTING AND POSTAGE,2015230,F24,48,True,processed,G2026,G2026,SE.1182039.1,2026-09-25,https://docquery.fec.gov/cgi-bin/forms/C00960435/2015230/,https://docquery.fec.gov/cgi-bin/fecimg/?202609259908418932
No Going Back PAC,C00960435,R,OH-10,"KNICKERBOCKER, KRISTINA",H6OH10121,DEM,H,OH,10,O,18185.0,2026-09-18,2026-09-23,2026-09-23,dissemination,2026-09-21,PT STRATEGY LLC,DIRECT MAIL: PRINTING AND POSTAGE,2015230,F24,48,True,processed,G2026,G2026,SE.1182039.3,2026-09-25,https://docquery.fec.gov/cgi-bin/forms/C00960435/2015230/,https://docquery.fec.gov/cgi-bin/fecimg/?202609259908418931
No Going Back PAC,C00960435,R,OH-15,"CAREY, MIKE",H2OH15228,REP,H,OH,15,S,5133.66,2026-09-21,2026-09-23,2026-09-23,dissemination,2026-09-21,OPTIMATES LLC,TEXT MESSAGES,2015230,F24,48,True,processed,G2026,G2026,SE.1183016,2026-09-25,https://docquery.fec.gov/cgi-bin/forms/C00960435/2015230/,https://docquery.fec.gov/cgi-bin/fecimg/?202609259908418957
No Going Back PAC,C00960435,R,OH-15,"CAREY, MIKE",H2OH15228,REP,H,OH,15,S,87526.23,2026-09-21,2026-09-23,2026-09-23,dissemination,2026-09-21,OPTIMATES LLC,DIRECT MAIL: PRINTING AND POSTAGE,2015230,F24,48,True,processed,G2026,G2026,SE.1182822,2026-09-25,https://docquery.fec.gov/cgi-bin/forms/C00960435/2015230/,https://docquery.fec.gov/cgi-bin/fecimg/?202609259908418936
No Going Back PAC,C00960435,R,OH-SEN,"BROWN, SHERROD",S6OH00163,DEM,S,OH,00,O,2466322.5,2026-09-21,2026-09-23,2026-09-23,dissemination,2026-09-21,DEL RAY MEDIA LLC,PLACED MEDIA: TV AND CONNECTED TV,2015230,F24,48,True,processed,S2026,S2026 special on general ballot,SE.1182560.2,2026-09-25,https://docquery.fec.gov/cgi-bin/forms/C00960435/2015230/,https://docquery.fec.gov/cgi-bin/fecimg/?202609259908418952
No Going Back PAC,C00960435,R,OH-SEN,"HUSTED, JON",S6OH00304,REP,S,OH,00,S,2466322.5,2026-09-21,2026-09-23,2026-09-23,dissemination,2026-09-21,DEL RAY MEDIA LLC,PLACED MEDIA: TV AND CONNECTED TV,2015230,F24,48,True,processed,S2026,S2026 special on general ballot,SE.1182560.1,2026-09-25,https://docquery.fec.gov/cgi-bin/forms/C00960435/2015230/,https://docquery.fec.gov/cgi-bin/fecimg/?202609259908418951
No Going Back PAC,C00960435,R,SC-01,"LACORE, NANCY",H6SC01359,DEM,H,SC,01,O,28067.97,2026-09-21,2026-09-23,2026-09-23,dissemination,2026-09-21,WHISTLESTOP STRATEGIES LLC,DIRECT MAIL: PRINTING AND POSTAGE,2015230,F24,48,True,processed,G2026,G2026,SE.1182554.2,2026-09-25,https://docquery.fec.gov/cgi-bin/forms/C00960435/2015230/,https://docquery.fec.gov/cgi-bin/fecimg/?202609259908418934
No Going Back PAC,C00960435,R,SC-01,"HONEYCUTT, JENNY COSTA",H6SC01334,REP,H,SC,01,S,28067.97,2026-09-21,2026-09-23,2026-09-23,dissemination,2026-09-21,WHISTLESTOP STRATEGIES LLC,DIRECT MAIL: PRINTING AND POSTAGE,2015230,F24,48,True,processed,G2026,G2026,SE.1182554.1,2026-09-25,https://docquery.fec.gov/cgi-bin/forms/C00960435/2015230/,https://docquery.fec.gov/cgi-bin/fecimg/?202609259908418933
No Going Back PAC,C00960435,R,TX-09,"GUTIERREZ, LETICIA",H6TX09231,DEM,H,TX,09,O,1544.08,2026-09-24,2026-09-23,2026-09-23,dissemination,2026-09-21,CALIBER CONTACT,TEXT MESSAGES,2015230,F24,48,True,processed,G2026,G2026,SE.1184204,2026-09-25,https://docquery.fec.gov/cgi-bin/forms/C00960435/2015230/,https://docquery.fec.gov/cgi-bin/fecimg/?202609259908418955
No Going Back PAC,C00960435,R,TX-15,"PULIDO, BOBBY",H6TX15246,DEM,H,TX,15,O,761.36,2026-09-24,2026-09-23,2026-09-23,dissemination,2026-09-21,CALIBER CONTACT,TEXT MESSAGES,2015230,F24,48,True,processed,G2026,G2026,SE.1184162,2026-09-25,https://docquery.fec.gov/cgi-bin/forms/C00960435/2015230/,https://docquery.fec.gov/cgi-bin/fecimg/?202609259908418953
No Going Back PAC,C00960435,R,TX-15,"PULIDO, BOBBY",H6TX15246,DEM,H,TX,15,O,566333.0,2026-09-21,2026-09-23,2026-09-23,dissemination,2026-09-21,DEL RAY MEDIA LLC,PLACED MEDIA: TV AND CONNECTED TV,2015230,F24,48,True,processed,G2026,G2026,SE.1182566,2026-09-25,https://docquery.fec.gov/cgi-bin/forms/C00960435/2015230/,https://docquery.fec.gov/cgi-bin/fecimg/?202609259908418939
No Going Back PAC,C00960435,R,TX-34,"GONZALEZ, VICENTE",H6TX15162,DEM,H,TX,34,O,273125.0,2026-09-21,2026-09-23,2026-09-23,dissemination,2026-09-21,DEL RAY MEDIA LLC,PLACED MEDIA: TV AND CONNECTED TV,2015230,F24,48,True,processed,G2026,G2026,SE.1182558,2026-09-25,https://docquery.fec.gov/cgi-bin/forms/C00960435/2015230/,https://docquery.fec.gov/cgi-bin/fecimg/?202609259908418953
No Going Back PAC,C00960435,R,TX-35,"GARCIA, JOHNNY",H6TX35095,DEM,H,TX,35,O,917.32,2026-09-24,2026-09-23,2026-09-23,dissemination,2026-09-21,CALIBER CONTACT,TEXT MESSAGES,2015230,F24,48,True,processed,G2026,G2026,SE.1184210,2026-09-25,https://docquery.fec.gov/cgi-bin/forms/C00960435/2015230/,https://docquery.fec.gov/cgi-bin/fecimg/?202609259908418954
No Going Back PAC,C00960435,R,TX-35,"DE LA CRUZ, CARLOS JR.",H6TX35087,REP,H,TX,35,S,16163.91,2026-09-23,2026-09-23,2026-09-23,dissemination,2026-09-21,CALIBER CONTACT,DIRECT MAIL: PRINTING AND POSTAGE,2015230,F24,48,True,processed,G2026,G2026,SE.1183597.1,2026-09-25,https://docquery.fec.gov/cgi-bin/forms/C00960435/2015230/,https://docquery.fec.gov/cgi-bin/fecimg/?202609259908418930
No Going Back PAC,C00960435,R,TX-35,"GARCIA, JOHNNY",H6TX35095,DEM,H,TX,35,O,16163.9,2026-09-23,2026-09-23,2026-09-23,dissemination,2026-09-21,CALIBER CONTACT,DIRECT MAIL: PRINTING AND POSTAGE,2015230,F24,48,True,processed,G2026,G2026,SE.1183597.2,2026-09-25,https://docquery.fec.gov/cgi-bin/forms/C00960435/2015230/,https://docquery.fec.gov/cgi-bin/fecimg/?202609259908418929
No Going Back PAC,C00960435,R,TX-35,"DE LA CRUZ, CARLOS JR.",H6TX35087,REP,H,TX,35,S,375190.5,2026-09-21,2026-09-23,2026-09-23,dissemination,2026-09-21,DEL RAY MEDIA LLC,PLACED MEDIA: TV AND CONNECTED TV,2015230,F24,48,True,processed,G2026,G2026,SE.1182561.2,2026-09-25,https://docquery.fec.gov/cgi-bin/forms/C00960435/2015230/,https://docquery.fec.gov/cgi-bin/fecimg/?202609259908418945
No Going Back PAC,C00960435,R,TX-35,"GARCIA, JOHNNY",H6TX35095,DEM,H,TX,35,O,375190.5,2026-09-21,2026-09-23,2026-09-23,dissemination,2026-09-21,DEL RAY MEDIA LLC,PLACED MEDIA: TV AND CONNECTED TV,2015230,F24,48,True,processed,G2026,G2026,SE.1182561.1,2026-09-25,https://docquery.fec.gov/cgi-bin/forms/C00960435/2015230/,https://docquery.fec.gov/cgi-bin/fecimg/?202609259908418944
No Going Back PAC,C00960435,R,WA-03,"GLUESENKAMP PEREZ, MARIE",H2WA03217,DEM,H,WA,03,O,551250.0,2026-09-21,2026-09-23,2026-09-23,dissemination,2026-09-21,"MHB MEDIA, INC",PLACED MEDIA: TV AND CONNECTED TV,2015230,F24,48,True,processed,G2026,G2026,SE.1182541,2026-09-25,https://docquery.fec.gov/cgi-bin/forms/C00960435/2015230/,https://docquery.fec.gov/cgi-bin/fecimg/?202609259908418946
SLF,C00571703,R,AK-SEN,"PELTOLA, MARY",S6AK00276,DEM,S,AK,00,O,2125.06,2026-09-23,2026-09-23,2026-09-23,dissemination,2026-09-21,FCG MEDIA STRATEGIES LLC,TEXT MESSAGING,2015242,F24,48,True,processed,G2026,G2026,SE.3,2026-09-25,https://docquery.fec.gov/cgi-bin/forms/C00571703/2015242/,https://docquery.fec.gov/cgi-bin/fecimg/?202609259908419039
SLF,C00571703,R,AK-SEN,"PELTOLA, MARY",S6AK00276,DEM,S,AK,00,O,450000.0,2026-09-22,2026-09-23,2026-09-23,dissemination,2026-09-21,FLEXPOINT MEDIA,MEDIA PLACEMENT,2015242,F24,48,True,processed,G2026,G2026,SE.2,2026-09-25,https://docquery.fec.gov/cgi-bin/forms/C00571703/2015242/,https://docquery.fec.gov/cgi-bin/fecimg/?202609259908419038
SLF,C00571703,R,AK-SEN,"PELTOLA, MARY",S6AK00276,DEM,S,AK,00,O,829410.96,2026-09-21,2026-09-23,2026-09-23,dissemination,2026-09-21,FLEXPOINT MEDIA,MEDIA PLACEMENT,2015242,F24,48,True,processed,G2026,G2026,SE.1,2026-09-25,https://docquery.fec.gov/cgi-bin/forms/C00571703/2015242/,https://docquery.fec.gov/cgi-bin/fecimg/?202609259908419038
SLF,C00571703,R,FL-SEN,"MOODY, ASHLEY",S6FL00640,REP,S,FL,00,S,30000.0,2026-09-22,2026-09-23,2026-09-23,dissemination,2026-09-21,FINANCE STRATEGIES GROUP LLC,TEXT MESSAGING,2015242,F24,48,True,processed,G2026,G2026,SE.4,2026-09-25,https://docquery.fec.gov/cgi-bin/forms/C00571703/2015242/,https://docquery.fec.gov/cgi-bin/fecimg/?202609259908419039
SLF,C00571703,R,IA-SEN,"TUREK, JOSHUA",S6IA00298,DEM,S,IA,00,O,3288.08,2026-09-23,2026-09-23,2026-09-23,dissemination,2026-09-21,FCG MEDIA STRATEGIES LLC,TEXT MESSAGING,2015242,F24,48,True,processed,G2026,G2026,SE.8,2026-09-25,https://docquery.fec.gov/cgi-bin/forms/C00571703/2015242/,https://docquery.fec.gov/cgi-bin/fecimg/?202609259908419046
SLF,C00571703,R,IA-SEN,"TUREK, JOSHUA",S6IA00298,DEM,S,IA,00,O,1175000.0,2026-09-23,2026-09-23,2026-09-23,dissemination,2026-09-21,MAJORITY STRATEGIES LLC,MEDIA PLACEMENT,2015242,F24,48,True,processed,G2026,G2026,SE.6,2026-09-25,https://docquery.fec.gov/cgi-bin/forms/C00571703/2015242/,https://docquery.fec.gov/cgi-bin/fecimg/?202609259908419040
SLF,C00571703,R,IA-SEN,"TUREK, JOSHUA",S6IA00298,DEM,S,IA,00,O,3293059.34,2026-09-21,2026-09-23,2026-09-23,dissemination,2026-09-21,FLEXPOINT MEDIA,MEDIA PLACEMENT,2015242,F24,48,True,processed,G2026,G2026,SE.5,2026-09-25,https://docquery.fec.gov/cgi-bin/forms/C00571703/2015242/,https://docquery.fec.gov/cgi-bin/fecimg/?202609259908419040
SLF,C00571703,R,IA-SEN,"TUREK, JOSHUA",S6IA00298,DEM,S,IA,00,O,152243.35,2026-09-18,2026-09-23,2026-09-23,dissemination,2026-09-21,KAP PRINT LLC,POSTAGE / PRINTING / PRODUCTION,2015242,F24,48,True,processed,G2026,G2026,SE.7,2026-09-25,https://docquery.fec.gov/cgi-bin/forms/C00571703/2015242/,https://docquery.fec.gov/cgi-bin/fecimg/?202609259908419046
SLF,C00571703,R,ME-SEN,"JACKSON, TROY DALE",S6ME00464,DEM,S,ME,00,O,1335.88,2026-09-23,2026-09-23,2026-09-23,dissemination,2026-09-21,FCG MEDIA STRATEGIES LLC,TEXT MESSAGING,2015242,F24,48,True,processed,G2026,G2026,SE.11,2026-09-25,https://docquery.fec.gov/cgi-bin/forms/C00571703/2015242/,https://docquery.fec.gov/cgi-bin/fecimg/?202609259908419048
SLF,C00571703,R,ME-SEN,"JACKSON, TROY DALE",S6ME00464,DEM,S,ME,00,O,625000.0,2026-09-22,2026-09-23,2026-09-23,dissemination,2026-09-21,ALAMO INTELLIGENCE LLC,MEDIA PLACEMENT,2015242,F24,48,True,processed,G2026,G2026,SE.10,2026-09-25,https://docquery.fec.gov/cgi-bin/forms/C00571703/2015242/,https://docquery.fec.gov/cgi-bin/fecimg/?202609259908419047
SLF,C00571703,R,ME-SEN,"JACKSON, TROY DALE",S6ME00464,DEM,S,ME,00,O,1986823.21,2026-09-21,2026-09-23,2026-09-23,dissemination,2026-09-21,MHB MEDIA INC,MEDIA PLACEMENT,2015242,F24,48,True,processed,G2026,G2026,SE.9,2026-09-25,https://docquery.fec.gov/cgi-bin/forms/C00571703/2015242/,https://docquery.fec.gov/cgi-bin/fecimg/?202609259908419047
SLF,C00571703,R,MI-SEN,"EL-SAYED, ABDUL",S6MI00418,DEM,S,MI,00,O,1000000.0,2026-09-23,2026-09-23,2026-09-23,dissemination,2026-09-21,MAJORITY STRATEGIES LLC,MEDIA PLACEMENT,2015242,F24,48,True,processed,G2026,G2026,SE.12,2026-09-25,https://docquery.fec.gov/cgi-bin/forms/C00571703/2015242/,https://docquery.fec.gov/cgi-bin/fecimg/?202609259908419048
SLF,C00571703,R,MI-SEN,"EL-SAYED, ABDUL",S6MI00418,DEM,S,MI,00,O,8415.09,2026-09-23,2026-09-23,2026-09-23,dissemination,2026-09-21,FCG MEDIA STRATEGIES LLC,TEXT MESSAGING,2015242,F24,48,True,processed,G2026,G2026,SE.13,2026-09-25,https://docquery.fec.gov/cgi-bin/forms/C00571703/2015242/,https://docquery.fec.gov/cgi-bin/fecimg/?202609259908419043
SLF,C00571703,R,NC-SEN,"COOPER, ROY",S6NC00407,DEM,S,NC,00,O,350000.0,2026-09-22,2026-09-23,2026-09-23,dissemination,2026-09-21,FLEXPOINT MEDIA,MEDIA PLACEMENT,2015242,F24,48,True,processed,G2026,G2026,SE.15,2026-09-25,https://docquery.fec.gov/cgi-bin/forms/C00571703/2015242/,https://docquery.fec.gov/cgi-bin/fecimg/?202609259908419044
SLF,C00571703,R,NC-SEN,"COOPER, ROY",S6NC00407,DEM,S,NC,00,O,2195803.59,2026-09-21,2026-09-23,2026-09-23,dissemination,2026-09-21,FLEXPOINT MEDIA,MEDIA PLACEMENT,2015242,F24,48,True,processed,G2026,G2026,SE.14,2026-09-25,https://docquery.fec.gov/cgi-bin/forms/C00571703/2015242/,https://docquery.fec.gov/cgi-bin/fecimg/?202609259908419043
SLF,C00571703,R,NH-SEN,"PAPPAS, CHRIS",S6NH00141,DEM,S,NH,00,O,2240.42,2026-09-23,2026-09-23,2026-09-23,dissemination,2026-09-21,FCG MEDIA STRATEGIES LLC,TEXT MESSAGING,2015242,F24,48,True,processed,G2026,G2026,SE.18,2026-09-25,https://docquery.fec.gov/cgi-bin/forms/C00571703/2015242/,https://docquery.fec.gov/cgi-bin/fecimg/?202609259908419045
SLF,C00571703,R,NH-SEN,"PAPPAS, CHRIS",S6NH00141,DEM,S,NH,00,O,1360543.44,2026-09-22,2026-09-23,2026-09-23,dissemination,2026-09-21,FLEXPOINT MEDIA,MEDIA PLACEMENT,2015242,F24,48,True,processed,G2026,G2026,SE.16,2026-09-25,https://docquery.fec.gov/cgi-bin/forms/C00571703/2015242/,https://docquery.fec.gov/cgi-bin/fecimg/?202609259908419044
SLF,C00571703,R,NH-SEN,"PAPPAS, CHRIS",S6NH00141,DEM,S,NH,00,O,90074.68,2026-09-18,2026-09-23,2026-09-23,dissemination,2026-09-21,MAJORITY STRATEGIES LLC,POSTAGE / PRINTING / PRODUCTION,2015242,F24,48,True,processed,G2026,G2026,SE.17,2026-09-25,https://docquery.fec.gov/cgi-bin/forms/C00571703/2015242/,https://docquery.fec.gov/cgi-bin/fecimg/?202609259908419045
SLF,C00571703,R,OH-SEN,"BROWN, SHERROD",S6OH00163,DEM,S,OH,00,O,14072.14,2026-09-23,2026-09-23,2026-09-23,dissemination,2026-09-21,FCG MEDIA STRATEGIES LLC,TEXT MESSAGING,2015242,F24,48,True,processed,G2026,G2026,SE.22,2026-09-25,https://docquery.fec.gov/cgi-bin/forms/C00571703/2015242/,https://docquery.fec.gov/cgi-bin/fecimg/?202609259908419042
SLF,C00571703,R,OH-SEN,"BROWN, SHERROD",S6OH00163,DEM,S,OH,00,O,2250000.0,2026-09-22,2026-09-23,2026-09-23,dissemination,2026-09-21,GEN2 SOLUTIONS LLC,MEDIA PLACEMENT,2015242,F24,48,True,processed,G2026,G2026,SE.20,2026-09-25,https://docquery.fec.gov/cgi-bin/forms/C00571703/2015242/,https://docquery.fec.gov/cgi-bin/fecimg/?202609259908419041
SLF,C00571703,R,OH-SEN,"BROWN, SHERROD",S6OH00163,DEM,S,OH,00,O,7225268.33,2026-09-21,2026-09-23,2026-09-23,dissemination,2026-09-21,FLEXPOINT MEDIA,MEDIA PLACEMENT,2015242,F24,48,True,processed,G2026,G2026,SE.19,2026-09-25,https://docquery.fec.gov/cgi-bin/forms/C00571703/2015242/,https://docquery.fec.gov/cgi-bin/fecimg/?202609259908419041
SLF,C00571703,R,OH-SEN,"BROWN, SHERROD",S6OH00163,DEM,S,OH,00,O,541802.11,2026-09-18,2026-09-23,2026-09-23,dissemination,2026-09-21,WHISTLESTOP STRATEGIES LLC,POSTAGE / PRINTING / PRODUCTION,2015242,F24,48,True,processed,G2026,G2026,SE.21,2026-09-25,https://docquery.fec.gov/cgi-bin/forms/C00571703/2015242/,https://docquery.fec.gov/cgi-bin/fecimg/?202609259908419042
CLF,C00504530,R,NM-02,"VASQUEZ, GABRIEL",H2NM02191,DEM,H,NM,02,O,38234.87,2026-09-24,2026-09-24,2026-09-24,dissemination,2026-09-21,ONMESSAGE INC.,MEDIA PRODUCTION,2015298,F24,48,True,processed,G2026,G2026,SE24.5911,2026-09-26,https://docquery.fec.gov/cgi-bin/forms/C00504530/2015298/,https://docquery.fec.gov/cgi-bin/fecimg/?202609269908419643
CLF,C00504530,R,NM-02,"VASQUEZ, GABRIEL",,,H,NM,02,O,13000.0,2026-09-24,2026-09-24,2026-09-24,dissemination,2026-09-21,ONMESSAGE INC.,MEDIA PRODUCTION,2015298,F24,48,True,processed,G2026,G2026,SE24.4868,2026-09-26,https://docquery.fec.gov/cgi-bin/forms/C00504530/2015298/,https://docquery.fec.gov/cgi-bin/fecimg/?202609269908419643
HMP,C00495028,D,CA-48,"DESMOND, JIM",H6CA49128,REP,H,CA,48,O,24500.0,2026-09-24,2026-09-24,2026-09-24,dissemination,2026-09-21,SOLIDARITY STRATEGIES LLC,MEDIA PRODUCTION - ESTIMATE,2015189,F24,48,True,processed,G2026,G2026,500681581,2026-09-25,https://docquery.fec.gov/cgi-bin/forms/C00495028/2015189/,https://docquery.fec.gov/cgi-bin/fecimg/?202609259908418607
HMP,C00495028,D,NM-02,"CUNNINGHAM, GREG",H6NM02127,REP,H,NM,02,O,81667.0,2026-09-24,2026-09-24,2026-09-24,dissemination,2026-09-21,UPLIFT CAMPAIGNS,DIGITAL ADVERTISING AND PRODUCTION - ESTIMATE,2015189,F24,48,True,processed,G2026,G2026,500681585,2026-09-25,https://docquery.fec.gov/cgi-bin/forms/C00495028/2015189/,https://docquery.fec.gov/cgi-bin/fecimg/?202609259908418611
HMP,C00495028,D,NM-02,"CUNNINGHAM, GREG",H6NM02127,REP,H,NM,02,O,15000.0,2026-09-24,2026-09-24,2026-09-24,dissemination,2026-09-21,SOLIDARITY STRATEGIES LLC,MEDIA PRODUCTION - ESTIMATE,2015189,F24,48,True,processed,G2026,G2026,500681737,2026-09-25,https://docquery.fec.gov/cgi-bin/forms/C00495028/2015189/,https://docquery.fec.gov/cgi-bin/fecimg/?202609259908418608
HMP,C00495028,D,OH-09,"MERRIN, DEREK",H4OH09169,REP,H,OH,09,O,22615.8,2026-09-24,2026-09-24,2026-09-24,dissemination,2026-09-21,MOORE CAMPAIGNS,DIRECT MAIL - ESTIMATE,2015189,F24,48,True,processed,G2026,G2026,500681569,2026-09-25,https://docquery.fec.gov/cgi-bin/forms/C00495028/2015189/,https://docquery.fec.gov/cgi-bin/fecimg/?202609259908418604
HMP,C00495028,D,OH-15,"CAREY, MIKE",H2OH15228,REP,H,OH,15,O,43814.5,2026-09-24,2026-09-24,2026-09-24,dissemination,2026-09-21,DELIVER STRATEGIES LLC,DIRECT MAIL - ESTIMATE,2015189,F24,48,True,processed,G2026,G2026,500681564,2026-09-25,https://docquery.fec.gov/cgi-bin/forms/C00495028/2015189/,https://docquery.fec.gov/cgi-bin/fecimg/?202609259908418602
HMP,C00495028,D,PA-07,"MACKENZIE, RYAN E.",H8PA15195,REP,H,PA,07,O,32626.32,2026-09-24,2026-09-24,2026-09-24,dissemination,2026-09-21,"MISSION CONTROL, INC.",DIRECT MAIL - ESTIMATE,2015189,F24,48,True,processed,G2026,G2026,500681568,2026-09-25,https://docquery.fec.gov/cgi-bin/forms/C00495028/2015189/,https://docquery.fec.gov/cgi-bin/fecimg/?202609259908418604
HMP,C00495028,D,PA-08,"BRESNAHAN, ROB",H4PA08124,REP,H,PA,08,O,52604.12,2026-09-24,2026-09-24,2026-09-24,dissemination,2026-09-21,MOORE CAMPAIGNS,DIRECT MAIL - ESTIMATE,2015189,F24,48,True,processed,G2026,G2026,500681570,2026-09-25,https://docquery.fec.gov/cgi-bin/forms/C00495028/2015189/,https://docquery.fec.gov/cgi-bin/fecimg/?202609259908418605
No Going Back PAC,C00960435,R,AK-SEN,"PELTOLA, MARY",S6AK00276,DEM,S,AK,00,O,648.92,2026-09-25,2026-09-24,2026-09-24,dissemination,2026-09-21,CALIBER CONTACT,TEXT MESSAGES,2015290,F24,48,True,processed,G2026,G2026,SE.1184725,2026-09-26,https://docquery.fec.gov/cgi-bin/forms/C00960435/2015290/,https://docquery.fec.gov/cgi-bin/fecimg/?202609269908419608
No Going Back PAC,C00960435,R,AZ-01,"FEELY, THOMAS JAMES",H6AZ05190,REP,H,AZ,01,S,8259.84,2026-09-24,2026-09-24,2026-09-24,dissemination,2026-09-21,ELECTORAL COMMUNICATIONS GROUP LLC,DIRECT MAIL: PRINTING AND POSTAGE,2015290,F24,48,True,processed,G2026,G2026,SE.1184140.2,2026-09-26,https://docquery.fec.gov/cgi-bin/forms/C00960435/2015290/,https://docquery.fec.gov/cgi-bin/fecimg/?202609269908419572
No Going Back PAC,C00960435,R,AZ-01,"SHAH, AMISH DR.",H4AZ01194,DEM,H,AZ,01,O,12389.76,2026-09-24,2026-09-24,2026-09-24,dissemination,2026-09-21,ELECTORAL COMMUNICATIONS GROUP LLC,DIRECT MAIL: PRINTING AND POSTAGE,2015290,F24,48,True,processed,G2026,G2026,SE.1184140.1,2026-09-26,https://docquery.fec.gov/cgi-bin/forms/C00960435/2015290/,https://docquery.fec.gov/cgi-bin/fecimg/?202609269908419571
No Going Back PAC,C00960435,R,AZ-06,"MENDOZA, JOANNA",H6AZ06099,DEM,H,AZ,06,O,954.12,2026-09-22,2026-09-24,2026-09-24,dissemination,2026-09-21,CREATIVE DIRECT,TEXT MESSAGES,2015290,F24,48,True,processed,G2026,G2026,SE.1183472,2026-09-26,https://docquery.fec.gov/cgi-bin/forms/C00960435/2015290/,https://docquery.fec.gov/cgi-bin/fecimg/?202609269908419588
No Going Back PAC,C00960435,R,CA-13,"GRAY, ADAM C.",H2CA13115,DEM,H,CA,13,O,6381.88,2026-09-18,2026-09-24,2026-09-24,dissemination,2026-09-21,OPTIMATES LLC,DIRECT MAIL: PRINTING AND POSTAGE,2015290,F24,48,True,processed,G2026,G2026,SE.1182364.2,2026-09-26,https://docquery.fec.gov/cgi-bin/forms/C00960435/2015290/,https://docquery.fec.gov/cgi-bin/fecimg/?202609269908419581
No Going Back PAC,C00960435,R,CA-13,"LINCOLN, KEVIN J II",H4CA09093,REP,H,CA,13,S,6381.88,2026-09-18,2026-09-24,2026-09-24,dissemination,2026-09-21,OPTIMATES LLC,DIRECT MAIL: PRINTING AND POSTAGE,2015290,F24,48,True,processed,G2026,G2026,SE.1182364.1,2026-09-26,https://docquery.fec.gov/cgi-bin/forms/C00960435/2015290/,https://docquery.fec.gov/cgi-bin/fecimg/?202609269908419580
No Going Back PAC,C00960435,R,FL-09,"SOTO, DARREN",H6FL09179,DEM,H,FL,09,O,1301.6,2026-09-25,2026-09-24,2026-09-24,dissemination,2026-09-21,CALIBER CONTACT,TEXT MESSAGES,2015290,F24,48,True,processed,G2026,G2026,SE.1184458,2026-09-26,https://docquery.fec.gov/cgi-bin/forms/C00960435/2015290/,https://docquery.fec.gov/cgi-bin/fecimg/?202609269908419606
No Going Back PAC,C00960435,R,FL-14,"CASTOR, KATHY",H6FL11126,DEM,H,FL,14,O,2297.0,2026-09-25,2026-09-24,2026-09-24,dissemination,2026-09-21,CALIBER CONTACT,TEXT MESSAGES,2015290,F24,48,True,processed,G2026,G2026,SE.1184467,2026-09-26,https://docquery.fec.gov/cgi-bin/forms/C00960435/2015290/,https://docquery.fec.gov/cgi-bin/fecimg/?202609269908419575
No Going Back PAC,C00960435,R,FL-25,"MOSKOWITZ, JARED",H2FL22171,DEM,H,FL,25,O,20832.13,2026-09-23,2026-09-24,2026-09-24,dissemination,2026-09-21,WHISTLESTOP STRATEGIES LLC,DIRECT MAIL: PRINTING AND POSTAGE,2015290,F24,48,True,processed,G2026,G2026,SE.1183712.2,2026-09-26,https://docquery.fec.gov/cgi-bin/forms/C00960435/2015290/,https://docquery.fec.gov/cgi-bin/fecimg/?202609269908419594
No Going Back PAC,C00960435,R,FL-25,"SINGER, SCOTT M.",H6FL23188,REP,H,FL,25,S,20832.13,2026-09-23,2026-09-24,2026-09-24,dissemination,2026-09-21,WHISTLESTOP STRATEGIES LLC,DIRECT MAIL: PRINTING AND POSTAGE,2015290,F24,48,True,processed,G2026,G2026,SE.1183712.1,2026-09-26,https://docquery.fec.gov/cgi-bin/forms/C00960435/2015290/,https://docquery.fec.gov/cgi-bin/fecimg/?202609269908419592
No Going Back PAC,C00960435,R,GA-SEN,"OSSOFF, T. JONATHAN",S8GA00180,DEM,S,GA,00,O,166843.87,2026-09-22,2026-09-24,2026-09-24,dissemination,2026-09-21,WHISTLESTOP STRATEGIES LLC,DIRECT MAIL: PRINTING AND POSTAGE,2015290,F24,48,True,processed,G2026,G2026,SE.1183231.2,2026-09-26,https://docquery.fec.gov/cgi-bin/forms/C00960435/2015290/,https://docquery.fec.gov/cgi-bin/fecimg/?202609269908419587
No Going Back PAC,C00960435,R,GA-SEN,"COLLINS, MICHAEL A JR",S6GA00390,REP,S,GA,00,S,166843.87,2026-09-22,2026-09-24,2026-09-24,dissemination,2026-09-21,WHISTLESTOP STRATEGIES LLC,DIRECT MAIL: PRINTING AND POSTAGE,2015290,F24,48,True,processed,G2026,G2026,SE.1183231.1,2026-09-26,https://docquery.fec.gov/cgi-bin/forms/C00960435/2015290/,https://docquery.fec.gov/cgi-bin/fecimg/?202609269908419586
No Going Back PAC,C00960435,R,IA-03,"TRONE GARRIOTT, SARAH",H6IA03268,DEM,H,IA,03,O,31808.0,2026-09-18,2026-09-24,2026-09-24,dissemination,2026-09-21,PT STRATEGY LLC,DIRECT MAIL: PRINTING AND POSTAGE,2015290,F24,48,True,processed,G2026,G2026,SE.1182300,2026-09-26,https://docquery.fec.gov/cgi-bin/forms/C00960435/2015290/,https://docquery.fec.gov/cgi-bin/fecimg/?202609269908419576
No Going Back PAC,C00960435,R,MI-07,"LAWRENCE, WILLIAM",H6MI07298,DEM,H,MI,07,O,974.0,2026-09-24,2026-09-24,2026-09-24,dissemination,2026-09-21,"1892, LLC",TEXT MESSAGES,2015290,F24,48,True,processed,G2026,G2026,SE.1184159,2026-09-26,https://docquery.fec.gov/cgi-bin/forms/C00960435/2015290/,https://docquery.fec.gov/cgi-bin/fecimg/?202609269908419572
No Going Back PAC,C00960435,R,MI-08,"MCDONALD RIVET, KRISTEN",H4MI08218,DEM,H,MI,08,O,12925.98,2026-09-22,2026-09-24,2026-09-24,dissemination,2026-09-21,WHISTLESTOP STRATEGIES LLC,DIRECT MAIL: PRINTING AND POSTAGE,2015290,F24,48,True,processed,G2026,G2026,SE.1183180.2,2026-09-26,https://docquery.fec.gov/cgi-bin/forms/C00960435/2015290/,https://docquery.fec.gov/cgi-bin/fecimg/?202609269908419582
No Going Back PAC,C00960435,R,MI-08,"SMITH, THOMAS JAMES MR",H6MI08312,REP,H,MI,08,S,12925.97,2026-09-22,2026-09-24,2026-09-24,dissemination,2026-09-21,WHISTLESTOP STRATEGIES LLC,DIRECT MAIL: PRINTING AND POSTAGE,2015290,F24,48,True,processed,G2026,G2026,SE.1183180.1,2026-09-26,https://docquery.fec.gov/cgi-bin/forms/C00960435/2015290/,https://docquery.fec.gov/cgi-bin/fecimg/?202609269908419582
No Going Back PAC,C00960435,R,MT-01,"FORSTAG, SAMUEL KELLEY",H6MT01137,DEM,H,MT,01,O,840.2,2026-09-25,2026-09-24,2026-09-24,dissemination,2026-09-21,CALIBER CONTACT,TEXT MESSAGES,2015290,F24,48,True,processed,G2026,G2026,SE.1184454,2026-09-26,https://docquery.fec.gov/cgi-bin/forms/C00960435/2015290/,https://docquery.fec.gov/cgi-bin/fecimg/?202609269908419575
No Going Back PAC,C00960435,R,NH-01,"SHAHEEN, STEFANY",H6NH01321,DEM,H,NH,01,O,1560.8,2026-09-23,2026-09-24,2026-09-24,dissemination,2026-09-21,WHISTLESTOP STRATEGIES LLC,TEXT MESSAGES,2015290,F24,48,True,processed,G2026,G2026,SE.1183725,2026-09-26,https://docquery.fec.gov/cgi-bin/forms/C00960435/2015290/,https://docquery.fec.gov/cgi-bin/fecimg/?202609269908419570
No Going Back PAC,C00960435,R,NM-02,"VASQUEZ, GABRIEL",H2NM02191,DEM,H,NM,02,O,19476.66,2026-09-22,2026-09-24,2026-09-24,dissemination,2026-09-21,WHISTLESTOP STRATEGIES LLC,DIRECT MAIL: PRINTING AND POSTAGE,2015290,F24,48,True,processed,G2026,G2026,SE.1183192.2,2026-09-26,https://docquery.fec.gov/cgi-bin/forms/C00960435/2015290/,https://docquery.fec.gov/cgi-bin/fecimg/?202609269908419584
No Going Back PAC,C00960435,R,NM-02,"CUNNINGHAM, GREG",H6NM02127,REP,H,NM,02,S,19476.66,2026-09-22,2026-09-24,2026-09-24,dissemination,2026-09-21,WHISTLESTOP STRATEGIES LLC,DIRECT MAIL: PRINTING AND POSTAGE,2015290,F24,48,True,processed,G2026,G2026,SE.1183192.1,2026-09-26,https://docquery.fec.gov/cgi-bin/forms/C00960435/2015290/,https://docquery.fec.gov/cgi-bin/fecimg/?202609269908419583
No Going Back PAC,C00960435,R,NY-04,"GILLEN, LAURA",H2NY04244,DEM,H,NY,04,O,15236.63,2026-09-22,2026-09-24,2026-09-24,dissemination,2026-09-21,WHISTLESTOP STRATEGIES LLC,DIRECT MAIL: PRINTING AND POSTAGE,2015290,F24,48,True,processed,G2026,G2026,SE.1183194.2,2026-09-26,https://docquery.fec.gov/cgi-bin/forms/C00960435/2015290/,https://docquery.fec.gov/cgi-bin/fecimg/?202609269908419585
No Going Back PAC,C00960435,R,NY-04,"DRISCOLL, JEANINE",H6NY04211,REP,H,NY,04,S,15236.63,2026-09-22,2026-09-24,2026-09-24,dissemination,2026-09-21,WHISTLESTOP STRATEGIES LLC,DIRECT MAIL: PRINTING AND POSTAGE,2015290,F24,48,True,processed,G2026,G2026,SE.1183194.1,2026-09-26,https://docquery.fec.gov/cgi-bin/forms/C00960435/2015290/,https://docquery.fec.gov/cgi-bin/fecimg/?202609269908419583
No Going Back PAC,C00960435,R,NY-17,"CONLEY, CAIT",H6NY17171,DEM,H,NY,17,O,475.32,2026-09-22,2026-09-24,2026-09-24,dissemination,2026-09-21,CREATIVE DIRECT,TEXT MESSAGES,2015290,F24,48,True,processed,G2026,G2026,SE.1183474,2026-09-26,https://docquery.fec.gov/cgi-bin/forms/C00960435/2015290/,https://docquery.fec.gov/cgi-bin/fecimg/?202609269908419589
No Going Back PAC,C00960435,R,OH-01,"LANDSMAN, GREG",H2OH01194,DEM,H,OH,01,O,54765.0,2026-09-18,2026-09-24,2026-09-24,dissemination,2026-09-21,PT STRATEGY LLC,DIRECT MAIL: PRINTING AND POSTAGE,2015290,F24,48,True,processed,G2026,G2026,SE.1182308,2026-09-26,https://docquery.fec.gov/cgi-bin/forms/C00960435/2015290/,https://docquery.fec.gov/cgi-bin/fecimg/?202609269908419578
No Going Back PAC,C00960435,R,OH-09,"MERRIN, DEREK",H4OH09169,REP,H,OH,09,S,17063.0,2026-09-18,2026-09-24,2026-09-24,dissemination,2026-09-21,PT STRATEGY LLC,DIRECT MAIL: PRINTING AND POSTAGE,2015290,F24,48,True,processed,G2026,G2026,SE.1182324.2,2026-09-26,https://docquery.fec.gov/cgi-bin/forms/C00960435/2015290/,https://docquery.fec.gov/cgi-bin/fecimg/?202609269908419579
No Going Back PAC,C00960435,R,OH-09,"KAPTUR, MARCY HON. M.C.",H2OH09031,DEM,H,OH,09,O,17063.0,2026-09-18,2026-09-24,2026-09-24,dissemination,2026-09-21,PT STRATEGY LLC,DIRECT MAIL: PRINTING AND POSTAGE,2015290,F24,48,True,processed,G2026,G2026,SE.1182324.1,2026-09-26,https://docquery.fec.gov/cgi-bin/forms/C00960435/2015290/,https://docquery.fec.gov/cgi-bin/fecimg/?202609269908419579
No Going Back PAC,C00960435,R,OH-10,"TURNER, MICHAEL R REP.",H2OH03067,REP,H,OH,10,S,2213.5,2026-09-22,2026-09-24,2026-09-24,dissemination,2026-09-21,PT STRATEGY LLC,TEXT MESSAGES,2015290,F24,48,True,processed,G2026,G2026,SE.1183104.2,2026-09-26,https://docquery.fec.gov/cgi-bin/forms/C00960435/2015290/,https://docquery.fec.gov/cgi-bin/fecimg/?202609269908419571
No Going Back PAC,C00960435,R,OH-10,"KNICKERBOCKER, KRISTINA",H6OH10121,DEM,H,OH,10,O,1255.5,2026-09-22,2026-09-24,2026-09-24,dissemination,2026-09-21,PT STRATEGY LLC,TEXT MESSAGES,2015290,F24,48,True,processed,G2026,G2026,SE.1183104.1,2026-09-26,https://docquery.fec.gov/cgi-bin/forms/C00960435/2015290/,https://docquery.fec.gov/cgi-bin/fecimg/?202609269908419569
No Going Back PAC,C00960435,R,PA-07,"BROOKS, BOB",H6PA07188,DEM,H,PA,07,O,21385.0,2026-09-18,2026-09-24,2026-09-24,dissemination,2026-09-21,PT STRATEGY LLC,DIRECT MAIL: PRINTING AND POSTAGE,2015290,F24,48,True,processed,G2026,G2026,SE.1182329,2026-09-26,https://docquery.fec.gov/cgi-bin/forms/C00960435/2015290/,https://docquery.fec.gov/cgi-bin/fecimg/?202609269908419580
No Going Back PAC,C00960435,R,PA-10,"STELSON, JANELLE",H4PA10104,DEM,H,PA,10,O,25394.5,2026-09-18,2026-09-24,2026-09-24,dissemination,2026-09-21,PT STRATEGY LLC,DIRECT MAIL: PRINTING AND POSTAGE,2015290,F24,48,True,processed,G2026,G2026,SE.1182331.2,2026-09-26,https://docquery.fec.gov/cgi-bin/forms/C00960435/2015290/,https://docquery.fec.gov/cgi-bin/fecimg/?202609269908419570
No Going Back PAC,C00960435,R,PA-10,"PERRY, SCOTT",H2PA04135,REP,H,PA,10,S,10302.5,2026-09-18,2026-09-24,2026-09-24,dissemination,2026-09-21,PT STRATEGY LLC,DIRECT MAIL: PRINTING AND POSTAGE,2015290,F24,48,True,processed,G2026,G2026,SE.1182331.1,2026-09-26,https://docquery.fec.gov/cgi-bin/forms/C00960435/2015290/,https://docquery.fec.gov/cgi-bin/fecimg/?202609269908419569
No Going Back PAC,C00960435,R,TX-23,"STOUT, KATY PADILLA",H6TX23273,DEM,H,TX,23,O,1477.84,2026-09-22,2026-09-24,2026-09-24,dissemination,2026-09-21,CREATIVE DIRECT,TEXT MESSAGES,2015290,F24,48,True,processed,G2026,G2026,SE.1183468,2026-09-26,https://docquery.fec.gov/cgi-bin/forms/C00960435/2015290/,https://docquery.fec.gov/cgi-bin/fecimg/?202609269908419587
No Going Back PAC,C00960435,R,TX-34,"GONZALEZ, VICENTE",H6TX15162,DEM,H,TX,34,O,2028.32,2026-09-24,2026-09-24,2026-09-24,dissemination,2026-09-21,ELECTORAL COMMUNICATIONS GROUP LLC,TEXT MESSAGES,2015290,F24,48,True,processed,G2026,G2026,SE.1184112,2026-09-26,https://docquery.fec.gov/cgi-bin/forms/C00960435/2015290/,https://docquery.fec.gov/cgi-bin/fecimg/?202609269908419601
No Going Back PAC,C00960435,R,WI-01,"BERMAN, MITCHELL",H6WI01283,DEM,H,WI,01,O,3985.16,2026-09-22,2026-09-24,2026-09-24,dissemination,2026-09-21,CREATIVE DIRECT,TEXT MESSAGES,2015290,F24,48,True,processed,G2026,G2026,SE.1183470,2026-09-26,https://docquery.fec.gov/cgi-bin/forms/C00960435/2015290/,https://docquery.fec.gov/cgi-bin/fecimg/?202609269908419588
SLF,C00571703,R,ME-SEN,"JACKSON, TROY DALE",S6ME00464,DEM,S,ME,00,O,138280.31,2026-09-23,2026-09-24,2026-09-24,dissemination,2026-09-21,CREATIVE DIRECT,POSTAGE / PRINTING / PRODUCTION,2015262,F24,48,True,processed,G2026,G2026,SE.1,2026-09-26,https://docquery.fec.gov/cgi-bin/forms/C00571703/2015262/,https://docquery.fec.gov/cgi-bin/fecimg/?202609269908419210
SLF,C00571703,R,OH-SEN,"BROWN, SHERROD",S6OH00163,DEM,S,OH,00,O,32434.89,2026-09-24,2026-09-24,2026-09-24,dissemination,2026-09-21,SOMETHING ELSE STRATEGIES LLC,MEDIA PRODUCTION,2015262,F24,48,True,processed,G2026,G2026,SE.3,2026-09-26,https://docquery.fec.gov/cgi-bin/forms/C00571703/2015262/,https://docquery.fec.gov/cgi-bin/fecimg/?202609269908419211
SLF,C00571703,R,OH-SEN,"BROWN, SHERROD",S6OH00163,DEM,S,OH,00,O,16000.0,2026-09-24,2026-09-24,2026-09-24,dissemination,2026-09-21,SOMETHING ELSE STRATEGIES LLC,MEDIA PRODUCTION,2015262,F24,48,True,processed,G2026,G2026,SE.2,2026-09-26,https://docquery.fec.gov/cgi-bin/forms/C00571703/2015262/,https://docquery.fec.gov/cgi-bin/fecimg/?202609269908419210
Texas PAC,C00960211,R,TX-SEN,"TALARICO, JAMES",S6TX00479,DEM,S,TX,00,O,373961.07,2026-09-17,2026-09-24,2026-09-24,dissemination,2026-09-21,GOLDFINCH PARTNERS LLC,PRINTING/POSTAGE,2015252,F24,48,True,processed,G2026,G2026,SE24.26,2026-09-26,https://docquery.fec.gov/cgi-bin/forms/C00960211/2015252/,https://docquery.fec.gov/cgi-bin/fecimg/?202609269908419178
Texas PAC,C00960211,R,TX-SEN,"PAXTON, WARREN KENNETH JR.",S6TX00388,REP,S,TX,00,S,373961.07,2026-09-17,2026-09-24,2026-09-24,dissemination,2026-09-21,GOLDFINCH PARTNERS LLC,PRINTING/POSTAGE,2015252,F24,48,True,processed,G2026,G2026,SE24.25,2026-09-26,https://docquery.fec.gov/cgi-bin/forms/C00960211/2015252/,https://docquery.fec.gov/cgi-bin/fecimg/?202609269908419178
WinSenate,C00865444,D,IA-SEN,"ARENHOLZ, ASHLEY HINSON",S6IA00314,REP,S,IA,00,O,200000.0,2026-09-24,2026-09-24,2026-09-24,dissemination,2026-09-21,TRILOGY INTERACTIVE LLC,DIGITAL MEDIA BUY - ESTIMATE,2015297,F24,48,True,processed,G2026,G2026,500197016,2026-09-26,https://docquery.fec.gov/cgi-bin/forms/C00865444/2015297/,https://docquery.fec.gov/cgi-bin/fecimg/?202609269908419642
WinSenate,C00865444,D,ME-SEN,"JACKSON, TROY DALE",S6ME00464,DEM,S,ME,00,S,6091.33,2026-09-24,2026-09-24,2026-09-24,dissemination,2026-09-21,"MVAR MEDIA, LLC",MEDIA PRODUCTION - ESTIMATE,2015297,F24,48,True,processed,G2026,G2026,500197015,2026-09-26,https://docquery.fec.gov/cgi-bin/forms/C00865444/2015297/,https://docquery.fec.gov/cgi-bin/fecimg/?202609269908419642
WinSenate,C00865444,D,OH-SEN,"HUSTED, JON",S6OH00304,REP,S,OH,00,O,17850.0,2026-09-24,2026-09-24,2026-09-24,dissemination,2026-09-21,C PLUS K LLC,MEDIA PRODUCTION - ESTIMATE,2015297,F24,48,True,processed,G2026,G2026,500197014,2026-09-26,https://docquery.fec.gov/cgi-bin/forms/C00865444/2015297/,https://docquery.fec.gov/cgi-bin/fecimg/?202609269908419641
WinSenate,C00865444,D,OH-SEN,"HUSTED, JON",S6OH00304,REP,S,OH,00,O,1755000.0,2026-09-24,2026-09-24,2026-09-24,dissemination,2026-09-21,C PLUS K LLC,DIGITAL MEDIA BUY - ESTIMATE,2015297,F24,48,True,processed,G2026,G2026,500197013,2026-09-26,https://docquery.fec.gov/cgi-bin/forms/C00865444/2015297/,https://docquery.fec.gov/cgi-bin/fecimg/?202609269908419641
CLF,C00504530,R,AZ-01,"SHAH, DR. AMISH",,,H,AZ,01,O,13000.0,2026-09-24,2026-09-25,2026-09-25,dissemination,2026-09-21,PATCHWORK CREATIVE,MEDIA PRODUCTION,2015350,F24,48,True,processed,G2026,G2026,SE24.5870,2026-09-27,https://docquery.fec.gov/cgi-bin/forms/C00504530/2015350/,https://docquery.fec.gov/cgi-bin/fecimg/?202609279908421170
CLF,C00504530,R,CO-08,"RUTINEL, MANNY",,,H,CO,08,O,13000.0,2026-09-24,2026-09-25,2026-09-25,dissemination,2026-09-21,PRIME MEDIA PARTNERS,MEDIA PRODUCTION,2015350,F24,48,True,processed,G2026,G2026,SE24.4869,2026-09-27,https://docquery.fec.gov/cgi-bin/forms/C00504530/2015350/,https://docquery.fec.gov/cgi-bin/fecimg/?202609279908421170
CLF,C00504530,R,IA-03,"TRONE GARRIOTT, SARAH",,,H,IA,03,O,13000.0,2026-09-24,2026-09-25,2026-09-25,dissemination,2026-09-21,ONMESSAGE INC.,MEDIA PRODUCTION,2015350,F24,48,True,processed,G2026,G2026,SE24.4867,2026-09-27,https://docquery.fec.gov/cgi-bin/forms/C00504530/2015350/,https://docquery.fec.gov/cgi-bin/fecimg/?202609279908421171
CLF,C00504530,R,NE-02,"POWELL, DENISE",,,H,NE,02,O,13000.0,2026-09-22,2026-09-25,2026-09-25,dissemination,2026-09-21,HONOLD COMMUNICATIONS,MEDIA PRODUCTION,2015350,F24,48,True,processed,G2026,G2026,SE24.4865,2026-09-27,https://docquery.fec.gov/cgi-bin/forms/C00504530/2015350/,https://docquery.fec.gov/cgi-bin/fecimg/?202609279908421171
HMP,C00495028,D,AZ-06,"CISCOMANI, JUAN",H2AZ02360,REP,H,AZ,06,O,22419.63,2026-09-25,2026-09-25,2026-09-25,dissemination,2026-09-21,THE STRATEGY GROUP,DIRECT MAIL - ESTIMATE,2015189,F24,48,True,processed,G2026,G2026,500681582,2026-09-25,https://docquery.fec.gov/cgi-bin/forms/C00495028/2015189/,https://docquery.fec.gov/cgi-bin/fecimg/?202609259908418610
HMP,C00495028,D,MI-07,"BARRETT, THOMAS M.",H2MI07123,REP,H,MI,07,O,68310.0,2026-09-25,2026-09-25,2026-09-25,dissemination,2026-09-21,"THE PIVOT GROUP, INC.",DIRECT MAIL - ESTIMATE,2015189,F24,48,True,processed,G2026,G2026,500681576,2026-09-25,https://docquery.fec.gov/cgi-bin/forms/C00495028/2015189/,https://docquery.fec.gov/cgi-bin/fecimg/?202609259908418609
HMP,C00495028,D,MI-10,"BOUCHARD, MICHAEL",H6MI10359,REP,H,MI,10,O,67620.0,2026-09-25,2026-09-25,2026-09-25,dissemination,2026-09-21,"THE PIVOT GROUP, INC.",DIRECT MAIL - ESTIMATE,2015189,F24,48,True,processed,G2026,G2026,500681575,2026-09-25,https://docquery.fec.gov/cgi-bin/forms/C00495028/2015189/,https://docquery.fec.gov/cgi-bin/fecimg/?202609259908418609
HMP,C00495028,D,PA-01,"FITZPATRICK, BRIAN",H6PA08277,REP,H,PA,01,O,13590.59,2026-09-25,2026-09-25,2026-09-25,dissemination,2026-09-21,RESONANCE CAMPAIGNS LLC,DIRECT MAIL - ESTIMATE,2015189,F24,48,True,processed,G2026,G2026,500681578,2026-09-25,https://docquery.fec.gov/cgi-bin/forms/C00495028/2015189/,https://docquery.fec.gov/cgi-bin/fecimg/?202609259908418606
HMP,C00495028,D,VA-01,"WITTMAN, ROBERT MR.",H8VA01147,REP,H,VA,01,O,56662.27,2026-09-25,2026-09-25,2026-09-25,dissemination,2026-09-21,MOXIE MEDIA,DIRECT MAIL - ESTIMATE,2015189,F24,48,True,processed,G2026,G2026,500681571,2026-09-25,https://docquery.fec.gov/cgi-bin/forms/C00495028/2015189/,https://docquery.fec.gov/cgi-bin/fecimg/?202609259908418605
HMP,C00495028,D,VA-02,"KIGGANS, JENNIFER",H2VA02064,REP,H,VA,02,O,43548.67,2026-09-25,2026-09-25,2026-09-25,dissemination,2026-09-21,"GDA WINS, LLC",DIRECT MAIL - ESTIMATE,2015189,F24,48,True,processed,G2026,G2026,500681566,2026-09-25,https://docquery.fec.gov/cgi-bin/forms/C00495028/2015189/,https://docquery.fec.gov/cgi-bin/fecimg/?202609259908418603
No Going Back PAC,C00960435,R,AK-AL,"HILL, BILL",H6AK01092,IND,H,AK,00,O,624.52,2026-09-25,2026-09-25,2026-09-25,dissemination,2026-09-21,CALIBER CONTACT,TEXT MESSAGES,2015290,F24,48,True,processed,G2026,G2026,SE.1184724,2026-09-26,https://docquery.fec.gov/cgi-bin/forms/C00960435/2015290/,https://docquery.fec.gov/cgi-bin/fecimg/?202609269908419607
No Going Back PAC,C00960435,R,AZ-06,"MENDOZA, JOANNA",H6AZ06099,DEM,H,AZ,06,O,17432.14,2026-09-22,2026-09-25,2026-09-25,dissemination,2026-09-21,CREATIVE DIRECT,DIRECT MAIL: PRINTING AND POSTAGE,2015290,F24,48,True,processed,G2026,G2026,SE.1183480.2,2026-09-26,https://docquery.fec.gov/cgi-bin/forms/C00960435/2015290/,https://docquery.fec.gov/cgi-bin/fecimg/?202609269908419593
No Going Back PAC,C00960435,R,AZ-06,"CISCOMANI, JUAN",H2AZ02360,REP,H,AZ,06,S,17432.14,2026-09-22,2026-09-25,2026-09-25,dissemination,2026-09-21,CREATIVE DIRECT,DIRECT MAIL: PRINTING AND POSTAGE,2015290,F24,48,True,processed,G2026,G2026,SE.1183480.1,2026-09-26,https://docquery.fec.gov/cgi-bin/forms/C00960435/2015290/,https://docquery.fec.gov/cgi-bin/fecimg/?202609269908419592
No Going Back PAC,C00960435,R,CA-48,"VON WILPERT, MARNI",H6CA48310,DEM,H,CA,48,O,1474.92,2026-09-24,2026-09-25,2026-09-25,dissemination,2026-09-21,ELECTORAL COMMUNICATIONS GROUP LLC,TEXT MESSAGES,2015290,F24,48,True,processed,G2026,G2026,SE.1184094.2,2026-09-26,https://docquery.fec.gov/cgi-bin/forms/C00960435/2015290/,https://docquery.fec.gov/cgi-bin/fecimg/?202609269908419600
No Going Back PAC,C00960435,R,CA-48,"DESMOND, JIM",H6CA49128,REP,H,CA,48,S,485.04,2026-09-24,2026-09-25,2026-09-25,dissemination,2026-09-21,ELECTORAL COMMUNICATIONS GROUP LLC,TEXT MESSAGES,2015290,F24,48,True,processed,G2026,G2026,SE.1184094.1,2026-09-26,https://docquery.fec.gov/cgi-bin/forms/C00960435/2015290/,https://docquery.fec.gov/cgi-bin/fecimg/?202609269908419599
No Going Back PAC,C00960435,R,CO-03,"ROMERO, DWAYNE",H6CO03253,DEM,H,CO,03,O,3121.28,2026-09-24,2026-09-25,2026-09-25,dissemination,2026-09-21,ELECTORAL COMMUNICATIONS GROUP LLC,TEXT MESSAGES,2015290,F24,48,True,processed,G2026,G2026,SE.1184100,2026-09-26,https://docquery.fec.gov/cgi-bin/forms/C00960435/2015290/,https://docquery.fec.gov/cgi-bin/fecimg/?202609269908419600
No Going Back PAC,C00960435,R,CO-05,"KILLIN, JESSICA WILLOW",H6CO05324,DEM,H,CO,05,O,65135.0,2026-09-21,2026-09-25,2026-09-25,dissemination,2026-09-21,PT STRATEGY LLC,DIRECT MAIL: PRINTING AND POSTAGE,2015290,F24,48,True,processed,G2026,G2026,SE.1182565,2026-09-26,https://docquery.fec.gov/cgi-bin/forms/C00960435/2015290/,https://docquery.fec.gov/cgi-bin/fecimg/?202609269908419581
No Going Back PAC,C00960435,R,FL-14,"CASTOR, KATHY",H6FL11126,DEM,H,FL,14,O,27039.02,2026-09-25,2026-09-25,2026-09-25,dissemination,2026-09-21,CALIBER CONTACT,DIRECT MAIL: PRINTING AND POSTAGE,2015290,F24,48,True,processed,G2026,G2026,SE.1184726.2,2026-09-26,https://docquery.fec.gov/cgi-bin/forms/C00960435/2015290/,https://docquery.fec.gov/cgi-bin/fecimg/?202609269908419609
No Going Back PAC,C00960435,R,FL-14,"BELTRAN, MIKE",H6FL14237,REP,H,FL,14,S,27039.02,2026-09-25,2026-09-25,2026-09-25,dissemination,2026-09-21,CALIBER CONTACT,DIRECT MAIL: PRINTING AND POSTAGE,2015290,F24,48,True,processed,G2026,G2026,SE.1184726.1,2026-09-26,https://docquery.fec.gov/cgi-bin/forms/C00960435/2015290/,https://docquery.fec.gov/cgi-bin/fecimg/?202609269908419609
No Going Back PAC,C00960435,R,FL-22,"DANDIYA, PIA",H6FL21059,DEM,H,FL,22,O,19308.39,2026-09-22,2026-09-25,2026-09-25,dissemination,2026-09-21,WHISTLESTOP STRATEGIES LLC,DIRECT MAIL: PRINTING AND POSTAGE,2015290,F24,48,True,processed,G2026,G2026,SE.1183228.2,2026-09-26,https://docquery.fec.gov/cgi-bin/forms/C00960435/2015290/,https://docquery.fec.gov/cgi-bin/fecimg/?202609269908419585
No Going Back PAC,C00960435,R,FL-22,"ASKAR, CASEY",H6FL22248,REP,H,FL,22,S,19308.39,2026-09-22,2026-09-25,2026-09-25,dissemination,2026-09-21,WHISTLESTOP STRATEGIES LLC,DIRECT MAIL: PRINTING AND POSTAGE,2015290,F24,48,True,processed,G2026,G2026,SE.1183228.1,2026-09-26,https://docquery.fec.gov/cgi-bin/forms/C00960435/2015290/,https://docquery.fec.gov/cgi-bin/fecimg/?202609269908419584
No Going Back PAC,C00960435,R,KY-06,"DEMBO, ZACH",H6KY06184,DEM,H,KY,06,O,24673.99,2026-09-24,2026-09-25,2026-09-25,dissemination,2026-09-21,CALIBER CONTACT,DIRECT MAIL: PRINTING AND POSTAGE,2015290,F24,48,True,processed,G2026,G2026,SE.1184196.2,2026-09-26,https://docquery.fec.gov/cgi-bin/forms/C00960435/2015290/,https://docquery.fec.gov/cgi-bin/fecimg/?202609269908419574
No Going Back PAC,C00960435,R,KY-06,"ALVARADO, RALPH A",H6KY06192,REP,H,KY,06,S,24673.99,2026-09-24,2026-09-25,2026-09-25,dissemination,2026-09-21,CALIBER CONTACT,DIRECT MAIL: PRINTING AND POSTAGE,2015290,F24,48,True,processed,G2026,G2026,SE.1184196.1,2026-09-26,https://docquery.fec.gov/cgi-bin/forms/C00960435/2015290/,https://docquery.fec.gov/cgi-bin/fecimg/?202609269908419573
No Going Back PAC,C00960435,R,ME-02,"DUNLAP, MATT",H6ME02171,DEM,H,ME,02,O,350.4,2026-09-24,2026-09-25,2026-09-25,dissemination,2026-09-21,ELECTORAL COMMUNICATIONS GROUP LLC,TEXT MESSAGES,2015290,F24,48,True,processed,G2026,G2026,SE.1184126,2026-09-26,https://docquery.fec.gov/cgi-bin/forms/C00960435/2015290/,https://docquery.fec.gov/cgi-bin/fecimg/?202609269908419602
No Going Back PAC,C00960435,R,MI-04,"MCCANN, SEAN",H6MI04204,DEM,H,MI,04,O,110407.24,2026-09-18,2026-09-25,2026-09-25,dissemination,2026-09-21,STORYTELLERS GROUP LLC,DIRECT MAIL: PRINTING AND POSTAGE,2015290,F24,48,True,processed,G2026,G2026,SE.1182305.2,2026-09-26,https://docquery.fec.gov/cgi-bin/forms/C00960435/2015290/,https://docquery.fec.gov/cgi-bin/fecimg/?202609269908419577
No Going Back PAC,C00960435,R,MI-04,"HUIZENGA, WILLIAM P",H0MI02094,REP,H,MI,04,S,110407.25,2026-09-18,2026-09-25,2026-09-25,dissemination,2026-09-21,STORYTELLERS GROUP LLC,DIRECT MAIL: PRINTING AND POSTAGE,2015290,F24,48,True,processed,G2026,G2026,SE.1182305.1,2026-09-26,https://docquery.fec.gov/cgi-bin/forms/C00960435/2015290/,https://docquery.fec.gov/cgi-bin/fecimg/?202609269908419576
No Going Back PAC,C00960435,R,MI-10,"HINES, CHRISTINA",H6MI10276,DEM,H,MI,10,O,27228.42,2026-09-18,2026-09-25,2026-09-25,dissemination,2026-09-21,STORYTELLERS GROUP LLC,DIRECT MAIL: PRINTING AND POSTAGE,2015290,F24,48,True,processed,G2026,G2026,SE.1182307.2,2026-09-26,https://docquery.fec.gov/cgi-bin/forms/C00960435/2015290/,https://docquery.fec.gov/cgi-bin/fecimg/?202609269908419578
No Going Back PAC,C00960435,R,MI-10,"BOUCHARD, MICHAEL",H6MI10359,REP,H,MI,10,S,27228.42,2026-09-18,2026-09-25,2026-09-25,dissemination,2026-09-21,STORYTELLERS GROUP LLC,DIRECT MAIL: PRINTING AND POSTAGE,2015290,F24,48,True,processed,G2026,G2026,SE.1182307.1,2026-09-26,https://docquery.fec.gov/cgi-bin/forms/C00960435/2015290/,https://docquery.fec.gov/cgi-bin/fecimg/?202609269908419577
No Going Back PAC,C00960435,R,MI-SEN,"ROGERS, MICHAEL",S4MI00595,REP,S,MI,00,S,429079.28,2026-09-18,2026-09-25,2026-09-25,dissemination,2026-09-21,STORYTELLERS GROUP LLC,DIRECT MAIL: PRINTING AND POSTAGE,2015290,F24,48,True,processed,G2026,G2026,SE.1182212.2,2026-09-26,https://docquery.fec.gov/cgi-bin/forms/C00960435/2015290/,https://docquery.fec.gov/cgi-bin/fecimg/?202609269908419568
No Going Back PAC,C00960435,R,MI-SEN,"EL-SAYED, ABDUL",S6MI00418,DEM,S,MI,00,O,643618.9,2026-09-18,2026-09-25,2026-09-25,dissemination,2026-09-21,STORYTELLERS GROUP LLC,DIRECT MAIL: PRINTING AND POSTAGE,2015290,F24,48,True,processed,G2026,G2026,SE.1182212.1,2026-09-26,https://docquery.fec.gov/cgi-bin/forms/C00960435/2015290/,https://docquery.fec.gov/cgi-bin/fecimg/?202609269908419568
No Going Back PAC,C00960435,R,NC-01,"DAVIS, DON",H2NC02287,DEM,H,NC,01,O,3221.0,2026-09-24,2026-09-25,2026-09-25,dissemination,2026-09-21,"1892, LLC",TEXT MESSAGES,2015290,F24,48,True,processed,G2026,G2026,SE.1184173,2026-09-26,https://docquery.fec.gov/cgi-bin/forms/C00960435/2015290/,https://docquery.fec.gov/cgi-bin/fecimg/?202609269908419604
No Going Back PAC,C00960435,R,NC-SEN,"WHATLEY, MICHAEL",S6NC00415,REP,S,NC,00,S,5627.02,2026-09-26,2026-09-25,2026-09-25,dissemination,2026-09-21,CALIBER CONTACT,TEXT MESSAGES,2015348,F24,48,True,processed,G2026,G2026,SE.1184752.2,2026-09-27,https://docquery.fec.gov/cgi-bin/forms/C00960435/2015348/,https://docquery.fec.gov/cgi-bin/fecimg/?202609279908421167
No Going Back PAC,C00960435,R,NC-SEN,"COOPER, ROY",S6NC00407,DEM,S,NC,00,O,22508.06,2026-09-26,2026-09-25,2026-09-25,dissemination,2026-09-21,CALIBER CONTACT,TEXT MESSAGES,2015348,F24,48,True,processed,G2026,G2026,SE.1184752.1,2026-09-27,https://docquery.fec.gov/cgi-bin/forms/C00960435/2015348/,https://docquery.fec.gov/cgi-bin/fecimg/?202609279908421166
No Going Back PAC,C00960435,R,NH-01,"SHAHEEN, STEFANY",H6NH01321,DEM,H,NH,01,O,14926.62,2026-09-24,2026-09-25,2026-09-25,dissemination,2026-09-21,WHISTLESTOP STRATEGIES LLC,DIRECT MAIL: PRINTING AND POSTAGE,2015290,F24,48,True,processed,G2026,G2026,SE.1184016.2,2026-09-26,https://docquery.fec.gov/cgi-bin/forms/C00960435/2015290/,https://docquery.fec.gov/cgi-bin/fecimg/?202609269908419596
No Going Back PAC,C00960435,R,NH-01,"DILORENZO, ANTHONY",H6NH01420,REP,H,NH,01,S,14926.62,2026-09-24,2026-09-25,2026-09-25,dissemination,2026-09-21,WHISTLESTOP STRATEGIES LLC,DIRECT MAIL: PRINTING AND POSTAGE,2015290,F24,48,True,processed,G2026,G2026,SE.1184016.1,2026-09-26,https://docquery.fec.gov/cgi-bin/forms/C00960435/2015290/,https://docquery.fec.gov/cgi-bin/fecimg/?202609269908419595
No Going Back PAC,C00960435,R,NJ-09,"POU, NELIDA",H4NJ09194,DEM,H,NJ,09,O,18625.81,2026-09-23,2026-09-25,2026-09-25,dissemination,2026-09-21,WHISTLESTOP STRATEGIES LLC,DIRECT MAIL: PRINTING AND POSTAGE,2015290,F24,48,True,processed,G2026,G2026,SE.1183720.2,2026-09-26,https://docquery.fec.gov/cgi-bin/forms/C00960435/2015290/,https://docquery.fec.gov/cgi-bin/fecimg/?202609269908419595
No Going Back PAC,C00960435,R,NJ-09,"PINO, ROSEMARY",H6NJ09264,REP,H,NJ,09,S,18625.8,2026-09-23,2026-09-25,2026-09-25,dissemination,2026-09-21,WHISTLESTOP STRATEGIES LLC,DIRECT MAIL: PRINTING AND POSTAGE,2015290,F24,48,True,processed,G2026,G2026,SE.1183720.1,2026-09-26,https://docquery.fec.gov/cgi-bin/forms/C00960435/2015290/,https://docquery.fec.gov/cgi-bin/fecimg/?202609269908419594
No Going Back PAC,C00960435,R,NY-17,"CONLEY, CAIT",H6NY17171,DEM,H,NY,17,O,10071.46,2026-09-22,2026-09-25,2026-09-25,dissemination,2026-09-21,CREATIVE DIRECT,DIRECT MAIL: PRINTING AND POSTAGE,2015290,F24,48,True,processed,G2026,G2026,SE.1183477.2,2026-09-26,https://docquery.fec.gov/cgi-bin/forms/C00960435/2015290/,https://docquery.fec.gov/cgi-bin/fecimg/?202609269908419591
No Going Back PAC,C00960435,R,NY-17,"LAWLER, MICHAEL VINCENT",H2NY17162,REP,H,NY,17,S,10071.46,2026-09-22,2026-09-25,2026-09-25,dissemination,2026-09-21,CREATIVE DIRECT,DIRECT MAIL: PRINTING AND POSTAGE,2015290,F24,48,True,processed,G2026,G2026,SE.1183477.1,2026-09-26,https://docquery.fec.gov/cgi-bin/forms/C00960435/2015290/,https://docquery.fec.gov/cgi-bin/fecimg/?202609269908419590
No Going Back PAC,C00960435,R,PA-08,"BRESNAHAN, ROB",H4PA08124,REP,H,PA,08,S,1077.2,2026-09-24,2026-09-25,2026-09-25,dissemination,2026-09-21,ELECTORAL COMMUNICATIONS GROUP LLC,TEXT MESSAGES,2015290,F24,48,True,processed,G2026,G2026,SE.1184089.2,2026-09-26,https://docquery.fec.gov/cgi-bin/forms/C00960435/2015290/,https://docquery.fec.gov/cgi-bin/fecimg/?202609269908419599
No Going Back PAC,C00960435,R,PA-08,"COGNETTI, PAIGE",H6PA08293,DEM,H,PA,08,O,1077.2,2026-09-24,2026-09-25,2026-09-25,dissemination,2026-09-21,ELECTORAL COMMUNICATIONS GROUP LLC,TEXT MESSAGES,2015290,F24,48,True,processed,G2026,G2026,SE.1184089.1,2026-09-26,https://docquery.fec.gov/cgi-bin/forms/C00960435/2015290/,https://docquery.fec.gov/cgi-bin/fecimg/?202609269908419598
No Going Back PAC,C00960435,R,SC-01,"LACORE, NANCY",H6SC01359,DEM,H,SC,01,O,28067.97,2026-09-24,2026-09-25,2026-09-25,dissemination,2026-09-21,WHISTLESTOP STRATEGIES LLC,DIRECT MAIL: PRINTING AND POSTAGE,2015290,F24,48,True,processed,G2026,G2026,SE.1184083.2,2026-09-26,https://docquery.fec.gov/cgi-bin/forms/C00960435/2015290/,https://docquery.fec.gov/cgi-bin/fecimg/?202609269908419598
No Going Back PAC,C00960435,R,SC-01,"HONEYCUTT, JENNY COSTA",H6SC01334,REP,H,SC,01,S,28067.97,2026-09-24,2026-09-25,2026-09-25,dissemination,2026-09-21,WHISTLESTOP STRATEGIES LLC,DIRECT MAIL: PRINTING AND POSTAGE,2015290,F24,48,True,processed,G2026,G2026,SE.1184083.1,2026-09-26,https://docquery.fec.gov/cgi-bin/forms/C00960435/2015290/,https://docquery.fec.gov/cgi-bin/fecimg/?202609269908419597
No Going Back PAC,C00960435,R,TX-09,"GUTIERREZ, LETICIA",H6TX09231,DEM,H,TX,09,O,23503.54,2026-09-24,2026-09-25,2026-09-25,dissemination,2026-09-21,CALIBER CONTACT,DIRECT MAIL: PRINTING AND POSTAGE,2015290,F24,48,True,processed,G2026,G2026,SE.1184199.2,2026-09-26,https://docquery.fec.gov/cgi-bin/forms/C00960435/2015290/,https://docquery.fec.gov/cgi-bin/fecimg/?202609269908419605
No Going Back PAC,C00960435,R,TX-09,"MEALER, ALEXANDRA",H6TX09140,REP,H,TX,09,S,23503.55,2026-09-24,2026-09-25,2026-09-25,dissemination,2026-09-21,CALIBER CONTACT,DIRECT MAIL: PRINTING AND POSTAGE,2015290,F24,48,True,processed,G2026,G2026,SE.1184199.1,2026-09-26,https://docquery.fec.gov/cgi-bin/forms/C00960435/2015290/,https://docquery.fec.gov/cgi-bin/fecimg/?202609269908419604
No Going Back PAC,C00960435,R,TX-23,"STOUT, KATY PADILLA",H6TX23273,DEM,H,TX,23,O,23011.88,2026-09-22,2026-09-25,2026-09-25,dissemination,2026-09-21,CREATIVE DIRECT,DIRECT MAIL: PRINTING AND POSTAGE,2015290,F24,48,True,processed,G2026,G2026,SE.1183478.2,2026-09-26,https://docquery.fec.gov/cgi-bin/forms/C00960435/2015290/,https://docquery.fec.gov/cgi-bin/fecimg/?202609269908419593
No Going Back PAC,C00960435,R,TX-23,"HERRERA, BRANDON",H4TX23120,REP,H,TX,23,S,23011.87,2026-09-22,2026-09-25,2026-09-25,dissemination,2026-09-21,CREATIVE DIRECT,DIRECT MAIL: PRINTING AND POSTAGE,2015290,F24,48,True,processed,G2026,G2026,SE.1183478.1,2026-09-26,https://docquery.fec.gov/cgi-bin/forms/C00960435/2015290/,https://docquery.fec.gov/cgi-bin/fecimg/?202609269908419591
No Going Back PAC,C00960435,R,TX-28,"CUELLAR, HENRY R.",H2TX23082,DEM,H,TX,28,O,12609.63,2026-09-24,2026-09-25,2026-09-25,dissemination,2026-09-21,WHISTLESTOP STRATEGIES LLC,DIRECT MAIL: PRINTING AND POSTAGE,2015290,F24,48,True,processed,G2026,G2026,SE.1184035.2,2026-09-26,https://docquery.fec.gov/cgi-bin/forms/C00960435/2015290/,https://docquery.fec.gov/cgi-bin/fecimg/?202609269908419597
No Going Back PAC,C00960435,R,TX-28,"TIJERINA, TANO",H6TX28124,REP,H,TX,28,S,12609.62,2026-09-24,2026-09-25,2026-09-25,dissemination,2026-09-21,WHISTLESTOP STRATEGIES LLC,DIRECT MAIL: PRINTING AND POSTAGE,2015290,F24,48,True,processed,G2026,G2026,SE.1184035.1,2026-09-26,https://docquery.fec.gov/cgi-bin/forms/C00960435/2015290/,https://docquery.fec.gov/cgi-bin/fecimg/?202609269908419596
No Going Back PAC,C00960435,R,VA-01,"TAYLOR, SHANNON LEIGH",H6VA01299,DEM,H,VA,01,O,2129.5,2026-09-24,2026-09-25,2026-09-25,dissemination,2026-09-21,ELECTORAL COMMUNICATIONS GROUP LLC,TEXT MESSAGES,2015290,F24,48,True,processed,G2026,G2026,SE.1184176.2,2026-09-26,https://docquery.fec.gov/cgi-bin/forms/C00960435/2015290/,https://docquery.fec.gov/cgi-bin/fecimg/?202609269908419574
No Going Back PAC,C00960435,R,VA-01,"WITTMAN, ROBERT MR.",H8VA01147,REP,H,VA,01,S,1064.86,2026-09-24,2026-09-25,2026-09-25,dissemination,2026-09-21,ELECTORAL COMMUNICATIONS GROUP LLC,TEXT MESSAGES,2015290,F24,48,True,processed,G2026,G2026,SE.1184176.1,2026-09-26,https://docquery.fec.gov/cgi-bin/forms/C00960435/2015290/,https://docquery.fec.gov/cgi-bin/fecimg/?202609269908419573
No Going Back PAC,C00960435,R,VA-02,"KIGGANS, JENNIFER",H2VA02064,REP,H,VA,02,S,56725.17,2026-09-24,2026-09-25,2026-09-25,dissemination,2026-09-21,STORYTELLERS GROUP LLC,DIRECT MAIL: PRINTING AND POSTAGE,2015290,F24,48,True,processed,G2026,G2026,SE.1184244.2,2026-09-26,https://docquery.fec.gov/cgi-bin/forms/C00960435/2015290/,https://docquery.fec.gov/cgi-bin/fecimg/?202609269908419606
No Going Back PAC,C00960435,R,VA-02,"LURIA, ELAINE",H6VA02198,DEM,H,VA,02,O,56725.17,2026-09-24,2026-09-25,2026-09-25,dissemination,2026-09-21,STORYTELLERS GROUP LLC,DIRECT MAIL: PRINTING AND POSTAGE,2015290,F24,48,True,processed,G2026,G2026,SE.1184244.1,2026-09-26,https://docquery.fec.gov/cgi-bin/forms/C00960435/2015290/,https://docquery.fec.gov/cgi-bin/fecimg/?202609269908419605
No Going Back PAC,C00960435,R,VA-02,"LURIA, ELAINE",H6VA02198,DEM,H,VA,02,O,1582.0,2026-09-22,2026-09-25,2026-09-25,dissemination,2026-09-21,"1892, LLC",TEXT MESSAGES,2015290,F24,48,True,processed,G2026,G2026,SE.1183241,2026-09-26,https://docquery.fec.gov/cgi-bin/forms/C00960435/2015290/,https://docquery.fec.gov/cgi-bin/fecimg/?202609269908419586
No Going Back PAC,C00960435,R,VA-05,"MCGUIRE, JOHN J. MR. III",H0VA07133,REP,H,VA,05,S,850.28,2026-09-24,2026-09-25,2026-09-25,dissemination,2026-09-21,ELECTORAL COMMUNICATIONS GROUP LLC,TEXT MESSAGES,2015290,F24,48,True,processed,G2026,G2026,SE.1184117.2,2026-09-26,https://docquery.fec.gov/cgi-bin/forms/C00960435/2015290/,https://docquery.fec.gov/cgi-bin/fecimg/?202609269908419602
No Going Back PAC,C00960435,R,VA-05,"PERRIELLO, THOMAS",H6VA05217,DEM,H,VA,05,O,850.28,2026-09-24,2026-09-25,2026-09-25,dissemination,2026-09-21,ELECTORAL COMMUNICATIONS GROUP LLC,TEXT MESSAGES,2015290,F24,48,True,processed,G2026,G2026,SE.1184117.1,2026-09-26,https://docquery.fec.gov/cgi-bin/forms/C00960435/2015290/,https://docquery.fec.gov/cgi-bin/fecimg/?202609269908419601
No Going Back PAC,C00960435,R,WA-03,"GLUESENKAMP PEREZ, MARIE",H2WA03217,DEM,H,WA,03,O,5107.0,2026-09-24,2026-09-25,2026-09-25,dissemination,2026-09-21,"1892, LLC",TEXT MESSAGES,2015290,F24,48,True,processed,G2026,G2026,SE.1184169,2026-09-26,https://docquery.fec.gov/cgi-bin/forms/C00960435/2015290/,https://docquery.fec.gov/cgi-bin/fecimg/?202609269908419603
No Going Back PAC,C00960435,R,WI-01,"BERMAN, MITCHELL",H6WI01283,DEM,H,WI,01,O,44777.47,2026-09-22,2026-09-25,2026-09-25,dissemination,2026-09-21,CREATIVE DIRECT,DIRECT MAIL: PRINTING AND POSTAGE,2015290,F24,48,True,processed,G2026,G2026,SE.1183476.2,2026-09-26,https://docquery.fec.gov/cgi-bin/forms/C00960435/2015290/,https://docquery.fec.gov/cgi-bin/fecimg/?202609269908419590
No Going Back PAC,C00960435,R,WI-01,"STEIL, BRYAN GEORGE",H8WI01156,REP,H,WI,01,S,44777.47,2026-09-22,2026-09-25,2026-09-25,dissemination,2026-09-21,CREATIVE DIRECT,DIRECT MAIL: PRINTING AND POSTAGE,2015290,F24,48,True,processed,G2026,G2026,SE.1183476.1,2026-09-26,https://docquery.fec.gov/cgi-bin/forms/C00960435/2015290/,https://docquery.fec.gov/cgi-bin/fecimg/?202609269908419589
No Going Back PAC,C00960435,R,WI-03,"COOKE, REBECCA",H4WI03169,DEM,H,WI,03,O,10339.05,2026-09-28,2026-09-25,2026-09-25,dissemination,2026-09-21,STORYTELLERS GROUP LLC,DIRECT MAIL: PRINTING AND POSTAGE,2015458,F24,48,True,processed,G2026,G2026,SE.1185125.2,2026-09-28,https://docquery.fec.gov/cgi-bin/forms/C00960435/2015458/,https://docquery.fec.gov/cgi-bin/fecimg/?202609289908481138
No Going Back PAC,C00960435,R,WI-03,"VAN ORDEN, DERRICK F.",H0WI03175,REP,H,WI,03,S,10339.04,2026-09-28,2026-09-25,2026-09-25,dissemination,2026-09-21,STORYTELLERS GROUP LLC,DIRECT MAIL: PRINTING AND POSTAGE,2015458,F24,48,True,processed,G2026,G2026,SE.1185125.1,2026-09-28,https://docquery.fec.gov/cgi-bin/forms/C00960435/2015458/,https://docquery.fec.gov/cgi-bin/fecimg/?202609289908481138
No Going Back PAC,C00960435,R,WI-03,"COOKE, REBECCA",H4WI03169,DEM,H,WI,03,O,1345.0,2026-09-24,2026-09-25,2026-09-25,dissemination,2026-09-21,"1892, LLC",TEXT MESSAGES,2015290,F24,48,True,processed,G2026,G2026,SE.1184156,2026-09-26,https://docquery.fec.gov/cgi-bin/forms/C00960435/2015290/,https://docquery.fec.gov/cgi-bin/fecimg/?202609269908419603
SLF,C00571703,R,AK-SEN,"PELTOLA, MARY",S6AK00276,DEM,S,AK,00,O,2089.99,2026-09-25,2026-09-25,2026-09-25,dissemination,2026-09-21,FCG MEDIA STRATEGIES LLC,TEXT MESSAGING,2015312,F24,48,True,processed,G2026,G2026,SE.2,2026-09-27,https://docquery.fec.gov/cgi-bin/forms/C00571703/2015312/,https://docquery.fec.gov/cgi-bin/fecimg/?202609279908419987
SLF,C00571703,R,AK-SEN,"PELTOLA, MARY",S6AK00276,DEM,S,AK,00,O,17500.0,2026-09-25,2026-09-25,2026-09-25,dissemination,2026-09-21,PRIME MEDIA PARTNERS LLC,MEDIA PRODUCTION,2015312,F24,48,True,processed,G2026,G2026,SE.1,2026-09-27,https://docquery.fec.gov/cgi-bin/forms/C00571703/2015312/,https://docquery.fec.gov/cgi-bin/fecimg/?202609279908419987
SLF,C00571703,R,IA-SEN,"TUREK, JOSHUA",S6IA00298,DEM,S,IA,00,O,3214.96,2026-09-25,2026-09-25,2026-09-25,dissemination,2026-09-21,FCG MEDIA STRATEGIES LLC,TEXT MESSAGING,2015312,F24,48,True,processed,G2026,G2026,SE.3,2026-09-27,https://docquery.fec.gov/cgi-bin/forms/C00571703/2015312/,https://docquery.fec.gov/cgi-bin/fecimg/?202609279908419988
SLF,C00571703,R,ME-SEN,"JACKSON, TROY DALE",S6ME00464,DEM,S,ME,00,O,1297.98,2026-09-25,2026-09-25,2026-09-25,dissemination,2026-09-21,FCG MEDIA STRATEGIES LLC,TEXT MESSAGING,2015312,F24,48,True,processed,G2026,G2026,SE.4,2026-09-27,https://docquery.fec.gov/cgi-bin/forms/C00571703/2015312/,https://docquery.fec.gov/cgi-bin/fecimg/?202609279908419988
SLF,C00571703,R,MI-SEN,"EL-SAYED, ABDUL",S6MI00418,DEM,S,MI,00,O,8153.71,2026-09-25,2026-09-25,2026-09-25,dissemination,2026-09-21,FCG MEDIA STRATEGIES LLC,TEXT MESSAGING,2015312,F24,48,True,processed,G2026,G2026,SE.5,2026-09-27,https://docquery.fec.gov/cgi-bin/forms/C00571703/2015312/,https://docquery.fec.gov/cgi-bin/fecimg/?202609279908419989
SLF,C00571703,R,OH-SEN,"BROWN, SHERROD",S6OH00163,DEM,S,OH,00,O,13613.67,2026-09-25,2026-09-25,2026-09-25,dissemination,2026-09-21,FCG MEDIA STRATEGIES LLC,TEXT MESSAGING,2015312,F24,48,True,processed,G2026,G2026,SE.6,2026-09-27,https://docquery.fec.gov/cgi-bin/forms/C00571703/2015312/,https://docquery.fec.gov/cgi-bin/fecimg/?202609279908419989
WinSenate,C00865444,D,IA-SEN,"ARENHOLZ, ASHLEY HINSON",S6IA00314,REP,S,IA,00,O,11938.05,2026-09-25,2026-09-25,2026-09-25,dissemination,2026-09-21,MPWR MEDIA STRATEGIES LLC,MEDIA PRODUCTION - ESTIMATE,2015347,F24,48,True,processed,G2026,G2026,500197019,2026-09-27,https://docquery.fec.gov/cgi-bin/forms/C00865444/2015347/,https://docquery.fec.gov/cgi-bin/fecimg/?202609279908421164
WinSenate,C00865444,D,ME-SEN,"JACKSON, TROY DALE",S6ME00464,DEM,S,ME,00,S,9474.74,2026-09-25,2026-09-25,2026-09-25,dissemination,2026-09-21,"MVAR MEDIA, LLC",MEDIA PRODUCTION - ESTIMATE,2015347,F24,48,True,processed,G2026,G2026,500197020,2026-09-27,https://docquery.fec.gov/cgi-bin/forms/C00865444/2015347/,https://docquery.fec.gov/cgi-bin/fecimg/?202609279908421164
WinSenate,C00865444,D,MI-SEN,"ROGERS, MICHAEL",S4MI00595,REP,S,MI,00,O,21067.0,2026-09-25,2026-09-25,2026-09-25,dissemination,2026-09-21,DIXON/DAVIS MEDIA GROUP LLC,MEDIA PRODUCTION - ESTIMATE,2015347,F24,48,True,processed,G2026,G2026,500197017,2026-09-27,https://docquery.fec.gov/cgi-bin/forms/C00865444/2015347/,https://docquery.fec.gov/cgi-bin/fecimg/?202609279908421163
WinSenate,C00865444,D,NC-SEN,"WHATLEY, MICHAEL",S6NC00415,REP,S,NC,00,O,31096.16,2026-09-25,2026-09-25,2026-09-25,dissemination,2026-09-21,WATERFRONT STRATEGIES,MEDIA PRODUCTION - ESTIMATE,2015347,F24,48,True,processed,G2026,G2026,500197018,2026-09-27,https://docquery.fec.gov/cgi-bin/forms/C00865444/2015347/,https://docquery.fec.gov/cgi-bin/fecimg/?202609279908421165
WinSenate,C00865444,D,OH-SEN,"HUSTED, JON",S6OH00304,REP,S,OH,00,O,2621.38,2026-09-25,2026-09-25,2026-09-25,dissemination,2026-09-21,C PLUS K LLC,MEDIA PRODUCTION - ESTIMATE,2015347,F24,48,True,processed,G2026,G2026,500197279,2026-09-27,https://docquery.fec.gov/cgi-bin/forms/C00865444/2015347/,https://docquery.fec.gov/cgi-bin/fecimg/?202609279908421163
CLF,C00504530,R,IA-03,"TRONE GARRIOTT, SARAH",,,H,IA,03,O,13964.75,2026-09-25,2026-09-26,2026-09-26,dissemination,2026-09-21,DEL RAY MEDIA LLC,MEDIA PLACEMENT,2015465,F24,48,True,processed,G2026,G2026,SE24.4876,2026-09-28,https://docquery.fec.gov/cgi-bin/forms/C00504530/2015465/,https://docquery.fec.gov/cgi-bin/fecimg/?202609289908481211
CLF,C00504530,R,MI-07,"LAWRENCE, WILLIAM",,,H,MI,07,O,7833.81,2026-09-25,2026-09-26,2026-09-26,dissemination,2026-09-21,DEL RAY MEDIA LLC,MEDIA PLACEMENT,2015465,F24,48,True,processed,G2026,G2026,SE24.4875,2026-09-28,https://docquery.fec.gov/cgi-bin/forms/C00504530/2015465/,https://docquery.fec.gov/cgi-bin/fecimg/?202609289908481211
CLF,C00504530,R,NM-02,"VASQUEZ, GABRIEL",,,H,NM,02,O,699.46,2026-09-25,2026-09-26,2026-09-26,dissemination,2026-09-21,DEL RAY MEDIA LLC,MEDIA PLACEMENT,2015465,F24,48,True,processed,G2026,G2026,SE24.4874,2026-09-28,https://docquery.fec.gov/cgi-bin/forms/C00504530/2015465/,https://docquery.fec.gov/cgi-bin/fecimg/?202609289908481212
CLF,C00504530,R,OH-09,"KAPTUR, HON. M.C. MARCY",,,H,OH,09,O,89482.5,2026-09-25,2026-09-26,2026-09-26,dissemination,2026-09-21,FLEXPOINT MEDIA,MEDIA PLACEMENT,2015465,F24,48,True,processed,G2026,G2026,SE24.5874,2026-09-28,https://docquery.fec.gov/cgi-bin/forms/C00504530/2015465/,https://docquery.fec.gov/cgi-bin/fecimg/?202609289908481212
CLF,C00504530,R,VA-02,"LURIA, ELAINE",,,H,VA,02,O,13000.0,2026-09-25,2026-09-26,2026-09-26,dissemination,2026-09-21,SPOTLIGHT MEDIA GROUP,MEDIA PRODUCTION,2015465,F24,48,True,processed,G2026,G2026,SE24.4873,2026-09-28,https://docquery.fec.gov/cgi-bin/forms/C00504530/2015465/,https://docquery.fec.gov/cgi-bin/fecimg/?202609289908481213
MAGA Inc.,C00892471,R,TX-SEN,"TALARICO, JAMES",S6TX00479,DEM,S,TX,00,O,5000000.0,2026-09-21,2026-09-26,2026-09-26,dissemination,2026-09-21,DEL RAY MEDIA LLC,PLACED MEDIA: CONNECTED TV AND DIGITAL ADVERTISING,2015273,F24,48,True,processed,G2026,G2026,SE.1182683,2026-09-26,https://docquery.fec.gov/cgi-bin/forms/C00892471/2015273/,https://docquery.fec.gov/cgi-bin/fecimg/?202609269908419235
No Going Back PAC,C00960435,R,FL-09,"SOTO, DARREN",H6FL09179,DEM,H,FL,09,O,17634.79,2026-09-25,2026-09-26,2026-09-26,dissemination,2026-09-21,CALIBER CONTACT,DIRECT MAIL: PRINTING AND POSTAGE,2015290,F24,48,True,processed,G2026,G2026,SE.1184729.2,2026-09-26,https://docquery.fec.gov/cgi-bin/forms/C00960435/2015290/,https://docquery.fec.gov/cgi-bin/fecimg/?202609269908419611
No Going Back PAC,C00960435,R,FL-09,"GREEN, DAN",H6FL09294,REP,H,FL,09,S,17634.79,2026-09-25,2026-09-26,2026-09-26,dissemination,2026-09-21,CALIBER CONTACT,DIRECT MAIL: PRINTING AND POSTAGE,2015290,F24,48,True,processed,G2026,G2026,SE.1184729.1,2026-09-26,https://docquery.fec.gov/cgi-bin/forms/C00960435/2015290/,https://docquery.fec.gov/cgi-bin/fecimg/?202609269908419610
No Going Back PAC,C00960435,R,KY-06,"DEMBO, ZACH",H6KY06184,DEM,H,KY,06,O,1556.28,2026-09-26,2026-09-26,2026-09-26,dissemination,2026-09-21,CALIBER CONTACT,TEXT MESSAGES,2015348,F24,48,True,processed,G2026,G2026,SE.1184753,2026-09-27,https://docquery.fec.gov/cgi-bin/forms/C00960435/2015348/,https://docquery.fec.gov/cgi-bin/fecimg/?202609279908421166
No Going Back PAC,C00960435,R,MT-01,"FORSTAG, SAMUEL KELLEY",H6MT01137,DEM,H,MT,01,O,18807.94,2026-09-25,2026-09-26,2026-09-26,dissemination,2026-09-21,CALIBER CONTACT,DIRECT MAIL: PRINTING AND POSTAGE,2015290,F24,48,True,processed,G2026,G2026,SE.1184727.2,2026-09-26,https://docquery.fec.gov/cgi-bin/forms/C00960435/2015290/,https://docquery.fec.gov/cgi-bin/fecimg/?202609269908419611
No Going Back PAC,C00960435,R,MT-01,"FLINT, AARON",H6MT01152,REP,H,MT,01,S,18807.93,2026-09-25,2026-09-26,2026-09-26,dissemination,2026-09-21,CALIBER CONTACT,DIRECT MAIL: PRINTING AND POSTAGE,2015290,F24,48,True,processed,G2026,G2026,SE.1184727.1,2026-09-26,https://docquery.fec.gov/cgi-bin/forms/C00960435/2015290/,https://docquery.fec.gov/cgi-bin/fecimg/?202609269908419610
No Going Back PAC,C00960435,R,TX-35,"GARCIA, JOHNNY",H6TX35095,DEM,H,TX,35,O,827.32,2026-09-26,2026-09-26,2026-09-26,dissemination,2026-09-21,CALIBER CONTACT,TEXT MESSAGES,2015348,F24,48,True,processed,G2026,G2026,SE.1184754,2026-09-27,https://docquery.fec.gov/cgi-bin/forms/C00960435/2015348/,https://docquery.fec.gov/cgi-bin/fecimg/?202609279908421167
No Going Back PAC,C00960435,R,TX-35,"GARCIA, JOHNNY",H6TX35095,DEM,H,TX,35,O,16163.91,2026-09-24,2026-09-26,2026-09-26,dissemination,2026-09-21,CALIBER CONTACT,DIRECT MAIL: PRINTING AND POSTAGE,2015290,F24,48,True,processed,G2026,G2026,SE.1184206.2,2026-09-26,https://docquery.fec.gov/cgi-bin/forms/C00960435/2015290/,https://docquery.fec.gov/cgi-bin/fecimg/?202609269908419608
No Going Back PAC,C00960435,R,TX-35,"DE LA CRUZ, CARLOS JR.",H6TX35087,REP,H,TX,35,S,16163.9,2026-09-24,2026-09-26,2026-09-26,dissemination,2026-09-21,CALIBER CONTACT,DIRECT MAIL: PRINTING AND POSTAGE,2015290,F24,48,True,processed,G2026,G2026,SE.1184206.1,2026-09-26,https://docquery.fec.gov/cgi-bin/forms/C00960435/2015290/,https://docquery.fec.gov/cgi-bin/fecimg/?202609269908419607
SLF,C00571703,R,IA-SEN,"TUREK, JOSHUA",S6IA00298,DEM,S,IA,00,O,2500.0,2026-09-25,2026-09-26,2026-09-26,dissemination,2026-09-21,RED ELEPHANT STRATEGY LLC,MEDIA PRODUCTION,2015476,F24,48,True,processed,G2026,G2026,SE.2,2026-09-28,https://docquery.fec.gov/cgi-bin/forms/C00571703/2015476/,https://docquery.fec.gov/cgi-bin/fecimg/?202609289908481384
SLF,C00571703,R,IA-SEN,"TUREK, JOSHUA",S6IA00298,DEM,S,IA,00,O,525712.0,2026-09-24,2026-09-26,2026-09-26,dissemination,2026-09-21,FLEXPOINT MEDIA,MEDIA PLACEMENT,2015476,F24,48,True,processed,G2026,G2026,SE.1,2026-09-28,https://docquery.fec.gov/cgi-bin/forms/C00571703/2015476/,https://docquery.fec.gov/cgi-bin/fecimg/?202609289908481384
SLF,C00571703,R,ME-SEN,"JACKSON, TROY DALE",S6ME00464,DEM,S,ME,00,O,17500.0,2026-09-25,2026-09-26,2026-09-26,dissemination,2026-09-21,DREAM AMERICA MEDIA,MEDIA PRODUCTION,2015476,F24,48,True,processed,G2026,G2026,SE.3,2026-09-28,https://docquery.fec.gov/cgi-bin/forms/C00571703/2015476/,https://docquery.fec.gov/cgi-bin/fecimg/?202609289908481385
SLF,C00571703,R,MI-SEN,"EL-SAYED, ABDUL",S6MI00418,DEM,S,MI,00,O,140800.0,2026-09-26,2026-09-26,2026-09-26,dissemination,2026-09-21,MHB MEDIA INC,MEDIA PLACEMENT,2015476,F24,48,True,processed,G2026,G2026,SE.4,2026-09-28,https://docquery.fec.gov/cgi-bin/forms/C00571703/2015476/,https://docquery.fec.gov/cgi-bin/fecimg/?202609289908481385
SLF,C00571703,R,NC-SEN,"COOPER, ROY",S6NC00407,DEM,S,NC,00,O,17500.0,2026-09-25,2026-09-26,2026-09-26,dissemination,2026-09-21,PRIME MEDIA PARTNERS LLC,MEDIA PRODUCTION,2015476,F24,48,True,processed,G2026,G2026,SE.5,2026-09-28,https://docquery.fec.gov/cgi-bin/forms/C00571703/2015476/,https://docquery.fec.gov/cgi-bin/fecimg/?202609289908481386
SLF,C00571703,R,NC-SEN,"COOPER, ROY",S6NC00407,DEM,S,NC,00,O,32650.0,2026-09-24,2026-09-26,2026-09-26,dissemination,2026-09-21,PRIME MEDIA PARTNERS LLC,MEDIA PRODUCTION,2015476,F24,48,True,processed,G2026,G2026,SE.6,2026-09-28,https://docquery.fec.gov/cgi-bin/forms/C00571703/2015476/,https://docquery.fec.gov/cgi-bin/fecimg/?202609289908481386
SLF,C00571703,R,OH-SEN,"BROWN, SHERROD",S6OH00163,DEM,S,OH,00,O,228800.0,2026-09-24,2026-09-26,2026-09-26,dissemination,2026-09-21,FLEXPOINT MEDIA,MEDIA PLACEMENT,2015476,F24,48,True,processed,G2026,G2026,SE.7,2026-09-28,https://docquery.fec.gov/cgi-bin/forms/C00571703/2015476/,https://docquery.fec.gov/cgi-bin/fecimg/?202609289908481387
WinSenate,C00865444,D,AK-SEN,"SULLIVAN, DAN",S4AK00214,REP,S,AK,00,O,9969.01,2026-09-26,2026-09-26,2026-09-26,dissemination,2026-09-21,ALIGNCO LLC,MEDIA PRODUCTION - ESTIMATE,2015445,F24,48,True,processed,G2026,G2026,500197539,2026-09-28,https://docquery.fec.gov/cgi-bin/forms/C00865444/2015445/,https://docquery.fec.gov/cgi-bin/fecimg/?202609289908480771
HMP,C00495028,D,ME-02,"LEPAGE, PAUL",H6ME02148,REP,H,ME,02,O,10795.02,2026-09-27,2026-09-27,2026-09-27,dissemination,2026-09-21,DECLARATION MEDIA,MEDIA PRODUCTION - ESTIMATE,2015579,F24,48,True,processed,G2026,G2026,500682216,2026-09-29,https://docquery.fec.gov/cgi-bin/forms/C00495028/2015579/,https://docquery.fec.gov/cgi-bin/fecimg/?202609299908492378
HMP,C00495028,D,MI-07,"BARRETT, THOMAS M.",H2MI07123,REP,H,MI,07,O,11276.42,2026-09-27,2026-09-27,2026-09-27,dissemination,2026-09-21,"THREE POINT MEDIA, LLC",MEDIA PRODUCTION - ESTIMATE,2015579,F24,48,True,processed,G2026,G2026,500682217,2026-09-29,https://docquery.fec.gov/cgi-bin/forms/C00495028/2015579/,https://docquery.fec.gov/cgi-bin/fecimg/?202609299908492378
No Going Back PAC,C00960435,R,FL-09,"SOTO, DARREN",H6FL09179,DEM,H,FL,09,O,1266.24,2026-09-29,2026-09-27,2026-09-27,dissemination,2026-09-21,CALIBER CONTACT,TEXT MESSAGES,2015608,F24,48,True,processed,G2026,G2026,SE.1185512,2026-09-29,https://docquery.fec.gov/cgi-bin/forms/C00960435/2015608/,https://docquery.fec.gov/cgi-bin/fecimg/?202609299908492909
No Going Back PAC,C00960435,R,MT-01,"FORSTAG, SAMUEL KELLEY",H6MT01137,DEM,H,MT,01,O,1140.24,2026-09-29,2026-09-27,2026-09-27,dissemination,2026-09-21,CALIBER CONTACT,TEXT MESSAGES,2015608,F24,48,True,processed,G2026,G2026,SE.1185518,2026-09-29,https://docquery.fec.gov/cgi-bin/forms/C00960435/2015608/,https://docquery.fec.gov/cgi-bin/fecimg/?202609299908492928
No Going Back PAC,C00960435,R,TX-09,"GUTIERREZ, LETICIA",H6TX09231,DEM,H,TX,09,O,4440.0,2026-09-29,2026-09-27,2026-09-27,dissemination,2026-09-21,CALIBER CONTACT,TEXT MESSAGES,2015608,F24,48,True,processed,G2026,G2026,SE.1185431,2026-09-29,https://docquery.fec.gov/cgi-bin/forms/C00960435/2015608/,https://docquery.fec.gov/cgi-bin/fecimg/?202609299908492927
No Going Back PAC,C00960435,R,TX-15,"PULIDO, BOBBY",H6TX15246,DEM,H,TX,15,O,727.4,2026-09-29,2026-09-27,2026-09-27,dissemination,2026-09-21,CALIBER CONTACT,TEXT MESSAGES,2015608,F24,48,True,processed,G2026,G2026,SE.1185495,2026-09-29,https://docquery.fec.gov/cgi-bin/forms/C00960435/2015608/,https://docquery.fec.gov/cgi-bin/fecimg/?202609299908492928
CLF,C00504530,R,PA-08,"COGNETTI, PAIGE",,,H,PA,08,O,60000.0,2026-09-25,2026-09-28,2026-09-28,dissemination,2026-09-28,PRIME MEDIA PARTNERS,MEDIA PRODUCTION,2015789,F24,48,True,processed,G2026,G2026,SE24.5893,2026-09-30,https://docquery.fec.gov/cgi-bin/forms/C00504530/2015789/,https://docquery.fec.gov/cgi-bin/fecimg/?202609309908498223
CLF,C00504530,R,PA-08,"COGNETTI, PAIGE",,,H,PA,08,O,13000.0,2026-09-25,2026-09-28,2026-09-28,dissemination,2026-09-28,PRIME MEDIA PARTNERS,MEDIA PRODUCTION,2015789,F24,48,True,processed,G2026,G2026,SE24.5892,2026-09-30,https://docquery.fec.gov/cgi-bin/forms/C00504530/2015789/,https://docquery.fec.gov/cgi-bin/fecimg/?202609309908498223
HMP,C00495028,D,CA-48,"DESMOND, JIM",H6CA49128,REP,H,CA,48,O,65980.72,2026-09-28,2026-09-28,2026-09-28,dissemination,2026-09-28,AGENCY,DIRECT MAIL - ESTIMATE,2015801,F24,48,True,processed,G2026,G2026,500682451,2026-09-30,https://docquery.fec.gov/cgi-bin/forms/C00495028/2015801/,https://docquery.fec.gov/cgi-bin/fecimg/?202609309908498347
HMP,C00495028,D,IA-01,"MILLER-MEEKS, MARIANNETTE JANE",H8IA02043,REP,H,IA,01,O,32218.91,2026-09-28,2026-09-28,2026-09-28,dissemination,2026-09-28,AGENCY,DIRECT MAIL - ESTIMATE,2015801,F24,48,True,processed,G2026,G2026,500682452,2026-09-30,https://docquery.fec.gov/cgi-bin/forms/C00495028/2015801/,https://docquery.fec.gov/cgi-bin/fecimg/?202609309908498347
HMP,C00495028,D,OH-09,"MERRIN, DEREK",H4OH09169,REP,H,OH,09,O,64250.29,2026-09-28,2026-09-28,2026-09-28,dissemination,2026-09-28,MOORE CAMPAIGNS,DIRECT MAIL - ESTIMATE,2015801,F24,48,True,processed,G2026,G2026,500682453,2026-09-30,https://docquery.fec.gov/cgi-bin/forms/C00495028/2015801/,https://docquery.fec.gov/cgi-bin/fecimg/?202609309908498350
HMP,C00495028,D,OH-15,"CAREY, MIKE",H2OH15228,REP,H,OH,15,O,42529.14,2026-09-28,2026-09-28,2026-09-28,dissemination,2026-09-28,DELIVER STRATEGIES LLC,DIRECT MAIL - ESTIMATE,2015801,F24,48,True,processed,G2026,G2026,500682454,2026-09-30,https://docquery.fec.gov/cgi-bin/forms/C00495028/2015801/,https://docquery.fec.gov/cgi-bin/fecimg/?202609309908498349
HMP,C00495028,D,PA-01,"FITZPATRICK, BRIAN",H6PA08277,REP,H,PA,01,O,44171.54,2026-09-28,2026-09-28,2026-09-28,dissemination,2026-09-28,RESONANCE CAMPAIGNS LLC,DIRECT MAIL - ESTIMATE,2015801,F24,48,True,processed,G2026,G2026,500682455,2026-09-30,https://docquery.fec.gov/cgi-bin/forms/C00495028/2015801/,https://docquery.fec.gov/cgi-bin/fecimg/?202609309908498351
HMP,C00495028,D,PA-08,"BRESNAHAN, ROB",H4PA08124,REP,H,PA,08,O,15475.29,2026-09-28,2026-09-28,2026-09-28,dissemination,2026-09-28,MOORE CAMPAIGNS,DIRECT MAIL - ESTIMATE,2015801,F24,48,True,processed,G2026,G2026,500682456,2026-09-30,https://docquery.fec.gov/cgi-bin/forms/C00495028/2015801/,https://docquery.fec.gov/cgi-bin/fecimg/?202609309908498350
HMP,C00495028,D,VA-02,"KIGGANS, JENNIFER",H2VA02064,REP,H,VA,02,O,43548.67,2026-09-28,2026-09-28,2026-09-28,dissemination,2026-09-28,"GDA WINS, LLC",DIRECT MAIL - ESTIMATE,2015801,F24,48,True,processed,G2026,G2026,500682457,2026-09-30,https://docquery.fec.gov/cgi-bin/forms/C00495028/2015801/,https://docquery.fec.gov/cgi-bin/fecimg/?202609309908498349
HMP,C00495028,D,WA-03,"BRAUN, JOHN",H6WA03275,REP,H,WA,03,O,58113.61,2026-09-28,2026-09-28,2026-09-28,dissemination,2026-09-28,"AMS COMMUNICATIONS, INC.",DIRECT MAIL - ESTIMATE,2015801,F24,48,True,processed,G2026,G2026,500682458,2026-09-30,https://docquery.fec.gov/cgi-bin/forms/C00495028/2015801/,https://docquery.fec.gov/cgi-bin/fecimg/?202609309908498348
HMP,C00495028,D,WI-03,"VAN ORDEN, DERRICK F.",H0WI03175,REP,H,WI,03,O,56706.15,2026-09-28,2026-09-28,2026-09-28,dissemination,2026-09-28,"AMS COMMUNICATIONS, INC.",DIRECT MAIL - ESTIMATE,2015801,F24,48,True,processed,G2026,G2026,500682459,2026-09-30,https://docquery.fec.gov/cgi-bin/forms/C00495028/2015801/,https://docquery.fec.gov/cgi-bin/fecimg/?202609309908498348
No Going Back PAC,C00960435,R,AK-AL,"HILL, BILL",H6AK01092,IND,H,AK,00,O,2150.92,2026-09-30,2026-09-28,2026-09-28,dissemination,2026-09-28,CALIBER CONTACT,TEXT MESSAGES,2015798,F24,48,True,processed,G2026,G2026,SE.1185770,2026-09-30,https://docquery.fec.gov/cgi-bin/forms/C00960435/2015798/,https://docquery.fec.gov/cgi-bin/fecimg/?202609309908498309
No Going Back PAC,C00960435,R,AL-02,"FIGURES, SHOMARI C.",H4AL02170,DEM,H,AL,02,O,16083.53,2026-09-24,2026-09-28,2026-09-28,dissemination,2026-09-28,WHISTLESTOP STRATEGIES LLC,DIRECT MAIL: PRINTING AND POSTAGE,2015608,F24,48,True,processed,G2026,G2026,SE.1184086.2,2026-09-29,https://docquery.fec.gov/cgi-bin/forms/C00960435/2015608/,https://docquery.fec.gov/cgi-bin/fecimg/?202609299908492919
No Going Back PAC,C00960435,R,AL-02,"MARQUES, RHETT",H6AL01086,REP,H,AL,02,S,16083.53,2026-09-24,2026-09-28,2026-09-28,dissemination,2026-09-28,WHISTLESTOP STRATEGIES LLC,DIRECT MAIL: PRINTING AND POSTAGE,2015608,F24,48,True,processed,G2026,G2026,SE.1184086.1,2026-09-29,https://docquery.fec.gov/cgi-bin/forms/C00960435/2015608/,https://docquery.fec.gov/cgi-bin/fecimg/?202609299908492918
No Going Back PAC,C00960435,R,CA-13,"GRAY, ADAM C.",H2CA13115,DEM,H,CA,13,O,35977.99,2026-09-21,2026-09-28,2026-09-28,dissemination,2026-09-28,OPTIMATES LLC,DIRECT MAIL: PRINTING AND POSTAGE,2015608,F24,48,True,processed,G2026,G2026,SE.1182836,2026-09-29,https://docquery.fec.gov/cgi-bin/forms/C00960435/2015608/,https://docquery.fec.gov/cgi-bin/fecimg/?202609299908492912
No Going Back PAC,C00960435,R,CO-08,"RUTINEL, MANNY",H6CO08013,DEM,H,CO,08,O,54060.0,2026-09-28,2026-09-28,2026-09-28,dissemination,2026-09-28,PT STRATEGY LLC,DIRECT MAIL: PRINTING AND POSTAGE,2015608,F24,48,True,processed,G2026,G2026,SE.1184664,2026-09-29,https://docquery.fec.gov/cgi-bin/forms/C00960435/2015608/,https://docquery.fec.gov/cgi-bin/fecimg/?202609299908492921
No Going Back PAC,C00960435,R,FL-07,"DALTON, BALE",H6FL07215,DEM,H,FL,07,O,17955.89,2026-09-24,2026-09-28,2026-09-28,dissemination,2026-09-28,WHISTLESTOP STRATEGIES LLC,DIRECT MAIL: PRINTING AND POSTAGE,2015608,F24,48,True,processed,G2026,G2026,SE.1184046.2,2026-09-29,https://docquery.fec.gov/cgi-bin/forms/C00960435/2015608/,https://docquery.fec.gov/cgi-bin/fecimg/?202609299908492915
No Going Back PAC,C00960435,R,FL-07,"ELIJAH, RYAN",H6FL07231,REP,H,FL,07,S,17955.89,2026-09-24,2026-09-28,2026-09-28,dissemination,2026-09-28,WHISTLESTOP STRATEGIES LLC,DIRECT MAIL: PRINTING AND POSTAGE,2015608,F24,48,True,processed,G2026,G2026,SE.1184046.1,2026-09-29,https://docquery.fec.gov/cgi-bin/forms/C00960435/2015608/,https://docquery.fec.gov/cgi-bin/fecimg/?202609299908492914
No Going Back PAC,C00960435,R,FL-14,"CASTOR, KATHY",H6FL11126,DEM,H,FL,14,O,6600.96,2026-09-29,2026-09-28,2026-09-28,dissemination,2026-09-28,CALIBER CONTACT,TEXT MESSAGES,2015608,F24,48,True,processed,G2026,G2026,SE.1185520,2026-09-29,https://docquery.fec.gov/cgi-bin/forms/C00960435/2015608/,https://docquery.fec.gov/cgi-bin/fecimg/?202609299908492930
No Going Back PAC,C00960435,R,FL-22,"DANDIYA, PIA",H6FL21059,DEM,H,FL,22,O,5525.6,2026-09-29,2026-09-28,2026-09-28,dissemination,2026-09-28,WHISTLESTOP STRATEGIES LLC,TEXT MESSAGES,2015608,F24,48,True,processed,G2026,G2026,SE.1184956,2026-09-29,https://docquery.fec.gov/cgi-bin/forms/C00960435/2015608/,https://docquery.fec.gov/cgi-bin/fecimg/?202609299908492930
No Going Back PAC,C00960435,R,GA-SEN,"OSSOFF, T. JONATHAN",S8GA00180,DEM,S,GA,00,O,183794.31,2026-09-24,2026-09-28,2026-09-28,dissemination,2026-09-28,WHISTLESTOP STRATEGIES LLC,DIRECT MAIL: PRINTING AND POSTAGE,2015608,F24,48,True,processed,G2026,G2026,SE.1184052.2,2026-09-29,https://docquery.fec.gov/cgi-bin/forms/C00960435/2015608/,https://docquery.fec.gov/cgi-bin/fecimg/?202609299908492903
No Going Back PAC,C00960435,R,GA-SEN,"COLLINS, MICHAEL A JR",S6GA00390,REP,S,GA,00,S,183794.31,2026-09-24,2026-09-28,2026-09-28,dissemination,2026-09-28,WHISTLESTOP STRATEGIES LLC,DIRECT MAIL: PRINTING AND POSTAGE,2015608,F24,48,True,processed,G2026,G2026,SE.1184052.1,2026-09-29,https://docquery.fec.gov/cgi-bin/forms/C00960435/2015608/,https://docquery.fec.gov/cgi-bin/fecimg/?202609299908492903
No Going Back PAC,C00960435,R,IA-03,"TRONE GARRIOTT, SARAH",H6IA03268,DEM,H,IA,03,O,31808.0,2026-09-28,2026-09-28,2026-09-28,dissemination,2026-09-28,PT STRATEGY LLC,DIRECT MAIL: PRINTING AND POSTAGE,2015608,F24,48,True,processed,G2026,G2026,SE.1184666,2026-09-29,https://docquery.fec.gov/cgi-bin/forms/C00960435/2015608/,https://docquery.fec.gov/cgi-bin/fecimg/?202609299908492906
No Going Back PAC,C00960435,R,KY-06,"DEMBO, ZACH",H6KY06184,DEM,H,KY,06,O,1500.64,2026-09-29,2026-09-28,2026-09-28,dissemination,2026-09-28,CALIBER CONTACT,TEXT MESSAGES,2015608,F24,48,True,processed,G2026,G2026,SE.1185460,2026-09-29,https://docquery.fec.gov/cgi-bin/forms/C00960435/2015608/,https://docquery.fec.gov/cgi-bin/fecimg/?202609299908492929
No Going Back PAC,C00960435,R,NH-SEN,"PAPPAS, CHRIS",S6NH00141,DEM,S,NH,00,O,28335.86,2026-09-24,2026-09-28,2026-09-28,dissemination,2026-09-28,WHISTLESTOP STRATEGIES LLC,DIRECT MAIL: PRINTING AND POSTAGE,2015608,F24,48,True,processed,G2026,G2026,SE.1184056.2,2026-09-29,https://docquery.fec.gov/cgi-bin/forms/C00960435/2015608/,https://docquery.fec.gov/cgi-bin/fecimg/?202609299908492918
No Going Back PAC,C00960435,R,NH-SEN,"SUNUNU, JOHN E.",S6NH00208,REP,S,NH,00,S,28335.87,2026-09-24,2026-09-28,2026-09-28,dissemination,2026-09-28,WHISTLESTOP STRATEGIES LLC,DIRECT MAIL: PRINTING AND POSTAGE,2015608,F24,48,True,processed,G2026,G2026,SE.1184056.1,2026-09-29,https://docquery.fec.gov/cgi-bin/forms/C00960435/2015608/,https://docquery.fec.gov/cgi-bin/fecimg/?202609299908492917
No Going Back PAC,C00960435,R,NJ-07,"KEAN, THOMAS JR.",H0NJ07261,REP,H,NJ,07,S,45932.48,2026-09-28,2026-09-28,2026-09-28,dissemination,2026-09-28,ELECTORAL COMMUNICATIONS GROUP LLC,DIRECT MAIL: PRINTING AND POSTAGE,2015608,F24,48,True,processed,G2026,G2026,SE.1184852.2,2026-09-29,https://docquery.fec.gov/cgi-bin/forms/C00960435/2015608/,https://docquery.fec.gov/cgi-bin/fecimg/?202609299908492924
No Going Back PAC,C00960435,R,NJ-07,"BENNETT, REBECCA",H6NJ07201,DEM,H,NJ,07,O,45932.48,2026-09-28,2026-09-28,2026-09-28,dissemination,2026-09-28,ELECTORAL COMMUNICATIONS GROUP LLC,DIRECT MAIL: PRINTING AND POSTAGE,2015608,F24,48,True,processed,G2026,G2026,SE.1184852.1,2026-09-29,https://docquery.fec.gov/cgi-bin/forms/C00960435/2015608/,https://docquery.fec.gov/cgi-bin/fecimg/?202609299908492923
No Going Back PAC,C00960435,R,NM-02,"VASQUEZ, GABRIEL",H2NM02191,DEM,H,NM,02,O,19530.12,2026-09-24,2026-09-28,2026-09-28,dissemination,2026-09-28,WHISTLESTOP STRATEGIES LLC,DIRECT MAIL: PRINTING AND POSTAGE,2015608,F24,48,True,processed,G2026,G2026,SE.1183992.2,2026-09-29,https://docquery.fec.gov/cgi-bin/forms/C00960435/2015608/,https://docquery.fec.gov/cgi-bin/fecimg/?202609299908492913
No Going Back PAC,C00960435,R,NM-02,"CUNNINGHAM, GREG",H6NM02127,REP,H,NM,02,S,19530.11,2026-09-24,2026-09-28,2026-09-28,dissemination,2026-09-28,WHISTLESTOP STRATEGIES LLC,DIRECT MAIL: PRINTING AND POSTAGE,2015608,F24,48,True,processed,G2026,G2026,SE.1183992.1,2026-09-29,https://docquery.fec.gov/cgi-bin/forms/C00960435/2015608/,https://docquery.fec.gov/cgi-bin/fecimg/?202609299908492912
No Going Back PAC,C00960435,R,NV-03,"LEE, SUSIE",H6NV04020,DEM,H,NV,03,O,50837.92,2026-09-28,2026-09-28,2026-09-28,dissemination,2026-09-28,ELECTORAL COMMUNICATIONS GROUP LLC,DIRECT MAIL: PRINTING AND POSTAGE,2015608,F24,48,True,processed,G2026,G2026,SE.1184856.2,2026-09-29,https://docquery.fec.gov/cgi-bin/forms/C00960435/2015608/,https://docquery.fec.gov/cgi-bin/fecimg/?202609299908492925
No Going Back PAC,C00960435,R,NV-03,"O'DONNELL, MARTY",H4NV03225,REP,H,NV,03,S,50837.92,2026-09-28,2026-09-28,2026-09-28,dissemination,2026-09-28,ELECTORAL COMMUNICATIONS GROUP LLC,DIRECT MAIL: PRINTING AND POSTAGE,2015608,F24,48,True,processed,G2026,G2026,SE.1184856.1,2026-09-29,https://docquery.fec.gov/cgi-bin/forms/C00960435/2015608/,https://docquery.fec.gov/cgi-bin/fecimg/?202609299908492923
No Going Back PAC,C00960435,R,NY-04,"GILLEN, LAURA",H2NY04244,DEM,H,NY,04,O,2092.96,2026-09-29,2026-09-28,2026-09-28,dissemination,2026-09-28,WHISTLESTOP STRATEGIES LLC,DIRECT MAIL: PRINTING AND POSTAGE,2015608,F24,48,True,processed,G2026,G2026,SE.1184960,2026-09-29,https://docquery.fec.gov/cgi-bin/forms/C00960435/2015608/,https://docquery.fec.gov/cgi-bin/fecimg/?202609299908492929
No Going Back PAC,C00960435,R,OH-01,"CONROY, ERIC",H6OH01138,REP,H,OH,01,S,27382.5,2026-09-28,2026-09-28,2026-09-28,dissemination,2026-09-28,PT STRATEGY LLC,DIRECT MAIL: PRINTING AND POSTAGE,2015608,F24,48,True,processed,G2026,G2026,SE.1184670.2,2026-09-29,https://docquery.fec.gov/cgi-bin/forms/C00960435/2015608/,https://docquery.fec.gov/cgi-bin/fecimg/?202609299908492907
No Going Back PAC,C00960435,R,OH-01,"LANDSMAN, GREG",H2OH01194,DEM,H,OH,01,O,82147.5,2026-09-28,2026-09-28,2026-09-28,dissemination,2026-09-28,PT STRATEGY LLC,DIRECT MAIL: PRINTING AND POSTAGE,2015608,F24,48,True,processed,G2026,G2026,SE.1184670.1,2026-09-29,https://docquery.fec.gov/cgi-bin/forms/C00960435/2015608/,https://docquery.fec.gov/cgi-bin/fecimg/?202609299908492906
No Going Back PAC,C00960435,R,OH-09,"MERRIN, DEREK",H4OH09169,REP,H,OH,09,S,39392.0,2026-09-28,2026-09-28,2026-09-28,dissemination,2026-09-28,PT STRATEGY LLC,DIRECT MAIL: PRINTING AND POSTAGE,2015608,F24,48,True,processed,G2026,G2026,SE.1184673.2,2026-09-29,https://docquery.fec.gov/cgi-bin/forms/C00960435/2015608/,https://docquery.fec.gov/cgi-bin/fecimg/?202609299908492908
No Going Back PAC,C00960435,R,OH-09,"KAPTUR, MARCY HON. M.C.",H2OH09031,DEM,H,OH,09,O,39392.0,2026-09-28,2026-09-28,2026-09-28,dissemination,2026-09-28,PT STRATEGY LLC,DIRECT MAIL: PRINTING AND POSTAGE,2015608,F24,48,True,processed,G2026,G2026,SE.1184673.1,2026-09-29,https://docquery.fec.gov/cgi-bin/forms/C00960435/2015608/,https://docquery.fec.gov/cgi-bin/fecimg/?202609299908492907
No Going Back PAC,C00960435,R,PA-07,"BROOKS, BOB",H6PA07188,DEM,H,PA,07,O,63884.0,2026-09-28,2026-09-28,2026-09-28,dissemination,2026-09-28,PT STRATEGY LLC,DIRECT MAIL: PRINTING AND POSTAGE,2015608,F24,48,True,processed,G2026,G2026,SE.1184738,2026-09-29,https://docquery.fec.gov/cgi-bin/forms/C00960435/2015608/,https://docquery.fec.gov/cgi-bin/fecimg/?202609299908492922
No Going Back PAC,C00960435,R,PA-10,"PERRY, SCOTT",H2PA04135,REP,H,PA,10,S,21542.0,2026-09-28,2026-09-28,2026-09-28,dissemination,2026-09-28,PT STRATEGY LLC,DIRECT MAIL: PRINTING AND POSTAGE,2015608,F24,48,True,processed,G2026,G2026,SE.1184678.2,2026-09-29,https://docquery.fec.gov/cgi-bin/forms/C00960435/2015608/,https://docquery.fec.gov/cgi-bin/fecimg/?202609299908492910
No Going Back PAC,C00960435,R,PA-10,"STELSON, JANELLE",H4PA10104,DEM,H,PA,10,O,50568.0,2026-09-28,2026-09-28,2026-09-28,dissemination,2026-09-28,PT STRATEGY LLC,DIRECT MAIL: PRINTING AND POSTAGE,2015608,F24,48,True,processed,G2026,G2026,SE.1184678.1,2026-09-29,https://docquery.fec.gov/cgi-bin/forms/C00960435/2015608/,https://docquery.fec.gov/cgi-bin/fecimg/?202609299908492908
SLF,C00571703,R,AK-SEN,"PELTOLA, MARY",S6AK00276,DEM,S,AK,00,O,83393.18,2026-09-24,2026-09-28,2026-09-28,dissemination,2026-09-28,RIVAL STRATEGY GROUP LLC,POSTAGE / PRINTING / PRODUCTION,2015783,F24,48,True,processed,G2026,G2026,SE.1,2026-09-30,https://docquery.fec.gov/cgi-bin/forms/C00571703/2015783/,https://docquery.fec.gov/cgi-bin/fecimg/?202609309908498186
SLF,C00571703,R,IA-SEN,"TUREK, JOSHUA",S6IA00298,DEM,S,IA,00,O,10000.0,2026-09-29,2026-09-28,2026-09-28,dissemination,2026-09-28,RED ELEPHANT STRATEGY LLC,MEDIA PRODUCTION,2015783,F24,48,True,processed,G2026,G2026,SE.2,2026-09-30,https://docquery.fec.gov/cgi-bin/forms/C00571703/2015783/,https://docquery.fec.gov/cgi-bin/fecimg/?202609309908498186
SLF,C00571703,R,IA-SEN,"TUREK, JOSHUA",S6IA00298,DEM,S,IA,00,O,34921.0,2026-09-14,2026-09-28,2026-09-28,dissemination,2026-09-28,RED ELEPHANT STRATEGY LLC,MEDIA PRODUCTION,2015783,F24,48,True,processed,G2026,G2026,SE.3,2026-09-30,https://docquery.fec.gov/cgi-bin/forms/C00571703/2015783/,https://docquery.fec.gov/cgi-bin/fecimg/?202609309908498187
SLF,C00571703,R,MI-SEN,"EL-SAYED, ABDUL",S6MI00418,DEM,S,MI,00,O,302789.0,2026-09-24,2026-09-28,2026-09-28,dissemination,2026-09-28,STORYTELLERS GROUP LLC,POSTAGE / PRINTING / PRODUCTION,2015783,F24,48,True,processed,G2026,G2026,SE.4,2026-09-30,https://docquery.fec.gov/cgi-bin/forms/C00571703/2015783/,https://docquery.fec.gov/cgi-bin/fecimg/?202609309908498187
SLF,C00571703,R,OH-SEN,"BROWN, SHERROD",S6OH00163,DEM,S,OH,00,O,16000.0,2026-09-28,2026-09-28,2026-09-28,dissemination,2026-09-28,SOMETHING ELSE STRATEGIES LLC,MEDIA PRODUCTION,2015783,F24,48,True,processed,G2026,G2026,SE.5,2026-09-30,https://docquery.fec.gov/cgi-bin/forms/C00571703/2015783/,https://docquery.fec.gov/cgi-bin/fecimg/?202609309908498188
Texas PAC,C00960211,R,TX-SEN,"TALARICO, JAMES",S6TX00479,DEM,S,TX,00,O,373961.07,2026-09-25,2026-09-28,2026-09-28,dissemination,2026-09-28,GOLDFINCH PARTNERS LLC,PRINTING/POSTAGE,2015764,F24,48,True,processed,G2026,G2026,SE24.28,2026-09-30,https://docquery.fec.gov/cgi-bin/forms/C00960211/2015764/,https://docquery.fec.gov/cgi-bin/fecimg/?202609309908496933
Texas PAC,C00960211,R,TX-SEN,"PAXTON, WARREN KENNETH JR.",S6TX00388,REP,S,TX,00,S,373961.08,2026-09-25,2026-09-28,2026-09-28,dissemination,2026-09-28,GOLDFINCH PARTNERS LLC,PRINTING/POSTAGE,2015764,F24,48,True,processed,G2026,G2026,SE24.27,2026-09-30,https://docquery.fec.gov/cgi-bin/forms/C00960211/2015764/,https://docquery.fec.gov/cgi-bin/fecimg/?202609309908496933
WinSenate,C00865444,D,ME-SEN,"COLLINS, SUSAN",S6ME00159,REP,S,ME,00,O,21393.49,2026-09-28,2026-09-28,2026-09-28,dissemination,2026-09-28,"MVAR MEDIA, LLC",MEDIA PRODUCTION - ESTIMATE,2015770,F24,48,True,processed,G2026,G2026,500197546,2026-09-30,https://docquery.fec.gov/cgi-bin/forms/C00865444/2015770/,https://docquery.fec.gov/cgi-bin/fecimg/?202609309908496969
WinSenate,C00865444,D,NH-SEN,"PAPPAS, CHRIS",S6NH00141,DEM,S,NH,00,S,7300.0,2026-09-28,2026-09-28,2026-09-28,dissemination,2026-09-28,AL MEDIA LLC,MEDIA PRODUCTION - ESTIMATE,2015770,F24,48,True,processed,G2026,G2026,500197577,2026-09-30,https://docquery.fec.gov/cgi-bin/forms/C00865444/2015770/,https://docquery.fec.gov/cgi-bin/fecimg/?202609309908496969
CLF,C00504530,R,CA-22,"VILLEGAS, RANDY",,,H,CA,22,O,13000.0,2026-09-30,2026-09-29,2026-09-29,dissemination,2026-09-28,PRIME MEDIA PARTNERS,MEDIA PRODUCTION,2016060,F24,48,True,processed,G2026,G2026,SE24.5934,2026-10-01,https://docquery.fec.gov/cgi-bin/forms/C00504530/2016060/,https://docquery.fec.gov/cgi-bin/fecimg/?202610019908502699
CLF,C00504530,R,MI-08,"MCDONALD RIVET, KRISTEN",,,H,MI,08,O,72991.18,2026-09-30,2026-09-29,2026-09-29,dissemination,2026-09-28,MOTIVE MEDIA,MEDIA PRODUCTION,2016060,F24,48,True,processed,G2026,G2026,SE24.5936,2026-10-01,https://docquery.fec.gov/cgi-bin/forms/C00504530/2016060/,https://docquery.fec.gov/cgi-bin/fecimg/?202610019908502699
CLF,C00504530,R,NC-01,"DAVIS, DON",,,H,NC,01,O,13000.0,2026-09-29,2026-09-29,2026-09-29,dissemination,2026-09-28,THE HEREFORD AGENCY,MEDIA PRODUCTION,2016060,F24,48,True,processed,G2026,G2026,SE24.5930,2026-10-01,https://docquery.fec.gov/cgi-bin/forms/C00504530/2016060/,https://docquery.fec.gov/cgi-bin/fecimg/?202610019908502700
CLF,C00504530,R,NM-02,"VASQUEZ, GABRIEL",,,H,NM,02,O,13000.0,2026-09-29,2026-09-29,2026-09-29,dissemination,2026-09-28,ONMESSAGE INC.,MEDIA PRODUCTION,2016060,F24,48,True,processed,G2026,G2026,SE24.5928,2026-10-01,https://docquery.fec.gov/cgi-bin/forms/C00504530/2016060/,https://docquery.fec.gov/cgi-bin/fecimg/?202610019908502700
CLF,C00504530,R,OH-09,"KAPTUR, HON. M.C. MARCY",,,H,OH,09,O,15000.0,2026-09-29,2026-09-29,2026-09-29,dissemination,2026-09-28,HONOLD COMMUNICATIONS,MEDIA PRODUCTION,2016060,F24,48,True,processed,G2026,G2026,SE24.5933,2026-10-01,https://docquery.fec.gov/cgi-bin/forms/C00504530/2016060/,https://docquery.fec.gov/cgi-bin/fecimg/?202610019908502701
HMP,C00495028,D,AK-AL,"BEGICH, NICHOLAS III",H2AK01083,REP,H,AK,00,O,243057.0,,2026-09-29,2026-09-29,dissemination,2026-09-28,Wavelength Strategy LLC,Digital Advertising - Estimate,2016167,F24,F24A,True,efile,,"inferred general (e-file feed, no election code)",500682697,2026-10-01,https://docquery.fec.gov/cgi-bin/forms/C00495028/2016167/,https://docquery.fec.gov/cgi-bin/fecimg/?202610019908503931
HMP,C00495028,D,AZ-06,"CISCOMANI, JUAN",H2AZ02360,REP,H,AZ,06,O,3500.0,,2026-09-29,2026-09-29,dissemination,2026-09-28,Solidarity Strategies LLC,Media Production - Estimate,2016167,F24,F24A,True,efile,,"inferred general (e-file feed, no election code)",500682930,2026-10-01,https://docquery.fec.gov/cgi-bin/forms/C00495028/2016167/,https://docquery.fec.gov/cgi-bin/fecimg/?202610019908503913
HMP,C00495028,D,AZ-06,"CISCOMANI, JUAN",H2AZ02360,REP,H,AZ,06,O,14688.0,,2026-09-29,2026-09-29,dissemination,2026-09-28,Waterfront Strategies Inc.,Radio Advertising - Estimate,2016167,F24,F24A,True,efile,,"inferred general (e-file feed, no election code)",500682683,2026-10-01,https://docquery.fec.gov/cgi-bin/forms/C00495028/2016167/,https://docquery.fec.gov/cgi-bin/fecimg/?202610019908503925
HMP,C00495028,D,AZ-06,"CISCOMANI, JUAN",H2AZ02360,REP,H,AZ,06,O,130310.0,,2026-09-29,2026-09-29,dissemination,2026-09-28,Uplift Campaigns,Digital Advertising - Estimate,2016167,F24,F24A,True,efile,,"inferred general (e-file feed, no election code)",500682682,2026-10-01,https://docquery.fec.gov/cgi-bin/forms/C00495028/2016167/,https://docquery.fec.gov/cgi-bin/fecimg/?202610019908503918
HMP,C00495028,D,AZ-06,"CISCOMANI, JUAN",H2AZ02360,REP,H,AZ,06,O,38003.0,,2026-09-29,2026-09-29,dissemination,2026-09-28,The Strategy Group,Direct Mail - Estimate,2016167,F24,F24A,True,efile,,"inferred general (e-file feed, no election code)",500682681,2026-10-01,https://docquery.fec.gov/cgi-bin/forms/C00495028/2016167/,https://docquery.fec.gov/cgi-bin/fecimg/?202610019908503915
HMP,C00495028,D,AZ-06,"CISCOMANI, JUAN",H2AZ02360,REP,H,AZ,06,O,4500.0,,2026-09-29,2026-09-29,dissemination,2026-09-28,Solidarity Strategies LLC,Media Production - Estimate,2016167,F24,F24A,True,efile,,"inferred general (e-file feed, no election code)",500682680,2026-10-01,https://docquery.fec.gov/cgi-bin/forms/C00495028/2016167/,https://docquery.fec.gov/cgi-bin/fecimg/?202610019908503912
HMP,C00495028,D,CA-22,"VALADAO, DAVID",H2CA20094,REP,H,CA,22,O,140400.0,,2026-09-29,2026-09-29,dissemination,2026-09-28,Waterfront Strategies Inc.,Television Advertising - Estimate,2016167,F24,F24A,True,efile,,"inferred general (e-file feed, no election code)",500682654,2026-10-01,https://docquery.fec.gov/cgi-bin/forms/C00495028/2016167/,https://docquery.fec.gov/cgi-bin/fecimg/?202610019908503921
HMP,C00495028,D,CA-22,"VALADAO, DAVID",H2CA20094,REP,H,CA,22,O,25920.0,,2026-09-29,2026-09-29,dissemination,2026-09-28,Waterfront Strategies Inc.,Radio Advertising - Estimate,2016167,F24,F24A,True,efile,,"inferred general (e-file feed, no election code)",500682653,2026-10-01,https://docquery.fec.gov/cgi-bin/forms/C00495028/2016167/,https://docquery.fec.gov/cgi-bin/fecimg/?202610019908503920
HMP,C00495028,D,CA-22,"VALADAO, DAVID",H2CA20094,REP,H,CA,22,O,35000.0,,2026-09-29,2026-09-29,dissemination,2026-09-28,Trilogy Interactive LLC,Digital Advertising - Estimate,2016167,F24,F24A,True,efile,,"inferred general (e-file feed, no election code)",500682652,2026-10-01,https://docquery.fec.gov/cgi-bin/forms/C00495028/2016167/,https://docquery.fec.gov/cgi-bin/fecimg/?202610019908503916
HMP,C00495028,D,CA-48,"DESMOND, JIM",H6CA49128,REP,H,CA,48,O,281480.0,,2026-09-29,2026-09-29,dissemination,2026-09-28,Wavelength Strategy LLC,Digital Advertising - Estimate,2016167,F24,F24A,True,efile,,"inferred general (e-file feed, no election code)",500682676,2026-10-01,https://docquery.fec.gov/cgi-bin/forms/C00495028/2016167/,https://docquery.fec.gov/cgi-bin/fecimg/?202610019908503931
HMP,C00495028,D,CA-48,"DESMOND, JIM",H6CA49128,REP,H,CA,48,O,575424.0,,2026-09-29,2026-09-29,dissemination,2026-09-28,Waterfront Strategies Inc.,Television Advertising - Estimate,2016167,F24,F24A,True,efile,,"inferred general (e-file feed, no election code)",500682675,2026-10-01,https://docquery.fec.gov/cgi-bin/forms/C00495028/2016167/,https://docquery.fec.gov/cgi-bin/fecimg/?202610019908503924
HMP,C00495028,D,CA-48,"DESMOND, JIM",H6CA49128,REP,H,CA,48,O,44928.0,,2026-09-29,2026-09-29,dissemination,2026-09-28,Waterfront Strategies Inc.,Radio Advertising - Estimate,2016167,F24,F24A,True,efile,,"inferred general (e-file feed, no election code)",500682674,2026-10-01,https://docquery.fec.gov/cgi-bin/forms/C00495028/2016167/,https://docquery.fec.gov/cgi-bin/fecimg/?202610019908503924
HMP,C00495028,D,CA-48,"DESMOND, JIM",H6CA49128,REP,H,CA,48,O,2500.0,,2026-09-29,2026-09-29,dissemination,2026-09-28,Solidarity Strategies LLC,Media Production - Estimate,2016167,F24,F24A,True,efile,,"inferred general (e-file feed, no election code)",500682673,2026-10-01,https://docquery.fec.gov/cgi-bin/forms/C00495028/2016167/,https://docquery.fec.gov/cgi-bin/fecimg/?202610019908503912
HMP,C00495028,D,CA-48,"DESMOND, JIM",H6CA49128,REP,H,CA,48,O,7500.0,,2026-09-29,2026-09-29,dissemination,2026-09-28,Social Currant,Media Production - Estimate,2016167,F24,F24A,True,efile,,"inferred general (e-file feed, no election code)",500682672,2026-10-01,https://docquery.fec.gov/cgi-bin/forms/C00495028/2016167/,https://docquery.fec.gov/cgi-bin/fecimg/?202610019908503911
HMP,C00495028,D,CO-08,"EVANS, TIMOTHY GABRIEL JOSEPH",H4CO08034,REP,H,CO,08,O,37402.0,,2026-09-29,2026-09-29,dissemination,2026-09-28,Wavelength Strategy LLC,Digital Advertising - Estimate,2016167,F24,F24A,True,efile,,"inferred general (e-file feed, no election code)",500682667,2026-10-01,https://docquery.fec.gov/cgi-bin/forms/C00495028/2016167/,https://docquery.fec.gov/cgi-bin/fecimg/?202610019908503930
HMP,C00495028,D,CO-08,"EVANS, TIMOTHY GABRIEL JOSEPH",H4CO08034,REP,H,CO,08,O,21600.0,,2026-09-29,2026-09-29,dissemination,2026-09-28,Waterfront Strategies Inc.,Radio Advertising - Estimate,2016167,F24,F24A,True,efile,,"inferred general (e-file feed, no election code)",500682666,2026-10-01,https://docquery.fec.gov/cgi-bin/forms/C00495028/2016167/,https://docquery.fec.gov/cgi-bin/fecimg/?202610019908503923
HMP,C00495028,D,FL-13,"GRAY, LEELA",H6FL13312,DEM,H,FL,13,S,8000.0,,2026-09-29,2026-09-29,dissemination,2026-09-28,Blueprint Interactive,Media Production - Estimate,2016167,F24,F24A,True,efile,,"inferred general (e-file feed, no election code)",500682686,2026-10-01,https://docquery.fec.gov/cgi-bin/forms/C00495028/2016167/,https://docquery.fec.gov/cgi-bin/fecimg/?202610019908503895
HMP,C00495028,D,FL-13,"GRAY, LEELA",H6FL13312,DEM,H,FL,13,S,32500.0,,2026-09-29,2026-09-29,dissemination,2026-09-28,Blueprint Interactive,Digital Advertising - Estimate,2016167,F24,F24A,True,efile,,"inferred general (e-file feed, no election code)",500682685,2026-10-01,https://docquery.fec.gov/cgi-bin/forms/C00495028/2016167/,https://docquery.fec.gov/cgi-bin/fecimg/?202610019908503894
HMP,C00495028,D,FL-13,"PAULINA LUNA, ANNA",H0FL13158,REP,H,FL,13,O,8000.0,,2026-09-29,2026-09-29,dissemination,2026-09-28,Blueprint Interactive,Media Production - Estimate,2016167,F24,F24A,True,efile,,"inferred general (e-file feed, no election code)",500682643,2026-10-01,https://docquery.fec.gov/cgi-bin/forms/C00495028/2016167/,https://docquery.fec.gov/cgi-bin/fecimg/?202610019908503893
HMP,C00495028,D,FL-13,"PAULINA LUNA, ANNA",H0FL13158,REP,H,FL,13,O,74500.0,,2026-09-29,2026-09-29,dissemination,2026-09-28,Blueprint Interactive,Digital Advertising - Estimate,2016167,F24,F24A,True,efile,,"inferred general (e-file feed, no election code)",500682642,2026-10-01,https://docquery.fec.gov/cgi-bin/forms/C00495028/2016167/,https://docquery.fec.gov/cgi-bin/fecimg/?202610019908503892
HMP,C00495028,D,FL-13,"PAULINA LUNA, ANNA",H0FL13158,REP,H,FL,13,O,10338.0,,2026-09-29,2026-09-29,dissemination,2026-09-28,Adwell,Media Production - Estimate,2016167,F24,F24A,True,efile,,"inferred general (e-file feed, no election code)",500682641,2026-10-01,https://docquery.fec.gov/cgi-bin/forms/C00495028/2016167/,https://docquery.fec.gov/cgi-bin/fecimg/?202610019908503889
HMP,C00495028,D,FL-14,"BELTRAN, MIKE",H6FL14237,REP,H,FL,14,O,596160.0,,2026-09-29,2026-09-29,dissemination,2026-09-28,Waterfront Strategies Inc.,Television Advertising - Estimate,2016167,F24,F24A,True,efile,,"inferred general (e-file feed, no election code)",500682689,2026-10-01,https://docquery.fec.gov/cgi-bin/forms/C00495028/2016167/,https://docquery.fec.gov/cgi-bin/fecimg/?202610019908503925
HMP,C00495028,D,FL-14,"BELTRAN, MIKE",H6FL14237,REP,H,FL,14,O,12000.0,,2026-09-29,2026-09-29,dissemination,2026-09-28,"TKO Political, LLC",Media Production - Estimate,2016167,F24,F24A,True,efile,,"inferred general (e-file feed, no election code)",500682688,2026-10-01,https://docquery.fec.gov/cgi-bin/forms/C00495028/2016167/,https://docquery.fec.gov/cgi-bin/fecimg/?202610019908503916
HMP,C00495028,D,FL-22,"ASKAR, CASEY",H0FL19221,REP,H,FL,22,O,54930.0,,2026-09-29,2026-09-29,dissemination,2026-09-28,Moxie Media,Direct Mail - Estimate,2016167,F24,F24A,True,efile,,"inferred general (e-file feed, no election code)",500682650,2026-10-01,https://docquery.fec.gov/cgi-bin/forms/C00495028/2016167/,https://docquery.fec.gov/cgi-bin/fecimg/?202610019908503901
HMP,C00495028,D,FL-25,"SINGER, SCOTT M.",H6FL23188,REP,H,FL,25,O,19500.0,,2026-09-29,2026-09-29,dissemination,2026-09-28,Solidarity Strategies LLC,Media Production - Estimate,2016167,F24,F24A,True,efile,,"inferred general (e-file feed, no election code)",500682712,2026-10-01,https://docquery.fec.gov/cgi-bin/forms/C00495028/2016167/,https://docquery.fec.gov/cgi-bin/fecimg/?202610019908503913
HMP,C00495028,D,FL-25,"SINGER, SCOTT M.",H6FL23188,REP,H,FL,25,O,191130.0,,2026-09-29,2026-09-29,dissemination,2026-09-28,SKDKnickerbocker LLC,Digital Advertising - Estimate,2016167,F24,F24A,True,efile,,"inferred general (e-file feed, no election code)",500682711,2026-10-01,https://docquery.fec.gov/cgi-bin/forms/C00495028/2016167/,https://docquery.fec.gov/cgi-bin/fecimg/?202610019908503908
HMP,C00495028,D,IA-02,"MITCHELL, JOE",H6IA02237,REP,H,IA,02,O,180984.0,,2026-09-29,2026-09-29,dissemination,2026-09-28,SKDKnickerbocker LLC,Digital Advertising - Estimate,2016167,F24,F24A,True,efile,,"inferred general (e-file feed, no election code)",500682677,2026-10-01,https://docquery.fec.gov/cgi-bin/forms/C00495028/2016167/,https://docquery.fec.gov/cgi-bin/fecimg/?202610019908503908
HMP,C00495028,D,ME-02,"LEPAGE, PAUL",H6ME02148,REP,H,ME,02,O,868320.0,,2026-09-29,2026-09-29,dissemination,2026-09-28,Waterfront Strategies Inc.,Television Advertising - Estimate,2016167,F24,F24A,True,efile,,"inferred general (e-file feed, no election code)",500682700,2026-10-01,https://docquery.fec.gov/cgi-bin/forms/C00495028/2016167/,https://docquery.fec.gov/cgi-bin/fecimg/?202610019908503927
HMP,C00495028,D,ME-02,"LEPAGE, PAUL",H6ME02148,REP,H,ME,02,O,11150.0,,2026-09-29,2026-09-29,dissemination,2026-09-28,AL Media LLC,Media Production - Estimate,2016167,F24,F24A,True,efile,,"inferred general (e-file feed, no election code)",500682699,2026-10-01,https://docquery.fec.gov/cgi-bin/forms/C00495028/2016167/,https://docquery.fec.gov/cgi-bin/fecimg/?202610019908503890
HMP,C00495028,D,ME-02,"LEPAGE, PAUL",H6ME02148,REP,H,ME,02,O,170872.0,,2026-09-29,2026-09-29,dissemination,2026-09-28,AL Media LLC,Digital Advertising - Estimate,2016167,F24,F24A,True,efile,,"inferred general (e-file feed, no election code)",500682698,2026-10-01,https://docquery.fec.gov/cgi-bin/forms/C00495028/2016167/,https://docquery.fec.gov/cgi-bin/fecimg/?202610019908503890
HMP,C00495028,D,MI-07,"LAWRENCE, WILLIAM",H6MI07298,DEM,H,MI,07,S,65411.0,,2026-09-29,2026-09-29,dissemination,2026-09-28,SKDKnickerbocker LLC,Digital Advertising - Estimate,2016167,F24,F24A,True,efile,,"inferred general (e-file feed, no election code)",500682722,2026-10-01,https://docquery.fec.gov/cgi-bin/forms/C00495028/2016167/,https://docquery.fec.gov/cgi-bin/fecimg/?202610019908503910
HMP,C00495028,D,MI-07,"BARRETT, THOMAS M.",H2MI07123,REP,H,MI,07,O,696319.0,,2026-09-29,2026-09-29,dissemination,2026-09-28,Waterfront Strategies Inc.,Television Advertising - Estimate,2016167,F24,F24A,True,efile,,"inferred general (e-file feed, no election code)",500682719,2026-10-01,https://docquery.fec.gov/cgi-bin/forms/C00495028/2016167/,https://docquery.fec.gov/cgi-bin/fecimg/?202610019908503929
HMP,C00495028,D,MI-07,"BARRETT, THOMAS M.",H2MI07123,REP,H,MI,07,O,4685.0,,2026-09-29,2026-09-29,dissemination,2026-09-28,Technicolor Politcal LLC,Media Production - Estimate,2016167,F24,F24A,True,efile,,"inferred general (e-file feed, no election code)",500682718,2026-10-01,https://docquery.fec.gov/cgi-bin/forms/C00495028/2016167/,https://docquery.fec.gov/cgi-bin/fecimg/?202610019908503914
HMP,C00495028,D,MI-07,"BARRETT, THOMAS M.",H2MI07123,REP,H,MI,07,O,196864.0,,2026-09-29,2026-09-29,dissemination,2026-09-28,SKDKnickerbocker LLC,Digital Advertising - Estimate,2016167,F24,F24A,True,efile,,"inferred general (e-file feed, no election code)",500682717,2026-10-01,https://docquery.fec.gov/cgi-bin/forms/C00495028/2016167/,https://docquery.fec.gov/cgi-bin/fecimg/?202610019908503909
HMP,C00495028,D,MI-07,"BARRETT, THOMAS M.",H2MI07123,REP,H,MI,07,O,7782.0,,2026-09-29,2026-09-29,dissemination,2026-09-28,SKDKnickerbocker LLC,Media Production - Estimate,2016167,F24,F24A,True,efile,,"inferred general (e-file feed, no election code)",500682716,2026-10-01,https://docquery.fec.gov/cgi-bin/forms/C00495028/2016167/,https://docquery.fec.gov/cgi-bin/fecimg/?202610019908503909
HMP,C00495028,D,MI-10,"BOUCHARD, MICHAEL",H6MI10359,REP,H,MI,10,O,67620.0,,2026-09-29,2026-09-29,dissemination,2026-09-28,"The Pivot Group, Inc.",Direct Mail - Estimate,2016167,F24,F24A,True,efile,,"inferred general (e-file feed, no election code)",500682690,2026-10-01,https://docquery.fec.gov/cgi-bin/forms/C00495028/2016167/,https://docquery.fec.gov/cgi-bin/fecimg/?202610019908503915
HMP,C00495028,D,MI-10,"HINES, CHRISTINA",H6MI10276,DEM,H,MI,10,S,56000.0,,2026-09-29,2026-09-29,dissemination,2026-09-28,SKDKnickerbocker LLC,Digital Advertising - Estimate,2016167,F24,F24A,True,efile,,"inferred general (e-file feed, no election code)",500682651,2026-10-01,https://docquery.fec.gov/cgi-bin/forms/C00495028/2016167/,https://docquery.fec.gov/cgi-bin/fecimg/?202610019908503907
HMP,C00495028,D,NC-01,"BUCKHOUT, LAURIE",H4NC01137,REP,H,NC,01,O,77061.0,,2026-09-29,2026-09-29,dissemination,2026-09-28,Gambit Strategies LLC,Digital Advertising - Estimate,2016167,F24,F24A,True,efile,,"inferred general (e-file feed, no election code)",500682684,2026-10-01,https://docquery.fec.gov/cgi-bin/forms/C00495028/2016167/,https://docquery.fec.gov/cgi-bin/fecimg/?202610019908503899
HMP,C00495028,D,NC-01,"DAVIS, DON",H2NC02287,DEM,H,NC,01,S,43540.0,,2026-09-29,2026-09-29,dissemination,2026-09-28,Gambit Strategies LLC,Digital Advertising - Estimate,2016167,F24,F24A,True,efile,,"inferred general (e-file feed, no election code)",500682661,2026-10-01,https://docquery.fec.gov/cgi-bin/forms/C00495028/2016167/,https://docquery.fec.gov/cgi-bin/fecimg/?202610019908503899
HMP,C00495028,D,NC-11,"BALKCOM, JENNIFER",H6NC11321,REP,H,NC,11,O,128439.0,,2026-09-29,2026-09-29,dissemination,2026-09-28,Blueprint Interactive,Digital Advertising - Estimate,2016167,F24,F24A,True,efile,,"inferred general (e-file feed, no election code)",500682669,2026-10-01,https://docquery.fec.gov/cgi-bin/forms/C00495028/2016167/,https://docquery.fec.gov/cgi-bin/fecimg/?202610019908503894
HMP,C00495028,D,NE-02,"HARDING, BRINKER",H6NE02208,REP,H,NE,02,O,101425.0,,2026-09-29,2026-09-29,dissemination,2026-09-28,Blueprint Interactive,Digital Advertising - Estimate,2016167,F24,F24A,True,efile,,"inferred general (e-file feed, no election code)",500682649,2026-10-01,https://docquery.fec.gov/cgi-bin/forms/C00495028/2016167/,https://docquery.fec.gov/cgi-bin/fecimg/?202610019908503893
HMP,C00495028,D,NJ-07,"KEAN, THOMAS JR.",H0NJ07089,,H,NJ,07,O,113400.0,,2026-09-29,2026-09-29,dissemination,2026-09-28,Waterfront Strategies Inc.,Television Advertising - Estimate,2016167,F24,F24A,True,efile,,"inferred general (e-file feed, no election code)",500682721,2026-10-01,https://docquery.fec.gov/cgi-bin/forms/C00495028/2016167/,https://docquery.fec.gov/cgi-bin/fecimg/?202610019908503930
HMP,C00495028,D,NJ-07,"KEAN, THOMAS JR.",H0NJ07089,,H,NJ,07,O,257400.0,,2026-09-29,2026-09-29,dissemination,2026-09-28,Gambit Strategies LLC,Digital Advertising - Estimate,2016167,F24,F24A,True,efile,,"inferred general (e-file feed, no election code)",500682720,2026-10-01,https://docquery.fec.gov/cgi-bin/forms/C00495028/2016167/,https://docquery.fec.gov/cgi-bin/fecimg/?202610019908503900
HMP,C00495028,D,NM-02,"CUNNINGHAM, GREG",H6NM02127,REP,H,NM,02,O,107333.0,,2026-09-29,2026-09-29,dissemination,2026-09-28,Uplift Campaigns,Digital Advertising - Estimate,2016167,F24,F24A,True,efile,,"inferred general (e-file feed, no election code)",500682668,2026-10-01,https://docquery.fec.gov/cgi-bin/forms/C00495028/2016167/,https://docquery.fec.gov/cgi-bin/fecimg/?202610019908503918
HMP,C00495028,D,NY-17,"LAWLER, MICHAEL VINCENT",H2NY17162,REP,H,NY,17,O,58320.0,,2026-09-29,2026-09-29,dissemination,2026-09-28,Waterfront Strategies Inc.,Television Advertising - Estimate,2016167,F24,F24A,True,efile,,"inferred general (e-file feed, no election code)",500682694,2026-10-01,https://docquery.fec.gov/cgi-bin/forms/C00495028/2016167/,https://docquery.fec.gov/cgi-bin/fecimg/?202610019908503926
HMP,C00495028,D,NY-17,"LAWLER, MICHAEL VINCENT",H2NY17162,REP,H,NY,17,O,20000.0,,2026-09-29,2026-09-29,dissemination,2026-09-28,"Rising Tide Interactive, LLC",Media Production - Estimate,2016167,F24,F24A,True,efile,,"inferred general (e-file feed, no election code)",500682693,2026-10-01,https://docquery.fec.gov/cgi-bin/forms/C00495028/2016167/,https://docquery.fec.gov/cgi-bin/fecimg/?202610019908503906
HMP,C00495028,D,NY-17,"LAWLER, MICHAEL VINCENT",H2NY17162,REP,H,NY,17,O,104256.0,,2026-09-29,2026-09-29,dissemination,2026-09-28,"Rising Tide Interactive, LLC",Digital Advertising - Estimate,2016167,F24,F24A,True,efile,,"inferred general (e-file feed, no election code)",500682692,2026-10-01,https://docquery.fec.gov/cgi-bin/forms/C00495028/2016167/,https://docquery.fec.gov/cgi-bin/fecimg/?202610019908503906
HMP,C00495028,D,NY-17,"LAWLER, MICHAEL VINCENT",H2NY17162,REP,H,NY,17,O,14959.0,,2026-09-29,2026-09-29,dissemination,2026-09-28,Dixon Davis Media Group LLC,Media Production - Estimate,2016167,F24,F24A,True,efile,,"inferred general (e-file feed, no election code)",500682691,2026-10-01,https://docquery.fec.gov/cgi-bin/forms/C00495028/2016167/,https://docquery.fec.gov/cgi-bin/fecimg/?202610019908503898
HMP,C00495028,D,OH-09,"KAPTUR, MARCY HON. M.C.",H2OH09031,DEM,H,OH,09,S,42000.0,,2026-09-29,2026-09-29,dissemination,2026-09-28,MVAR Media LLC,Digital Advertising - Estimate,2016167,F24,F24A,True,efile,,"inferred general (e-file feed, no election code)",500682687,2026-10-01,https://docquery.fec.gov/cgi-bin/forms/C00495028/2016167/,https://docquery.fec.gov/cgi-bin/fecimg/?202610019908503903
HMP,C00495028,D,OH-09,"MERRIN, DEREK",H4OH09169,REP,H,OH,09,O,130000.0,,2026-09-29,2026-09-29,dissemination,2026-09-28,MVAR Media LLC,Digital Advertising - Estimate,2016167,F24,F24A,True,efile,,"inferred general (e-file feed, no election code)",500682655,2026-10-01,https://docquery.fec.gov/cgi-bin/forms/C00495028/2016167/,https://docquery.fec.gov/cgi-bin/fecimg/?202610019908503902
HMP,C00495028,D,PA-01,"FITZPATRICK, BRIAN",H6PA08277,REP,H,PA,01,O,4636.0,,2026-09-29,2026-09-29,dissemination,2026-09-28,Technicolor Politcal LLC,Media Production - Estimate,2016167,F24,F24A,True,efile,,"inferred general (e-file feed, no election code)",500682648,2026-10-01,https://docquery.fec.gov/cgi-bin/forms/C00495028/2016167/,https://docquery.fec.gov/cgi-bin/fecimg/?202610019908503914
HMP,C00495028,D,PA-01,"FITZPATRICK, BRIAN",H6PA08277,REP,H,PA,01,O,11527.0,,2026-09-29,2026-09-29,dissemination,2026-09-28,Ralston Lapp Guinn Media,Media Production - Estimate,2016167,F24,F24A,True,efile,,"inferred general (e-file feed, no election code)",500682647,2026-10-01,https://docquery.fec.gov/cgi-bin/forms/C00495028/2016167/,https://docquery.fec.gov/cgi-bin/fecimg/?202610019908503903
HMP,C00495028,D,PA-01,"FITZPATRICK, BRIAN",H6PA08277,REP,H,PA,01,O,11850.0,,2026-09-29,2026-09-29,dissemination,2026-09-28,Waterfront Strategies Inc.,Media Production - Estimate,2016167,F24,F24A,True,efile,,"inferred general (e-file feed, no election code)",500682646,2026-10-01,https://docquery.fec.gov/cgi-bin/forms/C00495028/2016167/,https://docquery.fec.gov/cgi-bin/fecimg/?202610019908503920
HMP,C00495028,D,PA-01,"FITZPATRICK, BRIAN",H6PA08277,REP,H,PA,01,O,159989.0,,2026-09-29,2026-09-29,dissemination,2026-09-28,Waterfront Strategies Inc.,Digital Advertising - Estimate,2016167,F24,F24A,True,efile,,"inferred general (e-file feed, no election code)",500682645,2026-10-01,https://docquery.fec.gov/cgi-bin/forms/C00495028/2016167/,https://docquery.fec.gov/cgi-bin/fecimg/?202610019908503919
HMP,C00495028,D,PA-07,"MACKENZIE, RYAN E.",H8PA15195,REP,H,PA,07,O,6048.0,,2026-09-29,2026-09-29,dissemination,2026-09-28,Waterfront Strategies Inc.,Radio Advertising - Estimate,2016167,F24,F24A,True,efile,,"inferred general (e-file feed, no election code)",500682707,2026-10-01,https://docquery.fec.gov/cgi-bin/forms/C00495028/2016167/,https://docquery.fec.gov/cgi-bin/fecimg/?202610019908503927
HMP,C00495028,D,PA-07,"MACKENZIE, RYAN E.",H8PA15195,REP,H,PA,07,O,5432.0,,2026-09-29,2026-09-29,dissemination,2026-09-28,"Conexion Political, LLC",Media Production - Estimate,2016167,F24,F24A,True,efile,,"inferred general (e-file feed, no election code)",500682706,2026-10-01,https://docquery.fec.gov/cgi-bin/forms/C00495028/2016167/,https://docquery.fec.gov/cgi-bin/fecimg/?202610019908503896
HMP,C00495028,D,PA-07,"MACKENZIE, RYAN E.",H8PA15195,REP,H,PA,07,O,130875.0,,2026-09-29,2026-09-29,dissemination,2026-09-28,Gambit Strategies LLC,Digital Advertising - Estimate,2016167,F24,F24A,True,efile,,"inferred general (e-file feed, no election code)",500682705,2026-10-01,https://docquery.fec.gov/cgi-bin/forms/C00495028/2016167/,https://docquery.fec.gov/cgi-bin/fecimg/?202610019908503900
HMP,C00495028,D,PA-07,"BROOKS, BOB",H6PA07188,DEM,H,PA,07,S,6725.0,,2026-09-29,2026-09-29,dissemination,2026-09-28,Gambit Strategies LLC,Digital Advertising - Estimate,2016167,F24,F24A,True,efile,,"inferred general (e-file feed, no election code)",500682644,2026-10-01,https://docquery.fec.gov/cgi-bin/forms/C00495028/2016167/,https://docquery.fec.gov/cgi-bin/fecimg/?202610019908503898
HMP,C00495028,D,PA-10,"PERRY, SCOTT",H2PA04135,REP,H,PA,10,O,691200.0,,2026-09-29,2026-09-29,dissemination,2026-09-28,Waterfront Strategies Inc.,Television Advertising - Estimate,2016167,F24,F24A,True,efile,,"inferred general (e-file feed, no election code)",500682710,2026-10-01,https://docquery.fec.gov/cgi-bin/forms/C00495028/2016167/,https://docquery.fec.gov/cgi-bin/fecimg/?202610019908503928
HMP,C00495028,D,PA-10,"PERRY, SCOTT",H2PA04135,REP,H,PA,10,O,20446.0,,2026-09-29,2026-09-29,dissemination,2026-09-28,Blueprint Interactive,Digital Advertising - Estimate,2016167,F24,F24A,True,efile,,"inferred general (e-file feed, no election code)",500682709,2026-10-01,https://docquery.fec.gov/cgi-bin/forms/C00495028/2016167/,https://docquery.fec.gov/cgi-bin/fecimg/?202610019908503895
HMP,C00495028,D,PA-10,"PERRY, SCOTT",H2PA04135,REP,H,PA,10,O,8578.0,,2026-09-29,2026-09-29,dissemination,2026-09-28,Adwell,Media Production - Estimate,2016167,F24,F24A,True,efile,,"inferred general (e-file feed, no election code)",500682708,2026-10-01,https://docquery.fec.gov/cgi-bin/forms/C00495028/2016167/,https://docquery.fec.gov/cgi-bin/fecimg/?202610019908503889
HMP,C00495028,D,TX-15,"DE LA CRUZ, MONICA",H0TX15124,REP,H,TX,15,O,25920.0,,2026-09-29,2026-09-29,dissemination,2026-09-28,Waterfront Strategies Inc.,Radio Advertising - Estimate,2016167,F24,F24A,True,efile,,"inferred general (e-file feed, no election code)",500682696,2026-10-01,https://docquery.fec.gov/cgi-bin/forms/C00495028/2016167/,https://docquery.fec.gov/cgi-bin/fecimg/?202610019908503926
HMP,C00495028,D,TX-15,"DE LA CRUZ, MONICA",H0TX15124,REP,H,TX,15,O,229105.0,,2026-09-29,2026-09-29,dissemination,2026-09-28,Uplift Campaigns,Digital Advertising - Estimate,2016167,F24,F24A,True,efile,,"inferred general (e-file feed, no election code)",500682695,2026-10-01,https://docquery.fec.gov/cgi-bin/forms/C00495028/2016167/,https://docquery.fec.gov/cgi-bin/fecimg/?202610019908503919
HMP,C00495028,D,TX-28,"TIJERINA, TANO",H6TX28124,REP,H,TX,28,O,22464.0,,2026-09-29,2026-09-29,dissemination,2026-09-28,Waterfront Strategies Inc.,Radio Advertising - Estimate,2016167,F24,F24A,True,efile,,"inferred general (e-file feed, no election code)",500682715,2026-10-01,https://docquery.fec.gov/cgi-bin/forms/C00495028/2016167/,https://docquery.fec.gov/cgi-bin/fecimg/?202610019908503929
HMP,C00495028,D,TX-28,"TIJERINA, TANO",H6TX28124,REP,H,TX,28,O,189452.0,,2026-09-29,2026-09-29,dissemination,2026-09-28,Waterfront Strategies Inc.,Digital Advertising - Estimate,2016167,F24,F24A,True,efile,,"inferred general (e-file feed, no election code)",500682714,2026-10-01,https://docquery.fec.gov/cgi-bin/forms/C00495028/2016167/,https://docquery.fec.gov/cgi-bin/fecimg/?202610019908503928
HMP,C00495028,D,TX-34,"FLORES, ERIC",H6TX34080,REP,H,TX,34,O,25920.0,,2026-09-29,2026-09-29,dissemination,2026-09-28,Waterfront Strategies Inc.,Radio Advertising - Estimate,2016167,F24,F24A,True,efile,,"inferred general (e-file feed, no election code)",500682665,2026-10-01,https://docquery.fec.gov/cgi-bin/forms/C00495028/2016167/,https://docquery.fec.gov/cgi-bin/fecimg/?202610019908503923
HMP,C00495028,D,TX-34,"FLORES, ERIC",H6TX34080,REP,H,TX,34,O,12225.0,,2026-09-29,2026-09-29,dissemination,2026-09-28,Ralston Lapp Guinn Media,Media Production - Estimate,2016167,F24,F24A,True,efile,,"inferred general (e-file feed, no election code)",500682664,2026-10-01,https://docquery.fec.gov/cgi-bin/forms/C00495028/2016167/,https://docquery.fec.gov/cgi-bin/fecimg/?202610019908503904
HMP,C00495028,D,TX-34,"FLORES, ERIC",H6TX34080,REP,H,TX,34,O,11850.0,,2026-09-29,2026-09-29,dissemination,2026-09-28,Waterfront Strategies Inc.,Media Production - Estimate,2016167,F24,F24A,True,efile,,"inferred general (e-file feed, no election code)",500682663,2026-10-01,https://docquery.fec.gov/cgi-bin/forms/C00495028/2016167/,https://docquery.fec.gov/cgi-bin/fecimg/?202610019908503922
HMP,C00495028,D,TX-34,"FLORES, ERIC",H6TX34080,REP,H,TX,34,O,218667.0,,2026-09-29,2026-09-29,dissemination,2026-09-28,Waterfront Strategies Inc.,Digital Advertising - Estimate,2016167,F24,F24A,True,efile,,"inferred general (e-file feed, no election code)",500682662,2026-10-01,https://docquery.fec.gov/cgi-bin/forms/C00495028/2016167/,https://docquery.fec.gov/cgi-bin/fecimg/?202610019908503922
HMP,C00495028,D,VA-01,"TAYLOR, SHANNON LEIGH",H6VA01299,DEM,H,VA,01,S,5100.0,,2026-09-29,2026-09-29,dissemination,2026-09-28,AL Media LLC,Digital Advertising - Estimate,2016167,F24,F24A,True,efile,,"inferred general (e-file feed, no election code)",500682713,2026-10-01,https://docquery.fec.gov/cgi-bin/forms/C00495028/2016167/,https://docquery.fec.gov/cgi-bin/fecimg/?202610019908503892
HMP,C00495028,D,VA-01,"WITTMAN, ROBERT MR.",H8VA01147,REP,H,VA,01,O,17294.0,,2026-09-29,2026-09-29,dissemination,2026-09-28,Moxie Media,Direct Mail - Estimate,2016167,F24,F24A,True,efile,,"inferred general (e-file feed, no election code)",500682704,2026-10-01,https://docquery.fec.gov/cgi-bin/forms/C00495028/2016167/,https://docquery.fec.gov/cgi-bin/fecimg/?202610019908503902
HMP,C00495028,D,VA-01,"WITTMAN, ROBERT MR.",H8VA01147,REP,H,VA,01,O,10937.0,,2026-09-29,2026-09-29,dissemination,2026-09-28,Declaration Media,Media Production - Estimate,2016167,F24,F24A,True,efile,,"inferred general (e-file feed, no election code)",500682703,2026-10-01,https://docquery.fec.gov/cgi-bin/forms/C00495028/2016167/,https://docquery.fec.gov/cgi-bin/fecimg/?202610019908503896
HMP,C00495028,D,VA-01,"WITTMAN, ROBERT MR.",H8VA01147,REP,H,VA,01,O,10250.0,,2026-09-29,2026-09-29,dissemination,2026-09-28,AL Media LLC,Media Production - Estimate,2016167,F24,F24A,True,efile,,"inferred general (e-file feed, no election code)",500682702,2026-10-01,https://docquery.fec.gov/cgi-bin/forms/C00495028/2016167/,https://docquery.fec.gov/cgi-bin/fecimg/?202610019908503891
HMP,C00495028,D,VA-01,"WITTMAN, ROBERT MR.",H8VA01147,REP,H,VA,01,O,202177.0,,2026-09-29,2026-09-29,dissemination,2026-09-28,AL Media LLC,Digital Advertising - Estimate,2016167,F24,F24A,True,efile,,"inferred general (e-file feed, no election code)",500682701,2026-10-01,https://docquery.fec.gov/cgi-bin/forms/C00495028/2016167/,https://docquery.fec.gov/cgi-bin/fecimg/?202610019908503891
HMP,C00495028,D,VA-02,"KIGGANS, JENNIFER",H2VA02064,REP,H,VA,02,O,5000.0,,2026-09-29,2026-09-29,dissemination,2026-09-28,Social Currant,Media Production - Estimate,2016167,F24,F24A,True,efile,,"inferred general (e-file feed, no election code)",500683022,2026-10-01,https://docquery.fec.gov/cgi-bin/forms/C00495028/2016167/,https://docquery.fec.gov/cgi-bin/fecimg/?202610019908503911
HMP,C00495028,D,VA-02,"KIGGANS, JENNIFER",H2VA02064,REP,H,VA,02,O,2000.0,,2026-09-29,2026-09-29,dissemination,2026-09-28,Trilogy Interactive LLC,Media Production - Estimate,2016167,F24,F24A,True,efile,,"inferred general (e-file feed, no election code)",500682671,2026-10-01,https://docquery.fec.gov/cgi-bin/forms/C00495028/2016167/,https://docquery.fec.gov/cgi-bin/fecimg/?202610019908503917
HMP,C00495028,D,VA-02,"KIGGANS, JENNIFER",H2VA02064,REP,H,VA,02,O,22500.0,,2026-09-29,2026-09-29,dissemination,2026-09-28,Trilogy Interactive LLC,Digital Advertising - Estimate,2016167,F24,F24A,True,efile,,"inferred general (e-file feed, no election code)",500682670,2026-10-01,https://docquery.fec.gov/cgi-bin/forms/C00495028/2016167/,https://docquery.fec.gov/cgi-bin/fecimg/?202610019908503917
HMP,C00495028,D,WA-03,"BRAUN, JOHN",H6WA03275,REP,H,WA,03,O,58792.0,,2026-09-29,2026-09-29,dissemination,2026-09-28,House Majority Forward,In-kind Media Production - Estimate,2016167,F24,F24A,True,efile,,"inferred general (e-file feed, no election code)",500682979,2026-10-01,https://docquery.fec.gov/cgi-bin/forms/C00495028/2016167/,https://docquery.fec.gov/cgi-bin/fecimg/?202610019908503901
HMP,C00495028,D,WA-03,"BRAUN, JOHN",H6WA03275,REP,H,WA,03,O,145183.0,,2026-09-29,2026-09-29,dissemination,2026-09-28,"Rising Tide Interactive, LLC",Digital Advertising - Estimate,2016167,F24,F24A,True,efile,,"inferred general (e-file feed, no election code)",500682723,2026-10-01,https://docquery.fec.gov/cgi-bin/forms/C00495028/2016167/,https://docquery.fec.gov/cgi-bin/fecimg/?202610019908503907
HMP,C00495028,D,WA-03,"BRAUN, JOHN",H6WA03275,REP,H,WA,03,O,16000.0,,2026-09-29,2026-09-29,dissemination,2026-09-28,"Rising Tide Interactive, LLC",Media Production - Estimate,2016167,F24,F24A,True,efile,,"inferred general (e-file feed, no election code)",500682679,2026-10-01,https://docquery.fec.gov/cgi-bin/forms/C00495028/2016167/,https://docquery.fec.gov/cgi-bin/fecimg/?202610019908503905
HMP,C00495028,D,WA-03,"BRAUN, JOHN",H6WA03275,REP,H,WA,03,O,12420.0,,2026-09-29,2026-09-29,dissemination,2026-09-28,Dixon Davis Media Group LLC,Media Production - Estimate,2016167,F24,F24A,True,efile,,"inferred general (e-file feed, no election code)",500682678,2026-10-01,https://docquery.fec.gov/cgi-bin/forms/C00495028/2016167/,https://docquery.fec.gov/cgi-bin/fecimg/?202610019908503897
HMP,C00495028,D,WI-03,"VAN ORDEN, DERRICK F.",H0WI03175,REP,H,WI,03,O,343872.0,,2026-09-29,2026-09-29,dissemination,2026-09-28,Waterfront Strategies Inc.,Television Advertising - Estimate,2016167,F24,F24A,True,efile,,"inferred general (e-file feed, no election code)",500682660,2026-10-01,https://docquery.fec.gov/cgi-bin/forms/C00495028/2016167/,https://docquery.fec.gov/cgi-bin/fecimg/?202610019908503921
HMP,C00495028,D,WI-03,"VAN ORDEN, DERRICK F.",H0WI03175,REP,H,WI,03,O,5000.0,,2026-09-29,2026-09-29,dissemination,2026-09-28,Social Currant,Media Production - Estimate,2016167,F24,F24A,True,efile,,"inferred general (e-file feed, no election code)",500682659,2026-10-01,https://docquery.fec.gov/cgi-bin/forms/C00495028/2016167/,https://docquery.fec.gov/cgi-bin/fecimg/?202610019908503910
HMP,C00495028,D,WI-03,"VAN ORDEN, DERRICK F.",H0WI03175,REP,H,WI,03,O,2000.0,,2026-09-29,2026-09-29,dissemination,2026-09-28,"Rising Tide Interactive, LLC",Media Production - Estimate,2016167,F24,F24A,True,efile,,"inferred general (e-file feed, no election code)",500682658,2026-10-01,https://docquery.fec.gov/cgi-bin/forms/C00495028/2016167/,https://docquery.fec.gov/cgi-bin/fecimg/?202610019908503905
HMP,C00495028,D,WI-03,"VAN ORDEN, DERRICK F.",H0WI03175,REP,H,WI,03,O,254663.0,,2026-09-29,2026-09-29,dissemination,2026-09-28,"Rising Tide Interactive, LLC",Digital Advertising - Estimate,2016167,F24,F24A,True,efile,,"inferred general (e-file feed, no election code)",500682657,2026-10-01,https://docquery.fec.gov/cgi-bin/forms/C00495028/2016167/,https://docquery.fec.gov/cgi-bin/fecimg/?202610019908503904
HMP,C00495028,D,WI-03,"VAN ORDEN, DERRICK F.",H0WI03175,REP,H,WI,03,O,6428.0,,2026-09-29,2026-09-29,dissemination,2026-09-28,Dixon Davis Media Group LLC,Media Production - Estimate,2016167,F24,F24A,True,efile,,"inferred general (e-file feed, no election code)",500682656,2026-10-01,https://docquery.fec.gov/cgi-bin/forms/C00495028/2016167/,https://docquery.fec.gov/cgi-bin/fecimg/?202610019908503897
No Going Back PAC,C00960435,R,AL-02,"FIGURES, SHOMARI C.",H4AL02170,DEM,H,AL,02,O,2258.64,2026-09-30,2026-09-29,2026-09-29,dissemination,2026-09-28,WHISTLESTOP STRATEGIES LLC,TEXT MESSAGES,2015798,F24,48,True,processed,G2026,G2026,SE.1185404,2026-09-30,https://docquery.fec.gov/cgi-bin/forms/C00960435/2015798/,https://docquery.fec.gov/cgi-bin/fecimg/?202609309908498313
No Going Back PAC,C00960435,R,AZ-06,"MENDOZA, JOANNA",H6AZ06099,DEM,H,AZ,06,O,1252.4,2026-09-28,2026-09-29,2026-09-29,dissemination,2026-09-28,CREATIVE DIRECT,TEXT MESSAGES,2015608,F24,48,True,processed,G2026,G2026,SE.1185161,2026-09-29,https://docquery.fec.gov/cgi-bin/forms/C00960435/2015608/,https://docquery.fec.gov/cgi-bin/fecimg/?202609299908492926
No Going Back PAC,C00960435,R,CO-05,"CRANK, JEFF",H6CO05142,REP,H,CO,05,S,34087.0,2026-09-30,2026-09-29,2026-09-29,dissemination,2026-09-28,PT STRATEGY LLC,DIRECT MAIL: PRINTING AND POSTAGE,2015798,F24,48,True,processed,G2026,G2026,SE.1184999.2,2026-09-30,https://docquery.fec.gov/cgi-bin/forms/C00960435/2015798/,https://docquery.fec.gov/cgi-bin/fecimg/?202609309908498315
No Going Back PAC,C00960435,R,CO-05,"KILLIN, JESSICA WILLOW",H6CO05324,DEM,H,CO,05,O,102261.0,2026-09-30,2026-09-29,2026-09-29,dissemination,2026-09-28,PT STRATEGY LLC,DIRECT MAIL: PRINTING AND POSTAGE,2015798,F24,48,True,processed,G2026,G2026,SE.1184999.1,2026-09-30,https://docquery.fec.gov/cgi-bin/forms/C00960435/2015798/,https://docquery.fec.gov/cgi-bin/fecimg/?202609309908498314
No Going Back PAC,C00960435,R,FL-22,"DANDIYA, PIA",H6FL21059,DEM,H,FL,22,O,33216.68,2026-09-24,2026-09-29,2026-09-29,dissemination,2026-09-28,WHISTLESTOP STRATEGIES LLC,DIRECT MAIL: PRINTING AND POSTAGE,2015608,F24,48,True,processed,G2026,G2026,SE.1184104.2,2026-09-29,https://docquery.fec.gov/cgi-bin/forms/C00960435/2015608/,https://docquery.fec.gov/cgi-bin/fecimg/?202609299908492916
No Going Back PAC,C00960435,R,FL-22,"ASKAR, CASEY",H6FL22248,REP,H,FL,22,S,33216.67,2026-09-24,2026-09-29,2026-09-29,dissemination,2026-09-28,WHISTLESTOP STRATEGIES LLC,DIRECT MAIL: PRINTING AND POSTAGE,2015608,F24,48,True,processed,G2026,G2026,SE.1184104.1,2026-09-29,https://docquery.fec.gov/cgi-bin/forms/C00960435/2015608/,https://docquery.fec.gov/cgi-bin/fecimg/?202609299908492915
No Going Back PAC,C00960435,R,FL-25,"MOSKOWITZ, JARED",H2FL22171,DEM,H,FL,25,O,39671.13,2026-09-24,2026-09-29,2026-09-29,dissemination,2026-09-28,WHISTLESTOP STRATEGIES LLC,DIRECT MAIL: PRINTING AND POSTAGE,2015608,F24,48,True,processed,G2026,G2026,SE.1184049.2,2026-09-29,https://docquery.fec.gov/cgi-bin/forms/C00960435/2015608/,https://docquery.fec.gov/cgi-bin/fecimg/?202609299908492917
No Going Back PAC,C00960435,R,FL-25,"SINGER, SCOTT M.",H6FL23188,REP,H,FL,25,S,39671.12,2026-09-24,2026-09-29,2026-09-29,dissemination,2026-09-28,WHISTLESTOP STRATEGIES LLC,DIRECT MAIL: PRINTING AND POSTAGE,2015608,F24,48,True,processed,G2026,G2026,SE.1184049.1,2026-09-29,https://docquery.fec.gov/cgi-bin/forms/C00960435/2015608/,https://docquery.fec.gov/cgi-bin/fecimg/?202609299908492916
No Going Back PAC,C00960435,R,KY-06,"ALVARADO, RALPH A",H6KY06192,REP,H,KY,06,S,24673.99,2026-09-30,2026-09-29,2026-09-29,dissemination,2026-09-28,CALIBER CONTACT,DIRECT MAIL: PRINTING AND POSTAGE,2015798,F24,48,True,processed,G2026,G2026,SE.1185992.1,2026-09-30,https://docquery.fec.gov/cgi-bin/forms/C00960435/2015798/,https://docquery.fec.gov/cgi-bin/fecimg/?202609309908498325
No Going Back PAC,C00960435,R,KY-06,"DEMBO, ZACH",H6KY06184,DEM,H,KY,06,O,24673.99,2026-09-30,2026-09-29,2026-09-29,dissemination,2026-09-28,CALIBER CONTACT,DIRECT MAIL: PRINTING AND POSTAGE,2015798,F24,48,True,processed,G2026,G2026,SE.1185992.2,2026-09-30,https://docquery.fec.gov/cgi-bin/forms/C00960435/2015798/,https://docquery.fec.gov/cgi-bin/fecimg/?202609309908498324
No Going Back PAC,C00960435,R,MI-04,"MCCANN, SEAN",H6MI04204,DEM,H,MI,04,O,1862.0,2026-09-30,2026-09-29,2026-09-29,dissemination,2026-09-28,"1892, LLC",TEXT MESSAGES,2015798,F24,48,True,processed,G2026,G2026,SE.1184939,2026-09-30,https://docquery.fec.gov/cgi-bin/forms/C00960435/2015798/,https://docquery.fec.gov/cgi-bin/fecimg/?202609309908498325
No Going Back PAC,C00960435,R,MI-07,"LAWRENCE, WILLIAM",H6MI07298,DEM,H,MI,07,O,926.0,2026-09-30,2026-09-29,2026-09-29,dissemination,2026-09-28,"1892, LLC",TEXT MESSAGES,2015798,F24,48,True,processed,G2026,G2026,SE.1185264,2026-09-30,https://docquery.fec.gov/cgi-bin/forms/C00960435/2015798/,https://docquery.fec.gov/cgi-bin/fecimg/?202609309908498326
No Going Back PAC,C00960435,R,MI-08,"MCDONALD RIVET, KRISTEN",H4MI08218,DEM,H,MI,08,O,12992.49,2026-09-25,2026-09-29,2026-09-29,dissemination,2026-09-28,WHISTLESTOP STRATEGIES LLC,DIRECT MAIL: PRINTING AND POSTAGE,2015608,F24,48,True,processed,G2026,G2026,SE.1184434.2,2026-09-29,https://docquery.fec.gov/cgi-bin/forms/C00960435/2015608/,https://docquery.fec.gov/cgi-bin/fecimg/?202609299908492905
No Going Back PAC,C00960435,R,MI-08,"SMITH, THOMAS JAMES MR",H6MI08312,REP,H,MI,08,S,12992.49,2026-09-25,2026-09-29,2026-09-29,dissemination,2026-09-28,WHISTLESTOP STRATEGIES LLC,DIRECT MAIL: PRINTING AND POSTAGE,2015608,F24,48,True,processed,G2026,G2026,SE.1184434.1,2026-09-29,https://docquery.fec.gov/cgi-bin/forms/C00960435/2015608/,https://docquery.fec.gov/cgi-bin/fecimg/?202609299908492904
No Going Back PAC,C00960435,R,MI-10,"HINES, CHRISTINA",H6MI10276,DEM,H,MI,10,O,766.0,2026-09-30,2026-09-29,2026-09-29,dissemination,2026-09-28,"1892, LLC",TEXT MESSAGES,2015798,F24,48,True,processed,G2026,G2026,SE.1185152,2026-09-30,https://docquery.fec.gov/cgi-bin/forms/C00960435/2015798/,https://docquery.fec.gov/cgi-bin/fecimg/?202609309908498327
No Going Back PAC,C00960435,R,NH-01,"SHAHEEN, STEFANY",H6NH01321,DEM,H,NH,01,O,14926.62,2026-09-24,2026-09-29,2026-09-29,dissemination,2026-09-28,WHISTLESTOP STRATEGIES LLC,DIRECT MAIL: PRINTING AND POSTAGE,2015608,F24,48,True,processed,G2026,G2026,SE.1184017.2,2026-09-29,https://docquery.fec.gov/cgi-bin/forms/C00960435/2015608/,https://docquery.fec.gov/cgi-bin/fecimg/?202609299908492914
No Going Back PAC,C00960435,R,NH-01,"DILORENZO, ANTHONY",H6NH01420,REP,H,NH,01,S,14926.62,2026-09-24,2026-09-29,2026-09-29,dissemination,2026-09-28,WHISTLESTOP STRATEGIES LLC,DIRECT MAIL: PRINTING AND POSTAGE,2015608,F24,48,True,processed,G2026,G2026,SE.1184017.1,2026-09-29,https://docquery.fec.gov/cgi-bin/forms/C00960435/2015608/,https://docquery.fec.gov/cgi-bin/fecimg/?202609299908492913
No Going Back PAC,C00960435,R,NH-SEN,"PAPPAS, CHRIS",S6NH00141,DEM,S,NH,00,O,2964.24,2026-09-30,2026-09-29,2026-09-29,dissemination,2026-09-28,WHISTLESTOP STRATEGIES LLC,TEXT MESSAGES,2015798,F24,48,True,processed,G2026,G2026,SE.1185266,2026-09-30,https://docquery.fec.gov/cgi-bin/forms/C00960435/2015798/,https://docquery.fec.gov/cgi-bin/fecimg/?202609309908498331
No Going Back PAC,C00960435,R,NJ-09,"POU, NELIDA",H4NJ09194,DEM,H,NJ,09,O,2069.2,2026-09-30,2026-09-29,2026-09-29,dissemination,2026-09-28,WHISTLESTOP STRATEGIES LLC,TEXT MESSAGES,2015798,F24,48,True,processed,G2026,G2026,SE.1185267,2026-09-30,https://docquery.fec.gov/cgi-bin/forms/C00960435/2015798/,https://docquery.fec.gov/cgi-bin/fecimg/?202609309908498332
No Going Back PAC,C00960435,R,NJ-09,"POU, NELIDA",H4NJ09194,DEM,H,NJ,09,O,18659.85,2026-09-25,2026-09-29,2026-09-29,dissemination,2026-09-28,WHISTLESTOP STRATEGIES LLC,DIRECT MAIL: PRINTING AND POSTAGE,2015608,F24,48,True,processed,G2026,G2026,SE.1184442.2,2026-09-29,https://docquery.fec.gov/cgi-bin/forms/C00960435/2015608/,https://docquery.fec.gov/cgi-bin/fecimg/?202609299908492921
No Going Back PAC,C00960435,R,NJ-09,"PINO, ROSEMARY",H6NJ09264,REP,H,NJ,09,S,18659.86,2026-09-25,2026-09-29,2026-09-29,dissemination,2026-09-28,WHISTLESTOP STRATEGIES LLC,DIRECT MAIL: PRINTING AND POSTAGE,2015608,F24,48,True,processed,G2026,G2026,SE.1184442.1,2026-09-29,https://docquery.fec.gov/cgi-bin/forms/C00960435/2015608/,https://docquery.fec.gov/cgi-bin/fecimg/?202609299908492920
No Going Back PAC,C00960435,R,NY-04,"GILLEN, LAURA",H2NY04244,DEM,H,NY,04,O,15421.53,2026-09-29,2026-09-29,2026-09-29,dissemination,2026-09-28,WHISTLESTOP STRATEGIES LLC,DIRECT MAIL: PRINTING AND POSTAGE,2015608,F24,48,True,processed,G2026,G2026,SE.1184755.2,2026-09-29,https://docquery.fec.gov/cgi-bin/forms/C00960435/2015608/,https://docquery.fec.gov/cgi-bin/fecimg/?202609299908492924
No Going Back PAC,C00960435,R,NY-04,"DRISCOLL, JEANINE",H6NY04211,REP,H,NY,04,S,15421.53,2026-09-29,2026-09-29,2026-09-29,dissemination,2026-09-28,WHISTLESTOP STRATEGIES LLC,DIRECT MAIL: PRINTING AND POSTAGE,2015608,F24,48,True,processed,G2026,G2026,SE.1184755.1,2026-09-29,https://docquery.fec.gov/cgi-bin/forms/C00960435/2015608/,https://docquery.fec.gov/cgi-bin/fecimg/?202609299908492922
No Going Back PAC,C00960435,R,NY-17,"CONLEY, CAIT",H6NY17171,DEM,H,NY,17,O,824.48,2026-09-28,2026-09-29,2026-09-29,dissemination,2026-09-28,CREATIVE DIRECT,TEXT MESSAGES,2015608,F24,48,True,processed,G2026,G2026,SE.1185164,2026-09-29,https://docquery.fec.gov/cgi-bin/forms/C00960435/2015608/,https://docquery.fec.gov/cgi-bin/fecimg/?202609299908492927
No Going Back PAC,C00960435,R,SC-01,"LACORE, NANCY",H6SC01359,DEM,H,SC,01,O,3820.4,2026-09-30,2026-09-29,2026-09-29,dissemination,2026-09-28,WHISTLESTOP STRATEGIES LLC,TEXT MESSAGES,2015798,F24,48,True,processed,G2026,G2026,SE.1185268,2026-09-30,https://docquery.fec.gov/cgi-bin/forms/C00960435/2015798/,https://docquery.fec.gov/cgi-bin/fecimg/?202609309908498337
No Going Back PAC,C00960435,R,SC-01,"LACORE, NANCY",H6SC01359,DEM,H,SC,01,O,28067.97,2026-09-25,2026-09-29,2026-09-29,dissemination,2026-09-28,WHISTLESTOP STRATEGIES LLC,DIRECT MAIL: PRINTING AND POSTAGE,2015608,F24,48,True,processed,G2026,G2026,SE.1184449.2,2026-09-29,https://docquery.fec.gov/cgi-bin/forms/C00960435/2015608/,https://docquery.fec.gov/cgi-bin/fecimg/?202609299908492905
No Going Back PAC,C00960435,R,SC-01,"HONEYCUTT, JENNY COSTA",H6SC01334,REP,H,SC,01,S,28067.97,2026-09-25,2026-09-29,2026-09-29,dissemination,2026-09-28,WHISTLESTOP STRATEGIES LLC,DIRECT MAIL: PRINTING AND POSTAGE,2015608,F24,48,True,processed,G2026,G2026,SE.1184449.1,2026-09-29,https://docquery.fec.gov/cgi-bin/forms/C00960435/2015608/,https://docquery.fec.gov/cgi-bin/fecimg/?202609299908492904
No Going Back PAC,C00960435,R,TX-15,"PULIDO, BOBBY",H6TX15246,DEM,H,TX,15,O,706.56,2026-09-30,2026-09-29,2026-09-29,dissemination,2026-09-28,CALIBER CONTACT,TEXT MESSAGES,2015798,F24,48,True,processed,G2026,G2026,SE.1186003,2026-09-30,https://docquery.fec.gov/cgi-bin/forms/C00960435/2015798/,https://docquery.fec.gov/cgi-bin/fecimg/?202609309908498338
No Going Back PAC,C00960435,R,TX-15,"PULIDO, BOBBY",H6TX15246,DEM,H,TX,15,O,14877.13,2026-09-29,2026-09-29,2026-09-29,dissemination,2026-09-28,CALIBER CONTACT,DIRECT MAIL: PRINTING AND POSTAGE,2015608,F24,48,True,processed,G2026,G2026,SE.1185522.2,2026-09-29,https://docquery.fec.gov/cgi-bin/forms/C00960435/2015608/,https://docquery.fec.gov/cgi-bin/fecimg/?202609299908492911
No Going Back PAC,C00960435,R,TX-15,"DE LA CRUZ, MONICA",H0TX15124,REP,H,TX,15,S,14877.12,2026-09-29,2026-09-29,2026-09-29,dissemination,2026-09-28,CALIBER CONTACT,DIRECT MAIL: PRINTING AND POSTAGE,2015608,F24,48,True,processed,G2026,G2026,SE.1185522.1,2026-09-29,https://docquery.fec.gov/cgi-bin/forms/C00960435/2015608/,https://docquery.fec.gov/cgi-bin/fecimg/?202609299908492911
No Going Back PAC,C00960435,R,TX-23,"STOUT, KATY PADILLA",H6TX23273,DEM,H,TX,23,O,1485.08,2026-09-28,2026-09-29,2026-09-29,dissemination,2026-09-28,CREATIVE DIRECT,TEXT MESSAGES,2015608,F24,48,True,processed,G2026,G2026,SE.1185156,2026-09-29,https://docquery.fec.gov/cgi-bin/forms/C00960435/2015608/,https://docquery.fec.gov/cgi-bin/fecimg/?202609299908492925
No Going Back PAC,C00960435,R,TX-28,"CUELLAR, HENRY R.",H2TX23082,DEM,H,TX,28,O,12609.63,2026-09-24,2026-09-29,2026-09-29,dissemination,2026-09-28,WHISTLESTOP STRATEGIES LLC,DIRECT MAIL: PRINTING AND POSTAGE,2015608,F24,48,True,processed,G2026,G2026,SE.1184123.2,2026-09-29,https://docquery.fec.gov/cgi-bin/forms/C00960435/2015608/,https://docquery.fec.gov/cgi-bin/fecimg/?202609299908492920
No Going Back PAC,C00960435,R,TX-28,"TIJERINA, TANO",H6TX28124,REP,H,TX,28,S,12609.62,2026-09-24,2026-09-29,2026-09-29,dissemination,2026-09-28,WHISTLESTOP STRATEGIES LLC,DIRECT MAIL: PRINTING AND POSTAGE,2015608,F24,48,True,processed,G2026,G2026,SE.1184123.1,2026-09-29,https://docquery.fec.gov/cgi-bin/forms/C00960435/2015608/,https://docquery.fec.gov/cgi-bin/fecimg/?202609299908492919
No Going Back PAC,C00960435,R,TX-35,"GARCIA, JOHNNY",H6TX35095,DEM,H,TX,35,O,1580.2,2026-09-29,2026-09-29,2026-09-29,dissemination,2026-09-28,CALIBER CONTACT,TEXT MESSAGES,2016106,F24,48,True,processed,G2026,G2026,SE.1186539,2026-10-01,https://docquery.fec.gov/cgi-bin/forms/C00960435/2016106/,https://docquery.fec.gov/cgi-bin/fecimg/?202610019908503212
No Going Back PAC,C00960435,R,WI-01,"BERMAN, MITCHELL",H6WI01283,DEM,H,WI,01,O,1629.96,2026-09-28,2026-09-29,2026-09-29,dissemination,2026-09-28,CREATIVE DIRECT,TEXT MESSAGES,2015608,F24,48,True,processed,G2026,G2026,SE.1185157,2026-09-29,https://docquery.fec.gov/cgi-bin/forms/C00960435/2015608/,https://docquery.fec.gov/cgi-bin/fecimg/?202609299908492926
No Going Back PAC,C00960435,R,WI-03,"COOKE, REBECCA",H4WI03169,DEM,H,WI,03,O,20678.09,2026-09-28,2026-09-29,2026-09-29,dissemination,2026-09-28,STORYTELLERS GROUP LLC,DIRECT MAIL: PRINTING AND POSTAGE,2015608,F24,48,True,processed,G2026,G2026,SE.1184861.2,2026-09-29,https://docquery.fec.gov/cgi-bin/forms/C00960435/2015608/,https://docquery.fec.gov/cgi-bin/fecimg/?202609299908492910
No Going Back PAC,C00960435,R,WI-03,"VAN ORDEN, DERRICK F.",H0WI03175,REP,H,WI,03,S,20678.09,2026-09-28,2026-09-29,2026-09-29,dissemination,2026-09-28,STORYTELLERS GROUP LLC,DIRECT MAIL: PRINTING AND POSTAGE,2015608,F24,48,True,processed,G2026,G2026,SE.1184861.1,2026-09-29,https://docquery.fec.gov/cgi-bin/forms/C00960435/2015608/,https://docquery.fec.gov/cgi-bin/fecimg/?202609299908492909
SLF,C00571703,R,AK-SEN,"PELTOLA, MARY",S6AK00276,DEM,S,AK,00,O,17500.0,2026-09-30,2026-09-29,2026-09-29,dissemination,2026-09-28,PRIME MEDIA PARTNERS LLC,MEDIA PRODUCTION,2016104,F24,48,True,processed,G2026,G2026,SE.1,2026-10-01,https://docquery.fec.gov/cgi-bin/forms/C00571703/2016104/,https://docquery.fec.gov/cgi-bin/fecimg/?202610019908503162
SLF,C00571703,R,AK-SEN,"PELTOLA, MARY",S6AK00276,DEM,S,AK,00,O,2500.0,2026-09-29,2026-09-29,2026-09-29,dissemination,2026-09-28,PRIME MEDIA PARTNERS LLC,MEDIA PRODUCTION,2016104,F24,48,True,processed,G2026,G2026,SE.2,2026-10-01,https://docquery.fec.gov/cgi-bin/forms/C00571703/2016104/,https://docquery.fec.gov/cgi-bin/fecimg/?202610019908503162
SLF,C00571703,R,GA-SEN,"OSSOFF, T. JONATHAN",S8GA00180,DEM,S,GA,00,O,2222852.72,2026-09-28,2026-09-29,2026-09-29,dissemination,2026-09-28,MHB MEDIA INC,MEDIA PLACEMENT,2016104,F24,48,True,processed,G2026,G2026,SE.3,2026-10-01,https://docquery.fec.gov/cgi-bin/forms/C00571703/2016104/,https://docquery.fec.gov/cgi-bin/fecimg/?202610019908503163
SLF,C00571703,R,ME-SEN,"JACKSON, TROY DALE",S6ME00464,DEM,S,ME,00,O,138280.31,2026-09-24,2026-09-29,2026-09-29,dissemination,2026-09-28,CREATIVE DIRECT,POSTAGE / PRINTING / PRODUCTION,2016104,F24,48,True,processed,G2026,G2026,SE.4,2026-10-01,https://docquery.fec.gov/cgi-bin/forms/C00571703/2016104/,https://docquery.fec.gov/cgi-bin/fecimg/?202610019908503163
SLF,C00571703,R,MI-SEN,"EL-SAYED, ABDUL",S6MI00418,DEM,S,MI,00,O,4327106.64,2026-09-28,2026-09-29,2026-09-29,dissemination,2026-09-28,MHB MEDIA INC,MEDIA PLACEMENT,2016104,F24,48,True,processed,G2026,G2026,SE.5,2026-10-01,https://docquery.fec.gov/cgi-bin/forms/C00571703/2016104/,https://docquery.fec.gov/cgi-bin/fecimg/?202610019908503164
SLF,C00571703,R,NH-SEN,"PAPPAS, CHRIS",S6NH00141,DEM,S,NH,00,O,90074.68,2026-09-25,2026-09-29,2026-09-29,dissemination,2026-09-28,MAJORITY STRATEGIES LLC,POSTAGE / PRINTING / PRODUCTION,2016104,F24,48,True,processed,G2026,G2026,SE.7,2026-10-01,https://docquery.fec.gov/cgi-bin/forms/C00571703/2016104/,https://docquery.fec.gov/cgi-bin/fecimg/?202610019908503165
SLF,C00571703,R,OH-SEN,"BROWN, SHERROD",S6OH00163,DEM,S,OH,00,O,494725.82,2026-09-25,2026-09-29,2026-09-29,dissemination,2026-09-28,WHISTLESTOP STRATEGIES LLC,POSTAGE / PRINTING / PRODUCTION,2016104,F24,48,True,processed,G2026,G2026,SE.8,2026-10-01,https://docquery.fec.gov/cgi-bin/forms/C00571703/2016104/,https://docquery.fec.gov/cgi-bin/fecimg/?202610019908503165
Texas PAC,C00960211,R,TX-SEN,"PAXTON, WARREN KENNETH JR.",S6TX00388,REP,S,TX,00,S,25000.0,2026-09-30,2026-09-29,2026-09-29,dissemination,2026-09-28,THE HEREFORD AGENCY,MEDIA PRODUCTION,2015764,F24,48,True,processed,G2026,G2026,SE24.36,2026-09-30,https://docquery.fec.gov/cgi-bin/forms/C00960211/2015764/,https://docquery.fec.gov/cgi-bin/fecimg/?202609309908496935
Texas PAC,C00960211,R,TX-SEN,"PAXTON, WARREN KENNETH JR.",S6TX00388,REP,S,TX,00,S,27942299.52,2026-09-24,2026-09-29,2026-09-29,dissemination,2026-09-28,FLEXPOINT MEDIA INC,MEDIA,2015764,F24,48,True,processed,G2026,G2026,SE24.33,2026-09-30,https://docquery.fec.gov/cgi-bin/forms/C00960211/2015764/,https://docquery.fec.gov/cgi-bin/fecimg/?202609309908496932
Texas PAC,C00960211,R,TX-SEN,"TALARICO, JAMES",S6TX00479,DEM,S,TX,00,O,28257946.72,2026-09-24,2026-09-29,2026-09-29,dissemination,2026-09-28,FLEXPOINT MEDIA INC,MEDIA,2015764,F24,48,True,processed,G2026,G2026,SE24.32,2026-09-30,https://docquery.fec.gov/cgi-bin/forms/C00960211/2015764/,https://docquery.fec.gov/cgi-bin/fecimg/?202609309908496932
Texas PAC,C00960211,R,TX-SEN,"TALARICO, JAMES",S6TX00479,DEM,S,TX,00,O,709707.3,2026-09-23,2026-09-29,2026-09-29,dissemination,2026-09-28,IMGE LLC,DIGITAL MEDIA,2015764,F24,48,True,processed,G2026,G2026,SE24.30,2026-09-30,https://docquery.fec.gov/cgi-bin/forms/C00960211/2015764/,https://docquery.fec.gov/cgi-bin/fecimg/?202609309908496931
Texas PAC,C00960211,R,TX-SEN,"PAXTON, WARREN KENNETH JR.",S6TX00388,REP,S,TX,00,S,2983131.98,2026-09-23,2026-09-29,2026-09-29,dissemination,2026-09-28,IMGE LLC,DIGITAL MEDIA,2015764,F24,48,True,processed,G2026,G2026,SE24.29,2026-09-30,https://docquery.fec.gov/cgi-bin/forms/C00960211/2015764/,https://docquery.fec.gov/cgi-bin/fecimg/?202609309908496931
WinSenate,C00865444,D,AK-SEN,"SULLIVAN, DAN",S4AK00214,REP,S,AK,00,O,554047.0,,2026-09-29,2026-09-29,dissemination,2026-09-28,Waterfront Strategies,Media Buy - Estimate,2016120,F24,F24N,True,efile,,"inferred general (e-file feed, no election code)",500197552,2026-10-01,https://docquery.fec.gov/cgi-bin/forms/C00865444/2016120/,https://docquery.fec.gov/cgi-bin/fecimg/?202610019908503303
WinSenate,C00865444,D,AK-SEN,"SULLIVAN, DAN",S4AK00214,REP,S,AK,00,O,554047.0,,2026-09-29,2026-09-29,dissemination,2026-09-28,Waterfront Strategies,Media Buy - Estimate,2016120,F24,F24N,True,efile,,"inferred general (e-file feed, no election code)",500197552,2026-10-01,https://docquery.fec.gov/cgi-bin/forms/C00865444/2016120/,https://docquery.fec.gov/cgi-bin/fecimg/?202610019908503303
WinSenate,C00865444,D,IA-SEN,"ARENHOLZ, ASHLEY HINSON",S6IA00314,REP,S,IA,00,O,25000.0,,2026-09-29,2026-09-29,dissemination,2026-09-28,Trilogy Interactive LLC,Media Production - Estimate,2016120,F24,F24N,True,efile,,"inferred general (e-file feed, no election code)",500199666,2026-10-01,https://docquery.fec.gov/cgi-bin/forms/C00865444/2016120/,https://docquery.fec.gov/cgi-bin/fecimg/?202610019908503302
WinSenate,C00865444,D,IA-SEN,"ARENHOLZ, ASHLEY HINSON",S6IA00314,REP,S,IA,00,O,17000.0,,2026-09-29,2026-09-29,dissemination,2026-09-28,Trilogy Interactive LLC,Media Production - Estimate,2016120,F24,F24N,True,efile,,"inferred general (e-file feed, no election code)",500199665,2026-10-01,https://docquery.fec.gov/cgi-bin/forms/C00865444/2016120/,https://docquery.fec.gov/cgi-bin/fecimg/?202610019908503301
WinSenate,C00865444,D,IA-SEN,"ARENHOLZ, ASHLEY HINSON",S6IA00314,REP,S,IA,00,O,500000.0,,2026-09-29,2026-09-29,dissemination,2026-09-28,Trilogy Interactive LLC,Digital Media Buy - Estimate,2016120,F24,F24N,True,efile,,"inferred general (e-file feed, no election code)",500199664,2026-10-01,https://docquery.fec.gov/cgi-bin/forms/C00865444/2016120/,https://docquery.fec.gov/cgi-bin/fecimg/?202610019908503301
WinSenate,C00865444,D,IA-SEN,"ARENHOLZ, ASHLEY HINSON",S6IA00314,REP,S,IA,00,O,13074.0,,2026-09-29,2026-09-29,dissemination,2026-09-28,MPWR Media Strategies LLC,Media Production - Estimate,2016120,F24,F24N,True,efile,,"inferred general (e-file feed, no election code)",500197572,2026-10-01,https://docquery.fec.gov/cgi-bin/forms/C00865444/2016120/,https://docquery.fec.gov/cgi-bin/fecimg/?202610019908503298
WinSenate,C00865444,D,IA-SEN,"ARENHOLZ, ASHLEY HINSON",S6IA00314,REP,S,IA,00,O,2517.0,,2026-09-29,2026-09-29,dissemination,2026-09-28,MPWR Media Strategies LLC,Media Production - Estimate,2016120,F24,F24N,True,efile,,"inferred general (e-file feed, no election code)",500197571,2026-10-01,https://docquery.fec.gov/cgi-bin/forms/C00865444/2016120/,https://docquery.fec.gov/cgi-bin/fecimg/?202610019908503298
WinSenate,C00865444,D,IA-SEN,"ARENHOLZ, ASHLEY HINSON",S6IA00314,REP,S,IA,00,O,2778172.0,,2026-09-29,2026-09-29,dissemination,2026-09-28,Waterfront Strategies,Media Buy - Estimate,2016120,F24,F24N,True,efile,,"inferred general (e-file feed, no election code)",500197556,2026-10-01,https://docquery.fec.gov/cgi-bin/forms/C00865444/2016120/,https://docquery.fec.gov/cgi-bin/fecimg/?202610019908503305
WinSenate,C00865444,D,ME-SEN,"JACKSON, TROY DALE",S6ME00464,DEM,S,ME,00,S,8940.0,,2026-09-29,2026-09-29,dissemination,2026-09-28,"MVAR Media, LLC",Media Production - Estimate,2016120,F24,F24N,True,efile,,"inferred general (e-file feed, no election code)",500199663,2026-10-01,https://docquery.fec.gov/cgi-bin/forms/C00865444/2016120/,https://docquery.fec.gov/cgi-bin/fecimg/?202610019908503300
WinSenate,C00865444,D,ME-SEN,"COLLINS, SUSAN",S6ME00159,REP,S,ME,00,O,375.0,,2026-09-29,2026-09-29,dissemination,2026-09-28,"MVAR Media, LLC",Media Production - Estimate,2016120,F24,F24N,True,efile,,"inferred general (e-file feed, no election code)",500197570,2026-10-01,https://docquery.fec.gov/cgi-bin/forms/C00865444/2016120/,https://docquery.fec.gov/cgi-bin/fecimg/?202610019908503300
WinSenate,C00865444,D,ME-SEN,"JACKSON, TROY DALE",S6ME00464,DEM,S,ME,00,S,4555.0,,2026-09-29,2026-09-29,dissemination,2026-09-28,"MVAR Media, LLC",Media Production - Estimate,2016120,F24,F24N,True,efile,,"inferred general (e-file feed, no election code)",500197569,2026-10-01,https://docquery.fec.gov/cgi-bin/forms/C00865444/2016120/,https://docquery.fec.gov/cgi-bin/fecimg/?202610019908503299
WinSenate,C00865444,D,ME-SEN,"COLLINS, SUSAN",S6ME00159,REP,S,ME,00,O,3056801.0,,2026-09-29,2026-09-29,dissemination,2026-09-28,Waterfront Strategies,Media Buy - Estimate,2016120,F24,F24N,True,efile,,"inferred general (e-file feed, no election code)",500197551,2026-10-01,https://docquery.fec.gov/cgi-bin/forms/C00865444/2016120/,https://docquery.fec.gov/cgi-bin/fecimg/?202610019908503303
WinSenate,C00865444,D,ME-SEN,"JACKSON, TROY DALE",S6ME00464,DEM,S,ME,00,S,820500.0,,2026-09-29,2026-09-29,dissemination,2026-09-28,"MVAR Media, LLC",Digital Media Buy - Estimate,2016120,F24,F24N,True,efile,,"inferred general (e-file feed, no election code)",500197547,2026-10-01,https://docquery.fec.gov/cgi-bin/forms/C00865444/2016120/,https://docquery.fec.gov/cgi-bin/fecimg/?202610019908503299
WinSenate,C00865444,D,MI-SEN,"ROGERS, MICHAEL",S4MI00595,REP,S,MI,00,O,3276509.0,,2026-09-29,2026-09-29,dissemination,2026-09-28,Waterfront Strategies,Media Buy - Estimate,2016120,F24,F24N,True,efile,,"inferred general (e-file feed, no election code)",500197553,2026-10-01,https://docquery.fec.gov/cgi-bin/forms/C00865444/2016120/,https://docquery.fec.gov/cgi-bin/fecimg/?202610019908503304
WinSenate,C00865444,D,MI-SEN,"ROGERS, MICHAEL",S4MI00595,REP,S,MI,00,O,388289.0,,2026-09-29,2026-09-29,dissemination,2026-09-28,Waterfront Strategies,Media Buy - Estimate,2016120,F24,F24N,True,efile,,"inferred general (e-file feed, no election code)",500197554,2026-10-01,https://docquery.fec.gov/cgi-bin/forms/C00865444/2016120/,https://docquery.fec.gov/cgi-bin/fecimg/?202610019908503304
WinSenate,C00865444,D,MI-SEN,"ROGERS, MICHAEL",S4MI00595,REP,S,MI,00,O,90457.0,,2026-09-29,2026-09-29,dissemination,2026-09-28,Waterfront Strategies,Media Buy - Estimate,2016120,F24,F24N,True,efile,,"inferred general (e-file feed, no election code)",500197555,2026-10-01,https://docquery.fec.gov/cgi-bin/forms/C00865444/2016120/,https://docquery.fec.gov/cgi-bin/fecimg/?202610019908503305
WinSenate,C00865444,D,MI-SEN,"EL-SAYED, ABDUL",S6MI00418,DEM,S,MI,00,S,2014557.0,,2026-09-29,2026-09-29,dissemination,2026-09-28,AL Media LLC,Digital Media Buy - Estimate,2016120,F24,F24N,True,efile,,"inferred general (e-file feed, no election code)",500197548,2026-10-01,https://docquery.fec.gov/cgi-bin/forms/C00865444/2016120/,https://docquery.fec.gov/cgi-bin/fecimg/?202610019908503297
WinSenate,C00865444,D,MI-SEN,"ROGERS, MICHAEL",S4MI00595,REP,S,MI,00,O,90457.0,,2026-09-29,2026-09-29,dissemination,2026-09-28,Waterfront Strategies,Media Buy - Estimate,2016120,F24,F24N,True,efile,,"inferred general (e-file feed, no election code)",500197555,2026-10-01,https://docquery.fec.gov/cgi-bin/forms/C00865444/2016120/,https://docquery.fec.gov/cgi-bin/fecimg/?202610019908503305
WinSenate,C00865444,D,MI-SEN,"ROGERS, MICHAEL",S4MI00595,REP,S,MI,00,O,388289.0,,2026-09-29,2026-09-29,dissemination,2026-09-28,Waterfront Strategies,Media Buy - Estimate,2016120,F24,F24N,True,efile,,"inferred general (e-file feed, no election code)",500197554,2026-10-01,https://docquery.fec.gov/cgi-bin/forms/C00865444/2016120/,https://docquery.fec.gov/cgi-bin/fecimg/?202610019908503304
WinSenate,C00865444,D,MI-SEN,"ROGERS, MICHAEL",S4MI00595,REP,S,MI,00,O,3276509.0,,2026-09-29,2026-09-29,dissemination,2026-09-28,Waterfront Strategies,Media Buy - Estimate,2016120,F24,F24N,True,efile,,"inferred general (e-file feed, no election code)",500197553,2026-10-01,https://docquery.fec.gov/cgi-bin/forms/C00865444/2016120/,https://docquery.fec.gov/cgi-bin/fecimg/?202610019908503304
WinSenate,C00865444,D,MI-SEN,"EL-SAYED, ABDUL",S6MI00418,DEM,S,MI,00,S,2014557.0,,2026-09-29,2026-09-29,dissemination,2026-09-28,AL Media LLC,Digital Media Buy - Estimate,2016120,F24,F24N,True,efile,,"inferred general (e-file feed, no election code)",500197548,2026-10-01,https://docquery.fec.gov/cgi-bin/forms/C00865444/2016120/,https://docquery.fec.gov/cgi-bin/fecimg/?202610019908503297
WinSenate,C00865444,D,NC-SEN,"WHATLEY, MICHAEL",S6NC00415,REP,S,NC,00,O,2408792.0,,2026-09-29,2026-09-29,dissemination,2026-09-28,Waterfront Strategies,Media Buy - Estimate,2016120,F24,F24N,True,efile,,"inferred general (e-file feed, no election code)",500197558,2026-10-01,https://docquery.fec.gov/cgi-bin/forms/C00865444/2016120/,https://docquery.fec.gov/cgi-bin/fecimg/?202610019908503306
WinSenate,C00865444,D,NC-SEN,"WHATLEY, MICHAEL",S6NC00415,REP,S,NC,00,O,2408792.0,,2026-09-29,2026-09-29,dissemination,2026-09-28,Waterfront Strategies,Media Buy - Estimate,2016120,F24,F24N,True,efile,,"inferred general (e-file feed, no election code)",500197558,2026-10-01,https://docquery.fec.gov/cgi-bin/forms/C00865444/2016120/,https://docquery.fec.gov/cgi-bin/fecimg/?202610019908503306
WinSenate,C00865444,D,NH-SEN,"SUNUNU, JOHN E.",S6NH00208,REP,S,NH,00,O,599813.0,,2026-09-29,2026-09-29,dissemination,2026-09-28,AL Media LLC,Digital Media Buy - Estimate,2016120,F24,F24N,True,efile,,"inferred general (e-file feed, no election code)",500197549,2026-10-01,https://docquery.fec.gov/cgi-bin/forms/C00865444/2016120/,https://docquery.fec.gov/cgi-bin/fecimg/?202610019908503297
WinSenate,C00865444,D,NH-SEN,"SUNUNU, JOHN E.",S6NH00208,REP,S,NH,00,O,2077797.0,,2026-09-29,2026-09-29,dissemination,2026-09-28,Waterfront Strategies,Media Buy - Estimate,2016120,F24,F24N,True,efile,,"inferred general (e-file feed, no election code)",500197550,2026-10-01,https://docquery.fec.gov/cgi-bin/forms/C00865444/2016120/,https://docquery.fec.gov/cgi-bin/fecimg/?202610019908503302
WinSenate,C00865444,D,NH-SEN,"SUNUNU, JOHN E.",S6NH00208,REP,S,NH,00,O,2077797.0,,2026-09-29,2026-09-29,dissemination,2026-09-28,Waterfront Strategies,Media Buy - Estimate,2016120,F24,F24N,True,efile,,"inferred general (e-file feed, no election code)",500197550,2026-10-01,https://docquery.fec.gov/cgi-bin/forms/C00865444/2016120/,https://docquery.fec.gov/cgi-bin/fecimg/?202610019908503302
WinSenate,C00865444,D,NH-SEN,"SUNUNU, JOHN E.",S6NH00208,REP,S,NH,00,O,599813.0,,2026-09-29,2026-09-29,dissemination,2026-09-28,AL Media LLC,Digital Media Buy - Estimate,2016120,F24,F24N,True,efile,,"inferred general (e-file feed, no election code)",500197549,2026-10-01,https://docquery.fec.gov/cgi-bin/forms/C00865444/2016120/,https://docquery.fec.gov/cgi-bin/fecimg/?202610019908503297
WinSenate,C00865444,D,OH-SEN,"HUSTED, JON",S6OH00304,REP,S,OH,00,O,5033439.0,,2026-09-29,2026-09-29,dissemination,2026-09-28,Waterfront Strategies,Media Buy - Estimate,2016120,F24,F24N,True,efile,,"inferred general (e-file feed, no election code)",500197557,2026-10-01,https://docquery.fec.gov/cgi-bin/forms/C00865444/2016120/,https://docquery.fec.gov/cgi-bin/fecimg/?202610019908503306
WinSenate,C00865444,D,OH-SEN,"HUSTED, JON",S6OH00304,REP,S,OH,00,O,5033439.0,,2026-09-29,2026-09-29,dissemination,2026-09-28,Waterfront Strategies,Media Buy - Estimate,2016120,F24,F24N,True,efile,,"inferred general (e-file feed, no election code)",500197557,2026-10-01,https://docquery.fec.gov/cgi-bin/forms/C00865444/2016120/,https://docquery.fec.gov/cgi-bin/fecimg/?202610019908503306
No Going Back PAC,C00960435,R,AK-AL,"BEGICH, NICHOLAS III",H2AK01083,REP,H,AK,00,S,18955.35,2026-09-30,2026-09-30,2026-09-30,dissemination,2026-09-28,CALIBER CONTACT,DIRECT MAIL: PRINTING AND POSTAGE,2015798,F24,48,True,processed,G2026,G2026,SE.1185995.1,2026-09-30,https://docquery.fec.gov/cgi-bin/forms/C00960435/2015798/,https://docquery.fec.gov/cgi-bin/fecimg/?202609309908498310
No Going Back PAC,C00960435,R,AK-AL,"HILL, BILL",H6AK01092,IND,H,AK,00,O,18955.35,2026-09-30,2026-09-30,2026-09-30,dissemination,2026-09-28,CALIBER CONTACT,DIRECT MAIL: PRINTING AND POSTAGE,2015798,F24,48,True,processed,G2026,G2026,SE.1185995.2,2026-09-30,https://docquery.fec.gov/cgi-bin/forms/C00960435/2015798/,https://docquery.fec.gov/cgi-bin/fecimg/?202609309908498309
No Going Back PAC,C00960435,R,AK-SEN,"SULLIVAN, DAN",S4AK00214,REP,S,AK,00,S,868130.5,2026-09-28,2026-09-30,2026-09-30,dissemination,2026-09-28,"MHB MEDIA, INC",PLACED MEDIA: TV AND CONNECTED TV,2015798,F24,48,True,processed,G2026,G2026,SE.1184728.2,2026-09-30,https://docquery.fec.gov/cgi-bin/forms/C00960435/2015798/,https://docquery.fec.gov/cgi-bin/fecimg/?202609309908498311
No Going Back PAC,C00960435,R,AK-SEN,"PELTOLA, MARY",S6AK00276,DEM,S,AK,00,O,868130.5,2026-09-28,2026-09-30,2026-09-30,dissemination,2026-09-28,"MHB MEDIA, INC",PLACED MEDIA: TV AND CONNECTED TV,2015798,F24,48,True,processed,G2026,G2026,SE.1184728.1,2026-09-30,https://docquery.fec.gov/cgi-bin/forms/C00960435/2015798/,https://docquery.fec.gov/cgi-bin/fecimg/?202609309908498310
No Going Back PAC,C00960435,R,AL-02,"MARQUES, RHETT",H6AL01086,REP,H,AL,02,S,16083.53,2026-09-29,2026-09-30,2026-09-30,dissemination,2026-09-28,WHISTLESTOP STRATEGIES LLC,DIRECT MAIL: PRINTING AND POSTAGE,2015798,F24,48,True,processed,G2026,G2026,SE.1184759.1,2026-09-30,https://docquery.fec.gov/cgi-bin/forms/C00960435/2015798/,https://docquery.fec.gov/cgi-bin/fecimg/?202609309908498312
No Going Back PAC,C00960435,R,AL-02,"FIGURES, SHOMARI C.",H4AL02170,DEM,H,AL,02,O,16083.53,2026-09-29,2026-09-30,2026-09-30,dissemination,2026-09-28,WHISTLESTOP STRATEGIES LLC,DIRECT MAIL: PRINTING AND POSTAGE,2015798,F24,48,True,processed,G2026,G2026,SE.1184759.2,2026-09-30,https://docquery.fec.gov/cgi-bin/forms/C00960435/2015798/,https://docquery.fec.gov/cgi-bin/fecimg/?202609309908498311
No Going Back PAC,C00960435,R,AL-02,"MARQUES, RHETT",H6AL01086,REP,H,AL,02,S,105833.5,2026-09-28,2026-09-30,2026-09-30,dissemination,2026-09-28,DEL RAY MEDIA LLC,PLACED MEDIA: TV AND CONNECTED TV,2015798,F24,48,True,processed,G2026,G2026,SE.1184773.1,2026-09-30,https://docquery.fec.gov/cgi-bin/forms/C00960435/2015798/,https://docquery.fec.gov/cgi-bin/fecimg/?202609309908498313
No Going Back PAC,C00960435,R,AL-02,"FIGURES, SHOMARI C.",H4AL02170,DEM,H,AL,02,O,105833.5,2026-09-28,2026-09-30,2026-09-30,dissemination,2026-09-28,DEL RAY MEDIA LLC,PLACED MEDIA: TV AND CONNECTED TV,2015798,F24,48,True,processed,G2026,G2026,SE.1184773.2,2026-09-30,https://docquery.fec.gov/cgi-bin/forms/C00960435/2015798/,https://docquery.fec.gov/cgi-bin/fecimg/?202609309908498312
No Going Back PAC,C00960435,R,CO-05,"KILLIN, JESSICA WILLOW",H6CO05324,DEM,H,CO,05,O,318050.0,2026-09-28,2026-09-30,2026-09-30,dissemination,2026-09-28,DEL RAY MEDIA LLC,PLACED MEDIA: TV AND CONNECTED TV,2015798,F24,48,True,processed,G2026,G2026,SE.1184768,2026-09-30,https://docquery.fec.gov/cgi-bin/forms/C00960435/2015798/,https://docquery.fec.gov/cgi-bin/fecimg/?202609309908498314
No Going Back PAC,C00960435,R,FL-07,"ELIJAH, RYAN",H6FL07231,REP,H,FL,07,S,17955.89,2026-09-29,2026-09-30,2026-09-30,dissemination,2026-09-28,WHISTLESTOP STRATEGIES LLC,DIRECT MAIL: PRINTING AND POSTAGE,2015798,F24,48,True,processed,G2026,G2026,SE.1184756.1,2026-09-30,https://docquery.fec.gov/cgi-bin/forms/C00960435/2015798/,https://docquery.fec.gov/cgi-bin/fecimg/?202609309908498316
No Going Back PAC,C00960435,R,FL-07,"DALTON, BALE",H6FL07215,DEM,H,FL,07,O,17955.89,2026-09-29,2026-09-30,2026-09-30,dissemination,2026-09-28,WHISTLESTOP STRATEGIES LLC,DIRECT MAIL: PRINTING AND POSTAGE,2015798,F24,48,True,processed,G2026,G2026,SE.1184756.2,2026-09-30,https://docquery.fec.gov/cgi-bin/forms/C00960435/2015798/,https://docquery.fec.gov/cgi-bin/fecimg/?202609309908498315
No Going Back PAC,C00960435,R,FL-09,"SOTO, DARREN",H6FL09179,DEM,H,FL,09,O,2414.4,2026-09-30,2026-09-30,2026-09-30,dissemination,2026-09-28,CALIBER CONTACT,TEXT MESSAGES,2016106,F24,48,True,processed,G2026,G2026,SE.1186553,2026-10-01,https://docquery.fec.gov/cgi-bin/forms/C00960435/2016106/,https://docquery.fec.gov/cgi-bin/fecimg/?202610019908503213
No Going Back PAC,C00960435,R,FL-14,"CASTOR, KATHY",H6FL11126,DEM,H,FL,14,O,1808458.0,2026-09-28,2026-09-30,2026-09-30,dissemination,2026-09-28,"MHB MEDIA, INC",PLACED MEDIA: TV AND CONNECTED TV,2015798,F24,48,True,processed,G2026,G2026,SE.1184733,2026-09-30,https://docquery.fec.gov/cgi-bin/forms/C00960435/2015798/,https://docquery.fec.gov/cgi-bin/fecimg/?202609309908498316
No Going Back PAC,C00960435,R,FL-25,"MOSKOWITZ, JARED",H2FL22171,DEM,H,FL,25,O,3524.24,2026-09-30,2026-09-30,2026-09-30,dissemination,2026-09-28,WHISTLESTOP STRATEGIES LLC,TEXT MESSAGES,2015798,F24,48,True,processed,G2026,G2026,SE.1185269,2026-09-30,https://docquery.fec.gov/cgi-bin/forms/C00960435/2015798/,https://docquery.fec.gov/cgi-bin/fecimg/?202609309908498317
No Going Back PAC,C00960435,R,FL-25,"MOSKOWITZ, JARED",H2FL22171,DEM,H,FL,25,O,2383986.0,2026-09-28,2026-09-30,2026-09-30,dissemination,2026-09-28,"MHB MEDIA, INC",PLACED MEDIA: TV AND CONNECTED TV,2015798,F24,48,True,processed,G2026,G2026,SE.1184734,2026-09-30,https://docquery.fec.gov/cgi-bin/forms/C00960435/2015798/,https://docquery.fec.gov/cgi-bin/fecimg/?202609309908498317
No Going Back PAC,C00960435,R,GA-SEN,"OSSOFF, T. JONATHAN",S8GA00180,DEM,S,GA,00,O,28244.96,2026-09-30,2026-09-30,2026-09-30,dissemination,2026-09-28,WHISTLESTOP STRATEGIES LLC,TEXT MESSAGES,2015798,F24,48,True,processed,G2026,G2026,SE.1185270,2026-09-30,https://docquery.fec.gov/cgi-bin/forms/C00960435/2015798/,https://docquery.fec.gov/cgi-bin/fecimg/?202609309908498319
No Going Back PAC,C00960435,R,GA-SEN,"COLLINS, MICHAEL A JR",S6GA00390,REP,S,GA,00,S,183794.31,2026-09-29,2026-09-30,2026-09-30,dissemination,2026-09-28,WHISTLESTOP STRATEGIES LLC,DIRECT MAIL: PRINTING AND POSTAGE,2015798,F24,48,True,processed,G2026,G2026,SE.1184757.1,2026-09-30,https://docquery.fec.gov/cgi-bin/forms/C00960435/2015798/,https://docquery.fec.gov/cgi-bin/fecimg/?202609309908498319
No Going Back PAC,C00960435,R,GA-SEN,"OSSOFF, T. JONATHAN",S8GA00180,DEM,S,GA,00,O,183794.31,2026-09-29,2026-09-30,2026-09-30,dissemination,2026-09-28,WHISTLESTOP STRATEGIES LLC,DIRECT MAIL: PRINTING AND POSTAGE,2015798,F24,48,True,processed,G2026,G2026,SE.1184757.2,2026-09-30,https://docquery.fec.gov/cgi-bin/forms/C00960435/2015798/,https://docquery.fec.gov/cgi-bin/fecimg/?202609309908498318
No Going Back PAC,C00960435,R,GA-SEN,"OSSOFF, T. JONATHAN",S8GA00180,DEM,S,GA,00,O,664125.0,2026-09-28,2026-09-30,2026-09-30,dissemination,2026-09-28,"MHB MEDIA, INC",PLACED MEDIA: TV AND CONNECTED TV,2015798,F24,48,True,processed,G2026,G2026,SE.1184731,2026-09-30,https://docquery.fec.gov/cgi-bin/forms/C00960435/2015798/,https://docquery.fec.gov/cgi-bin/fecimg/?202609309908498318
No Going Back PAC,C00960435,R,IA-01,"BOHANNAN, CHRISTINA",H2IA02111,DEM,H,IA,01,O,84345.3,2026-09-28,2026-09-30,2026-09-30,dissemination,2026-09-28,OPTIMATES LLC,DIRECT MAIL: PRINTING AND POSTAGE,2015798,F24,48,True,processed,G2026,G2026,SE.1184719,2026-09-30,https://docquery.fec.gov/cgi-bin/forms/C00960435/2015798/,https://docquery.fec.gov/cgi-bin/fecimg/?202609309908498320
No Going Back PAC,C00960435,R,IA-02,"JAMES, LINDSAY",H6IA02211,DEM,H,IA,02,O,550000.0,2026-09-29,2026-09-30,2026-09-30,dissemination,2026-09-28,"MHB MEDIA, INC",PLACED MEDIA: TV AND CONNECTED TV,2015798,F24,48,True,processed,G2026,G2026,SE.1185263,2026-09-30,https://docquery.fec.gov/cgi-bin/forms/C00960435/2015798/,https://docquery.fec.gov/cgi-bin/fecimg/?202609309908498321
No Going Back PAC,C00960435,R,IA-02,"JAMES, LINDSAY",H6IA02211,DEM,H,IA,02,O,210098.6,2026-09-28,2026-09-30,2026-09-30,dissemination,2026-09-28,OPTIMATES LLC,DIRECT MAIL: PRINTING AND POSTAGE,2015798,F24,48,True,processed,G2026,G2026,SE.1184720,2026-09-30,https://docquery.fec.gov/cgi-bin/forms/C00960435/2015798/,https://docquery.fec.gov/cgi-bin/fecimg/?202609309908498320
No Going Back PAC,C00960435,R,IA-02,"JAMES, LINDSAY",H6IA02211,DEM,H,IA,02,O,27869.0,2026-09-21,2026-09-30,2026-09-30,dissemination,2026-09-28,OPTIMATES LLC,DIRECT MAIL: PRINTING AND POSTAGE,2015798,F24,48,True,processed,G2026,G2026,SE.1182820,2026-09-30,https://docquery.fec.gov/cgi-bin/forms/C00960435/2015798/,https://docquery.fec.gov/cgi-bin/fecimg/?202609309908498321
No Going Back PAC,C00960435,R,KY-06,"ALVARADO, RALPH A",H6KY06192,REP,H,KY,06,S,62500.0,2026-09-30,2026-09-30,2026-09-30,dissemination,2026-09-28,"MHB MEDIA, INC",PLACED MEDIA: TV AND CONNECTED TV,2015798,F24,48,True,processed,G2026,G2026,SE.1185256.1,2026-09-30,https://docquery.fec.gov/cgi-bin/forms/C00960435/2015798/,https://docquery.fec.gov/cgi-bin/fecimg/?202609309908498323
No Going Back PAC,C00960435,R,KY-06,"DEMBO, ZACH",H6KY06184,DEM,H,KY,06,O,62500.0,2026-09-30,2026-09-30,2026-09-30,dissemination,2026-09-28,"MHB MEDIA, INC",PLACED MEDIA: TV AND CONNECTED TV,2015798,F24,48,True,processed,G2026,G2026,SE.1185256.2,2026-09-30,https://docquery.fec.gov/cgi-bin/forms/C00960435/2015798/,https://docquery.fec.gov/cgi-bin/fecimg/?202609309908498322
No Going Back PAC,C00960435,R,KY-06,"ALVARADO, RALPH A",H6KY06192,REP,H,KY,06,S,127400.0,2026-09-28,2026-09-30,2026-09-30,dissemination,2026-09-28,"MHB MEDIA, INC",PLACED MEDIA: TV AND CONNECTED TV,2015798,F24,48,True,processed,G2026,G2026,SE.1184735.1,2026-09-30,https://docquery.fec.gov/cgi-bin/forms/C00960435/2015798/,https://docquery.fec.gov/cgi-bin/fecimg/?202609309908498323
No Going Back PAC,C00960435,R,KY-06,"DEMBO, ZACH",H6KY06184,DEM,H,KY,06,O,127400.0,2026-09-28,2026-09-30,2026-09-30,dissemination,2026-09-28,"MHB MEDIA, INC",PLACED MEDIA: TV AND CONNECTED TV,2015798,F24,48,True,processed,G2026,G2026,SE.1184735.2,2026-09-30,https://docquery.fec.gov/cgi-bin/forms/C00960435/2015798/,https://docquery.fec.gov/cgi-bin/fecimg/?202609309908498322
No Going Back PAC,C00960435,R,MI-04,"MCCANN, SEAN",H6MI04204,DEM,H,MI,04,O,911060.0,2026-09-28,2026-09-30,2026-09-30,dissemination,2026-09-28,DEL RAY MEDIA LLC,PLACED MEDIA: TV AND CONNECTED TV,2015798,F24,48,True,processed,G2026,G2026,SE.1184767,2026-09-30,https://docquery.fec.gov/cgi-bin/forms/C00960435/2015798/,https://docquery.fec.gov/cgi-bin/fecimg/?202609309908498324
No Going Back PAC,C00960435,R,MI-08,"MCDONALD RIVET, KRISTEN",H4MI08218,DEM,H,MI,08,O,625.96,2026-09-30,2026-09-30,2026-09-30,dissemination,2026-09-28,WHISTLESTOP STRATEGIES LLC,TEXT MESSAGES,2015798,F24,48,True,processed,G2026,G2026,SE.1185369,2026-09-30,https://docquery.fec.gov/cgi-bin/forms/C00960435/2015798/,https://docquery.fec.gov/cgi-bin/fecimg/?202609309908498326
No Going Back PAC,C00960435,R,MI-SEN,"EL-SAYED, ABDUL",S6MI00418,DEM,S,MI,00,O,3986901.0,2026-09-28,2026-09-30,2026-09-30,dissemination,2026-09-28,DEL RAY MEDIA LLC,PLACED MEDIA: TV AND CONNECTED TV,2015798,F24,48,True,processed,G2026,G2026,SE.1184770,2026-09-30,https://docquery.fec.gov/cgi-bin/forms/C00960435/2015798/,https://docquery.fec.gov/cgi-bin/fecimg/?202609309908498327
No Going Back PAC,C00960435,R,MT-01,"FORSTAG, SAMUEL KELLEY",H6MT01137,DEM,H,MT,01,O,2043.48,2026-09-30,2026-09-30,2026-09-30,dissemination,2026-09-28,CALIBER CONTACT,TEXT MESSAGES,2016106,F24,48,True,processed,G2026,G2026,SE.1186547,2026-10-01,https://docquery.fec.gov/cgi-bin/forms/C00960435/2016106/,https://docquery.fec.gov/cgi-bin/fecimg/?202610019908503213
No Going Back PAC,C00960435,R,MT-01,"FORSTAG, SAMUEL KELLEY",H6MT01137,DEM,H,MT,01,O,612333.0,2026-09-28,2026-09-30,2026-09-30,dissemination,2026-09-28,"MHB MEDIA, INC",PLACED MEDIA: TV AND CONNECTED TV,2015798,F24,48,True,processed,G2026,G2026,SE.1184736,2026-09-30,https://docquery.fec.gov/cgi-bin/forms/C00960435/2015798/,https://docquery.fec.gov/cgi-bin/fecimg/?202609309908498328
No Going Back PAC,C00960435,R,NC-11,"AGER, JAMIE",H6NC11248,DEM,H,NC,11,O,436540.0,2026-09-29,2026-09-30,2026-09-30,dissemination,2026-09-28,DEL RAY MEDIA LLC,PLACED MEDIA: TV AND CONNECTED TV,2015798,F24,48,True,processed,G2026,G2026,SE.1185395,2026-09-30,https://docquery.fec.gov/cgi-bin/forms/C00960435/2015798/,https://docquery.fec.gov/cgi-bin/fecimg/?202609309908498329
No Going Back PAC,C00960435,R,NC-11,"AGER, JAMIE",H6NC11248,DEM,H,NC,11,O,508650.0,2026-09-28,2026-09-30,2026-09-30,dissemination,2026-09-28,DEL RAY MEDIA LLC,PLACED MEDIA: TV AND CONNECTED TV,2015798,F24,48,True,processed,G2026,G2026,SE.1184765,2026-09-30,https://docquery.fec.gov/cgi-bin/forms/C00960435/2015798/,https://docquery.fec.gov/cgi-bin/fecimg/?202609309908498329
No Going Back PAC,C00960435,R,NC-11,"AGER, JAMIE",H6NC11248,DEM,H,NC,11,O,169683.62,2026-09-28,2026-09-30,2026-09-30,dissemination,2026-09-28,OPTIMATES LLC,DIRECT MAIL: PRINTING AND POSTAGE,2015798,F24,48,True,processed,G2026,G2026,SE.1184721,2026-09-30,https://docquery.fec.gov/cgi-bin/forms/C00960435/2015798/,https://docquery.fec.gov/cgi-bin/fecimg/?202609309908498328
No Going Back PAC,C00960435,R,NH-SEN,"SUNUNU, JOHN E.",S6NH00208,REP,S,NH,00,S,28335.86,2026-09-29,2026-09-30,2026-09-30,dissemination,2026-09-28,WHISTLESTOP STRATEGIES LLC,DIRECT MAIL: PRINTING AND POSTAGE,2015798,F24,48,True,processed,G2026,G2026,SE.1184758.1,2026-09-30,https://docquery.fec.gov/cgi-bin/forms/C00960435/2015798/,https://docquery.fec.gov/cgi-bin/fecimg/?202609309908498332
No Going Back PAC,C00960435,R,NH-SEN,"PAPPAS, CHRIS",S6NH00141,DEM,S,NH,00,O,28335.87,2026-09-29,2026-09-30,2026-09-30,dissemination,2026-09-28,WHISTLESTOP STRATEGIES LLC,DIRECT MAIL: PRINTING AND POSTAGE,2015798,F24,48,True,processed,G2026,G2026,SE.1184758.2,2026-09-30,https://docquery.fec.gov/cgi-bin/forms/C00960435/2015798/,https://docquery.fec.gov/cgi-bin/fecimg/?202609309908498331
No Going Back PAC,C00960435,R,NH-SEN,"SUNUNU, JOHN E.",S6NH00208,REP,S,NH,00,S,1006949.5,2026-09-28,2026-09-30,2026-09-30,dissemination,2026-09-28,"MHB MEDIA, INC",PLACED MEDIA: TV AND CONNECTED TV,2015798,F24,48,True,processed,G2026,G2026,SE.1184732.2,2026-09-30,https://docquery.fec.gov/cgi-bin/forms/C00960435/2015798/,https://docquery.fec.gov/cgi-bin/fecimg/?202609309908498330
No Going Back PAC,C00960435,R,NH-SEN,"PAPPAS, CHRIS",S6NH00141,DEM,S,NH,00,O,1006949.5,2026-09-28,2026-09-30,2026-09-30,dissemination,2026-09-28,"MHB MEDIA, INC",PLACED MEDIA: TV AND CONNECTED TV,2015798,F24,48,True,processed,G2026,G2026,SE.1184732.1,2026-09-30,https://docquery.fec.gov/cgi-bin/forms/C00960435/2015798/,https://docquery.fec.gov/cgi-bin/fecimg/?202609309908498330
No Going Back PAC,C00960435,R,NM-02,"VASQUEZ, GABRIEL",H2NM02191,DEM,H,NM,02,O,1605.6,2026-09-30,2026-09-30,2026-09-30,dissemination,2026-09-28,WHISTLESTOP STRATEGIES LLC,TEXT MESSAGES,2015798,F24,48,True,processed,G2026,G2026,SE.1185373,2026-09-30,https://docquery.fec.gov/cgi-bin/forms/C00960435/2015798/,https://docquery.fec.gov/cgi-bin/fecimg/?202609309908498334
No Going Back PAC,C00960435,R,NM-02,"CUNNINGHAM, GREG",H6NM02127,REP,H,NM,02,S,19530.11,2026-09-29,2026-09-30,2026-09-30,dissemination,2026-09-28,WHISTLESTOP STRATEGIES LLC,DIRECT MAIL: PRINTING AND POSTAGE,2015798,F24,48,True,processed,G2026,G2026,SE.1184847.1,2026-09-30,https://docquery.fec.gov/cgi-bin/forms/C00960435/2015798/,https://docquery.fec.gov/cgi-bin/fecimg/?202609309908498334
No Going Back PAC,C00960435,R,NM-02,"VASQUEZ, GABRIEL",H2NM02191,DEM,H,NM,02,O,19530.12,2026-09-29,2026-09-30,2026-09-30,dissemination,2026-09-28,WHISTLESTOP STRATEGIES LLC,DIRECT MAIL: PRINTING AND POSTAGE,2015798,F24,48,True,processed,G2026,G2026,SE.1184847.2,2026-09-30,https://docquery.fec.gov/cgi-bin/forms/C00960435/2015798/,https://docquery.fec.gov/cgi-bin/fecimg/?202609309908498333
No Going Back PAC,C00960435,R,NM-02,"VASQUEZ, GABRIEL",H2NM02191,DEM,H,NM,02,O,245875.0,2026-09-28,2026-09-30,2026-09-30,dissemination,2026-09-28,"MHB MEDIA, INC",PLACED MEDIA: TV AND CONNECTED TV,2015798,F24,48,True,processed,G2026,G2026,SE.1184737,2026-09-30,https://docquery.fec.gov/cgi-bin/forms/C00960435/2015798/,https://docquery.fec.gov/cgi-bin/fecimg/?202609309908498333
No Going Back PAC,C00960435,R,NY-03,"SUOZZI, THOMAS",H6NY03247,DEM,H,NY,03,O,160000.0,2026-09-29,2026-09-30,2026-09-30,dissemination,2026-09-28,"MHB MEDIA, INC",PLACED MEDIA: TV AND CONNECTED TV,2015798,F24,48,True,processed,G2026,G2026,SE.1185262,2026-09-30,https://docquery.fec.gov/cgi-bin/forms/C00960435/2015798/,https://docquery.fec.gov/cgi-bin/fecimg/?202609309908498335
No Going Back PAC,C00960435,R,NY-03,"SUOZZI, THOMAS",H6NY03247,DEM,H,NY,03,O,2257922.0,2026-09-28,2026-09-30,2026-09-30,dissemination,2026-09-28,"MHB MEDIA, INC",PLACED MEDIA: TV AND CONNECTED TV,2015798,F24,48,True,processed,G2026,G2026,SE.1184739,2026-09-30,https://docquery.fec.gov/cgi-bin/forms/C00960435/2015798/,https://docquery.fec.gov/cgi-bin/fecimg/?202609309908498335
No Going Back PAC,C00960435,R,OH-SEN,"HUSTED, JON",S6OH00304,REP,S,OH,00,S,2575572.5,2026-09-28,2026-09-30,2026-09-30,dissemination,2026-09-28,DEL RAY MEDIA LLC,PLACED MEDIA: TV AND CONNECTED TV,2015798,F24,48,True,processed,S2026,S2026 special on general ballot,SE.1184769.1,2026-09-30,https://docquery.fec.gov/cgi-bin/forms/C00960435/2015798/,https://docquery.fec.gov/cgi-bin/fecimg/?202609309908498336
No Going Back PAC,C00960435,R,OH-SEN,"BROWN, SHERROD",S6OH00163,DEM,S,OH,00,O,2575572.5,2026-09-28,2026-09-30,2026-09-30,dissemination,2026-09-28,DEL RAY MEDIA LLC,PLACED MEDIA: TV AND CONNECTED TV,2015798,F24,48,True,processed,S2026,S2026 special on general ballot,SE.1184769.2,2026-09-30,https://docquery.fec.gov/cgi-bin/forms/C00960435/2015798/,https://docquery.fec.gov/cgi-bin/fecimg/?202609309908498336
No Going Back PAC,C00960435,R,PA-10,"STELSON, JANELLE",H4PA10104,DEM,H,PA,10,O,488140.0,2026-09-28,2026-09-30,2026-09-30,dissemination,2026-09-28,DEL RAY MEDIA LLC,PLACED MEDIA: TV AND CONNECTED TV,2015798,F24,48,True,processed,G2026,G2026,SE.1184763,2026-09-30,https://docquery.fec.gov/cgi-bin/forms/C00960435/2015798/,https://docquery.fec.gov/cgi-bin/fecimg/?202609309908498337
No Going Back PAC,C00960435,R,TX-15,"PULIDO, BOBBY",H6TX15246,DEM,H,TX,15,O,600333.0,2026-09-28,2026-09-30,2026-09-30,dissemination,2026-09-28,DEL RAY MEDIA LLC,PLACED MEDIA: TV AND CONNECTED TV,2015798,F24,48,True,processed,G2026,G2026,SE.1184766,2026-09-30,https://docquery.fec.gov/cgi-bin/forms/C00960435/2015798/,https://docquery.fec.gov/cgi-bin/fecimg/?202609309908498338
No Going Back PAC,C00960435,R,TX-34,"GONZALEZ, VICENTE",H6TX15162,DEM,H,TX,34,O,276125.0,2026-09-28,2026-09-30,2026-09-30,dissemination,2026-09-28,DEL RAY MEDIA LLC,PLACED MEDIA: TV AND CONNECTED TV,2015798,F24,48,True,processed,G2026,G2026,SE.1184764,2026-09-30,https://docquery.fec.gov/cgi-bin/forms/C00960435/2015798/,https://docquery.fec.gov/cgi-bin/fecimg/?202609309908498339
No Going Back PAC,C00960435,R,TX-35,"GARCIA, JOHNNY",H6TX35095,DEM,H,TX,35,O,789831.0,2026-09-28,2026-09-30,2026-09-30,dissemination,2026-09-28,DEL RAY MEDIA LLC,PLACED MEDIA: TV AND CONNECTED TV,2015798,F24,48,True,processed,G2026,G2026,SE.1184774,2026-09-30,https://docquery.fec.gov/cgi-bin/forms/C00960435/2015798/,https://docquery.fec.gov/cgi-bin/fecimg/?202609309908498339
No Going Back PAC,C00960435,R,VA-02,"LURIA, ELAINE",H6VA02198,DEM,H,VA,02,O,562360.0,2026-09-28,2026-09-30,2026-09-30,dissemination,2026-09-28,DEL RAY MEDIA LLC,PLACED MEDIA: TV AND CONNECTED TV,2015798,F24,48,True,processed,G2026,G2026,SE.1184762,2026-09-30,https://docquery.fec.gov/cgi-bin/forms/C00960435/2015798/,https://docquery.fec.gov/cgi-bin/fecimg/?202609309908498340
No Going Back PAC,C00960435,R,VA-05,"MCGUIRE, JOHN J. MR. III",H0VA07133,REP,H,VA,05,S,84243.45,2026-09-30,2026-09-30,2026-09-30,dissemination,2026-09-28,ELECTORAL COMMUNICATIONS GROUP LLC,DIRECT MAIL: PRINTING AND POSTAGE,2015798,F24,48,True,processed,G2026,G2026,SE.1185193.2,2026-09-30,https://docquery.fec.gov/cgi-bin/forms/C00960435/2015798/,https://docquery.fec.gov/cgi-bin/fecimg/?202609309908498341
No Going Back PAC,C00960435,R,VA-05,"PERRIELLO, THOMAS",H6VA05217,DEM,H,VA,05,O,84243.45,2026-09-30,2026-09-30,2026-09-30,dissemination,2026-09-28,ELECTORAL COMMUNICATIONS GROUP LLC,DIRECT MAIL: PRINTING AND POSTAGE,2015798,F24,48,True,processed,G2026,G2026,SE.1185193.1,2026-09-30,https://docquery.fec.gov/cgi-bin/forms/C00960435/2015798/,https://docquery.fec.gov/cgi-bin/fecimg/?202609309908498340
No Going Back PAC,C00960435,R,WA-03,"GLUESENKAMP PEREZ, MARIE",H2WA03217,DEM,H,WA,03,O,573750.0,2026-09-28,2026-09-30,2026-09-30,dissemination,2026-09-28,"MHB MEDIA, INC",PLACED MEDIA: TV AND CONNECTED TV,2015798,F24,48,True,processed,G2026,G2026,SE.1184740,2026-09-30,https://docquery.fec.gov/cgi-bin/forms/C00960435/2015798/,https://docquery.fec.gov/cgi-bin/fecimg/?202609309908498341
SLF,C00571703,R,NC-SEN,"COOPER, ROY",S6NC00407,DEM,S,NC,00,O,1923364.08,2026-09-28,2026-09-30,2026-09-30,dissemination,2026-09-28,FLEXPOINT MEDIA,MEDIA PLACEMENT,2016104,F24,48,True,processed,G2026,G2026,SE.6,2026-10-01,https://docquery.fec.gov/cgi-bin/forms/C00571703/2016104/,https://docquery.fec.gov/cgi-bin/fecimg/?202610019908503164
Safety & Affordability PAC,C00960443,R,AZ-01,"SHAH, AMISH DR.",H4AZ01194,DEM,H,AZ,01,O,844070.0,2026-09-29,2026-09-30,2026-09-30,dissemination,2026-09-28,DEL RAY MEDIA LLC,PLACED MEDIA: TV AND CONNECTED TV,2016050,F24,48,True,processed,G2026,G2026,SE.1185392,2026-10-01,https://docquery.fec.gov/cgi-bin/forms/C00960443/2016050/,https://docquery.fec.gov/cgi-bin/fecimg/?202610019908502445
Safety & Affordability PAC,C00960443,R,PA-07,"BROOKS, BOB",H6PA07188,DEM,H,PA,07,O,250000.0,2026-09-28,2026-09-30,2026-09-30,dissemination,2026-09-28,DEL RAY MEDIA LLC,PLACED MEDIA: TV AND CONNECTED TV,2016050,F24,48,True,processed,G2026,G2026,SE.1184772,2026-10-01,https://docquery.fec.gov/cgi-bin/forms/C00960443/2016050/,https://docquery.fec.gov/cgi-bin/fecimg/?202610019908502444
Safety & Affordability PAC,C00960443,R,WI-03,"COOKE, REBECCA",H4WI03169,DEM,H,WI,03,O,187180.0,2026-09-28,2026-09-30,2026-09-30,dissemination,2026-09-28,DEL RAY MEDIA LLC,PLACED MEDIA: TV AND CONNECTED TV,2016050,F24,48,True,processed,G2026,G2026,SE.1184771,2026-10-01,https://docquery.fec.gov/cgi-bin/forms/C00960443/2016050/,https://docquery.fec.gov/cgi-bin/fecimg/?202610019908502444
No Going Back PAC,C00960435,R,AZ-06,"MENDOZA, JOANNA",H6AZ06099,DEM,H,AZ,06,O,46188.56,2026-09-30,2026-10-01,2026-10-01,dissemination,2026-09-28,CREATIVE DIRECT,DIRECT MAIL: PRINTING AND POSTAGE,2016106,F24,48,True,processed,G2026,G2026,SE.1185265.2,2026-10-01,https://docquery.fec.gov/cgi-bin/forms/C00960435/2016106/,https://docquery.fec.gov/cgi-bin/fecimg/?202610019908503207
No Going Back PAC,C00960435,R,AZ-06,"CISCOMANI, JUAN",H2AZ02360,REP,H,AZ,06,S,46188.56,2026-09-30,2026-10-01,2026-10-01,dissemination,2026-09-28,CREATIVE DIRECT,DIRECT MAIL: PRINTING AND POSTAGE,2016106,F24,48,True,processed,G2026,G2026,SE.1185265.1,2026-10-01,https://docquery.fec.gov/cgi-bin/forms/C00960435/2016106/,https://docquery.fec.gov/cgi-bin/fecimg/?202610019908503206
No Going Back PAC,C00960435,R,AZ-06,"MENDOZA, JOANNA",H6AZ06099,DEM,H,AZ,06,O,19643.25,2026-09-30,2026-10-01,2026-10-01,dissemination,2026-09-28,CREATIVE DIRECT,DIRECT MAIL: PRINTING AND POSTAGE,2016106,F24,48,True,processed,G2026,G2026,SE.1185258.2,2026-10-01,https://docquery.fec.gov/cgi-bin/forms/C00960435/2016106/,https://docquery.fec.gov/cgi-bin/fecimg/?202610019908503203
No Going Back PAC,C00960435,R,AZ-06,"CISCOMANI, JUAN",H2AZ02360,REP,H,AZ,06,S,19643.25,2026-09-30,2026-10-01,2026-10-01,dissemination,2026-09-28,CREATIVE DIRECT,DIRECT MAIL: PRINTING AND POSTAGE,2016106,F24,48,True,processed,G2026,G2026,SE.1185258.1,2026-10-01,https://docquery.fec.gov/cgi-bin/forms/C00960435/2016106/,https://docquery.fec.gov/cgi-bin/fecimg/?202610019908503202
No Going Back PAC,C00960435,R,FL-09,"SOTO, DARREN",H6FL09179,DEM,H,FL,09,O,17634.79,2026-10-01,2026-10-01,2026-10-01,dissemination,2026-09-28,CALIBER CONTACT,DIRECT MAIL: PRINTING AND POSTAGE,2016106,F24,48,True,processed,G2026,G2026,SE.1186002.2,2026-10-01,https://docquery.fec.gov/cgi-bin/forms/C00960435/2016106/,https://docquery.fec.gov/cgi-bin/fecimg/?202610019908503210
No Going Back PAC,C00960435,R,FL-09,"GREEN, DAN",H6FL09294,REP,H,FL,09,S,17634.79,2026-10-01,2026-10-01,2026-10-01,dissemination,2026-09-28,CALIBER CONTACT,DIRECT MAIL: PRINTING AND POSTAGE,2016106,F24,48,True,processed,G2026,G2026,SE.1186002.1,2026-10-01,https://docquery.fec.gov/cgi-bin/forms/C00960435/2016106/,https://docquery.fec.gov/cgi-bin/fecimg/?202610019908503209
No Going Back PAC,C00960435,R,FL-22,"DANDIYA, PIA",H6FL21059,DEM,H,FL,22,O,31655.14,2026-09-30,2026-10-01,2026-10-01,dissemination,2026-09-28,WHISTLESTOP STRATEGIES LLC,DIRECT MAIL: PRINTING AND POSTAGE,2016106,F24,48,True,processed,G2026,G2026,SE.1185254.2,2026-10-01,https://docquery.fec.gov/cgi-bin/forms/C00960435/2016106/,https://docquery.fec.gov/cgi-bin/fecimg/?202610019908503201
No Going Back PAC,C00960435,R,FL-22,"ASKAR, CASEY",H6FL22248,REP,H,FL,22,S,31655.13,2026-09-30,2026-10-01,2026-10-01,dissemination,2026-09-28,WHISTLESTOP STRATEGIES LLC,DIRECT MAIL: PRINTING AND POSTAGE,2016106,F24,48,True,processed,G2026,G2026,SE.1185254.1,2026-10-01,https://docquery.fec.gov/cgi-bin/forms/C00960435/2016106/,https://docquery.fec.gov/cgi-bin/fecimg/?202610019908503200
No Going Back PAC,C00960435,R,IA-03,"TRONE GARRIOTT, SARAH",H6IA03268,DEM,H,IA,03,O,44619.0,2026-10-01,2026-10-01,2026-10-01,dissemination,2026-09-28,PT STRATEGY LLC,DIRECT MAIL: PRINTING AND POSTAGE,2016106,F24,48,True,processed,G2026,G2026,SE.1186008,2026-10-01,https://docquery.fec.gov/cgi-bin/forms/C00960435/2016106/,https://docquery.fec.gov/cgi-bin/fecimg/?202610019908503211
No Going Back PAC,C00960435,R,NH-01,"SHAHEEN, STEFANY",H6NH01321,DEM,H,NH,01,O,777.88,2026-09-30,2026-10-01,2026-10-01,dissemination,2026-09-28,WHISTLESTOP STRATEGIES LLC,TEXT MESSAGES,2016106,F24,48,True,processed,G2026,G2026,SE.1185375,2026-10-01,https://docquery.fec.gov/cgi-bin/forms/C00960435/2016106/,https://docquery.fec.gov/cgi-bin/fecimg/?202610019908503208
No Going Back PAC,C00960435,R,NH-01,"SHAHEEN, STEFANY",H6NH01321,DEM,H,NH,01,O,14926.62,2026-09-30,2026-10-01,2026-10-01,dissemination,2026-09-28,WHISTLESTOP STRATEGIES LLC,DIRECT MAIL: PRINTING AND POSTAGE,2016106,F24,48,True,processed,G2026,G2026,SE.1185253.2,2026-10-01,https://docquery.fec.gov/cgi-bin/forms/C00960435/2016106/,https://docquery.fec.gov/cgi-bin/fecimg/?202610019908503201
No Going Back PAC,C00960435,R,NH-01,"DILORENZO, ANTHONY",H6NH01420,REP,H,NH,01,S,14926.62,2026-09-30,2026-10-01,2026-10-01,dissemination,2026-09-28,WHISTLESTOP STRATEGIES LLC,DIRECT MAIL: PRINTING AND POSTAGE,2016106,F24,48,True,processed,G2026,G2026,SE.1185253.1,2026-10-01,https://docquery.fec.gov/cgi-bin/forms/C00960435/2016106/,https://docquery.fec.gov/cgi-bin/fecimg/?202610019908503200
No Going Back PAC,C00960435,R,NJ-09,"POU, NELIDA",H4NJ09194,DEM,H,NJ,09,O,18659.86,2026-10-01,2026-10-01,2026-10-01,dissemination,2026-09-28,WHISTLESTOP STRATEGIES LLC,DIRECT MAIL: PRINTING AND POSTAGE,2016106,F24,48,True,processed,G2026,G2026,SE.1185954.2,2026-10-01,https://docquery.fec.gov/cgi-bin/forms/C00960435/2016106/,https://docquery.fec.gov/cgi-bin/fecimg/?202610019908503210
No Going Back PAC,C00960435,R,NJ-09,"PINO, ROSEMARY",H6NJ09264,REP,H,NJ,09,S,18659.85,2026-10-01,2026-10-01,2026-10-01,dissemination,2026-09-28,WHISTLESTOP STRATEGIES LLC,DIRECT MAIL: PRINTING AND POSTAGE,2016106,F24,48,True,processed,G2026,G2026,SE.1185954.1,2026-10-01,https://docquery.fec.gov/cgi-bin/forms/C00960435/2016106/,https://docquery.fec.gov/cgi-bin/fecimg/?202610019908503209
No Going Back PAC,C00960435,R,NY-17,"CONLEY, CAIT",H6NY17171,DEM,H,NY,17,O,14709.8,2026-09-30,2026-10-01,2026-10-01,dissemination,2026-09-28,CREATIVE DIRECT,DIRECT MAIL: PRINTING AND POSTAGE,2016106,F24,48,True,processed,G2026,G2026,SE.1185260.2,2026-10-01,https://docquery.fec.gov/cgi-bin/forms/C00960435/2016106/,https://docquery.fec.gov/cgi-bin/fecimg/?202610019908503205
No Going Back PAC,C00960435,R,NY-17,"LAWLER, MICHAEL VINCENT",H2NY17162,REP,H,NY,17,S,14709.8,2026-09-30,2026-10-01,2026-10-01,dissemination,2026-09-28,CREATIVE DIRECT,DIRECT MAIL: PRINTING AND POSTAGE,2016106,F24,48,True,processed,G2026,G2026,SE.1185260.1,2026-10-01,https://docquery.fec.gov/cgi-bin/forms/C00960435/2016106/,https://docquery.fec.gov/cgi-bin/fecimg/?202610019908503204
No Going Back PAC,C00960435,R,SC-01,"LACORE, NANCY",H6SC01359,DEM,H,SC,01,O,28067.97,2026-09-30,2026-10-01,2026-10-01,dissemination,2026-09-28,WHISTLESTOP STRATEGIES LLC,DIRECT MAIL: PRINTING AND POSTAGE,2016106,F24,48,True,processed,G2026,G2026,SE.1185261.2,2026-10-01,https://docquery.fec.gov/cgi-bin/forms/C00960435/2016106/,https://docquery.fec.gov/cgi-bin/fecimg/?202610019908503207
No Going Back PAC,C00960435,R,SC-01,"HONEYCUTT, JENNY COSTA",H6SC01334,REP,H,SC,01,S,28067.97,2026-09-30,2026-10-01,2026-10-01,dissemination,2026-09-28,WHISTLESTOP STRATEGIES LLC,DIRECT MAIL: PRINTING AND POSTAGE,2016106,F24,48,True,processed,G2026,G2026,SE.1185261.1,2026-10-01,https://docquery.fec.gov/cgi-bin/forms/C00960435/2016106/,https://docquery.fec.gov/cgi-bin/fecimg/?202610019908503206
No Going Back PAC,C00960435,R,TX-23,"STOUT, KATY PADILLA",H6TX23273,DEM,H,TX,23,O,23012.25,2026-09-30,2026-10-01,2026-10-01,dissemination,2026-09-28,CREATIVE DIRECT,DIRECT MAIL: PRINTING AND POSTAGE,2016106,F24,48,True,processed,G2026,G2026,SE.1185259.2,2026-10-01,https://docquery.fec.gov/cgi-bin/forms/C00960435/2016106/,https://docquery.fec.gov/cgi-bin/fecimg/?202610019908503205
No Going Back PAC,C00960435,R,TX-23,"HERRERA, BRANDON",H4TX23120,REP,H,TX,23,S,23012.25,2026-09-30,2026-10-01,2026-10-01,dissemination,2026-09-28,CREATIVE DIRECT,DIRECT MAIL: PRINTING AND POSTAGE,2016106,F24,48,True,processed,G2026,G2026,SE.1185259.1,2026-10-01,https://docquery.fec.gov/cgi-bin/forms/C00960435/2016106/,https://docquery.fec.gov/cgi-bin/fecimg/?202610019908503204
No Going Back PAC,C00960435,R,TX-28,"CUELLAR, HENRY R.",H2TX23082,DEM,H,TX,28,O,754.68,2026-09-30,2026-10-01,2026-10-01,dissemination,2026-09-28,WHISTLESTOP STRATEGIES LLC,TEXT MESSAGES,2016106,F24,48,True,processed,G2026,G2026,SE.1185376,2026-10-01,https://docquery.fec.gov/cgi-bin/forms/C00960435/2016106/,https://docquery.fec.gov/cgi-bin/fecimg/?202610019908503208
No Going Back PAC,C00960435,R,TX-28,"CUELLAR, HENRY R.",H2TX23082,DEM,H,TX,28,O,12609.63,2026-09-30,2026-10-01,2026-10-01,dissemination,2026-09-28,WHISTLESTOP STRATEGIES LLC,DIRECT MAIL: PRINTING AND POSTAGE,2016106,F24,48,True,processed,G2026,G2026,SE.1185255.2,2026-10-01,https://docquery.fec.gov/cgi-bin/forms/C00960435/2016106/,https://docquery.fec.gov/cgi-bin/fecimg/?202610019908503203
No Going Back PAC,C00960435,R,TX-28,"TIJERINA, TANO",H6TX28124,REP,H,TX,28,S,12609.62,2026-09-30,2026-10-01,2026-10-01,dissemination,2026-09-28,WHISTLESTOP STRATEGIES LLC,DIRECT MAIL: PRINTING AND POSTAGE,2016106,F24,48,True,processed,G2026,G2026,SE.1185255.1,2026-10-01,https://docquery.fec.gov/cgi-bin/forms/C00960435/2016106/,https://docquery.fec.gov/cgi-bin/fecimg/?202610019908503202
No Going Back PAC,C00960435,R,TX-35,"GARCIA, JOHNNY",H6TX35095,DEM,H,TX,35,O,16163.91,2026-10-01,2026-10-01,2026-10-01,dissemination,2026-09-28,CALIBER CONTACT,DIRECT MAIL: PRINTING AND POSTAGE,2016106,F24,48,True,processed,G2026,G2026,SE.1186530.2,2026-10-01,https://docquery.fec.gov/cgi-bin/forms/C00960435/2016106/,https://docquery.fec.gov/cgi-bin/fecimg/?202610019908503212
No Going Back PAC,C00960435,R,TX-35,"DE LA CRUZ, CARLOS JR.",H6TX35087,REP,H,TX,35,S,16163.9,2026-10-01,2026-10-01,2026-10-01,dissemination,2026-09-28,CALIBER CONTACT,DIRECT MAIL: PRINTING AND POSTAGE,2016106,F24,48,True,processed,G2026,G2026,SE.1186530.1,2026-10-01,https://docquery.fec.gov/cgi-bin/forms/C00960435/2016106/,https://docquery.fec.gov/cgi-bin/fecimg/?202610019908503211
Texas PAC,C00960211,R,TX-SEN,"TALARICO, JAMES",S6TX00479,DEM,S,TX,00,O,373961.07,2026-09-25,2026-10-01,2026-10-01,dissemination,2026-09-28,GOLDFINCH PARTNERS LLC,PRINTING/POSTAGE,2015764,F24,48,True,processed,G2026,G2026,SE24.35,2026-09-30,https://docquery.fec.gov/cgi-bin/forms/C00960211/2015764/,https://docquery.fec.gov/cgi-bin/fecimg/?202609309908496934
Texas PAC,C00960211,R,TX-SEN,"PAXTON, WARREN KENNETH JR.",S6TX00388,REP,S,TX,00,S,373961.08,2026-09-25,2026-10-01,2026-10-01,dissemination,2026-09-28,GOLDFINCH PARTNERS LLC,PRINTING/POSTAGE,2015764,F24,48,True,processed,G2026,G2026,SE24.34,2026-09-30,https://docquery.fec.gov/cgi-bin/forms/C00960211/2015764/,https://docquery.fec.gov/cgi-bin/fecimg/?202609309908496934
