level,side,spender,race,office,week_start,weekly_spend,cumulative_spend,spender_week_total,share_of_spender_week
committee,R,CLF,AK-AL,H,2026-09-28,213000.0,213000.0,25216939.949999996,0.008446702907741192
committee,R,CLF,AZ-01,H,2026-09-14,1033016.12,1033016.12,12927419.1,0.07990892165010725
committee,R,CLF,AZ-01,H,2026-09-21,1033025.39,2066041.51,19064510.750000004,0.054185780246157104
committee,R,CLF,AZ-01,H,2026-09-28,1080770.8399999999,3146812.3499999996,25216939.949999996,0.04285892111187742
committee,R,CLF,AZ-06,H,2026-08-31,405795.61,405795.61,2802996.16,0.14477208916333298
committee,R,CLF,AZ-06,H,2026-09-07,408957.97,814753.58,7736169.199999999,0.05286311085336655
committee,R,CLF,AZ-06,H,2026-09-14,456670.59,1271424.17,12927419.1,0.03532573566830521
committee,R,CLF,AZ-06,H,2026-09-21,431907.8,1703331.97,19064510.750000004,0.022655068659446186
committee,R,CLF,AZ-06,H,2026-09-28,604196.27,2307528.24,25216939.949999996,0.023959936106363298
committee,R,CLF,CA-13,H,2026-09-14,629846.2,629846.2,12927419.1,0.048721728221838186
committee,R,CLF,CA-13,H,2026-09-21,616620.2,1246466.4,19064510.750000004,0.03234387748450349
committee,R,CLF,CA-13,H,2026-09-28,1558124.69,2804591.09,25216939.949999996,0.06178880915326922
committee,R,CLF,CA-22,H,2026-09-07,784755.64,784755.64,7736169.199999999,0.10143982373084602
committee,R,CLF,CA-22,H,2026-09-14,844843.27,1629598.9100000001,12927419.1,0.06535281818162761
committee,R,CLF,CA-22,H,2026-09-21,895297.35,2524896.2600000002,19064510.750000004,0.04696146477296827
committee,R,CLF,CA-22,H,2026-09-28,967990.34,3492886.6,25216939.949999996,0.03838651088987505
committee,R,CLF,CO-08,H,2026-08-31,263000.0,263000.0,2802996.16,0.09382816992514181
committee,R,CLF,CO-08,H,2026-09-07,789690.1799999999,1052690.18,7736169.199999999,0.10207767689465737
committee,R,CLF,CO-08,H,2026-09-14,811952.6699999999,1864642.8499999999,12927419.1,0.06280856710215266
committee,R,CLF,CO-08,H,2026-09-21,933421.34,2798064.19,19064510.750000004,0.04896120085326605
committee,R,CLF,CO-08,H,2026-09-28,923417.64,3721481.83,25216939.949999996,0.03661894114951882
committee,R,CLF,FL-14,H,2026-09-28,1430344.0,1430344.0,25216939.949999996,0.056721553163709706
committee,R,CLF,IA-01,H,2026-08-31,747120.35,747120.35,2802996.16,0.26654347967426395
committee,R,CLF,IA-01,H,2026-09-07,778664.32,1525784.67,7736169.199999999,0.10065244177958259
committee,R,CLF,IA-01,H,2026-09-14,762431.85,2288216.52,12927419.1,0.05897788600355658
committee,R,CLF,IA-01,H,2026-09-21,788246.49,3076463.01,19064510.750000004,0.041346274254638285
committee,R,CLF,IA-01,H,2026-09-28,1170729.6400000001,4247192.65,25216939.949999996,0.046426316687168075
committee,R,CLF,IA-03,H,2026-08-31,410648.4,410648.4,2802996.16,0.14650337587333692
committee,R,CLF,IA-03,H,2026-09-07,465636.65,876285.05,7736169.199999999,0.060189563847698684
committee,R,CLF,IA-03,H,2026-09-14,442878.65,1319163.7000000002,12927419.1,0.034258860687822836
committee,R,CLF,IA-03,H,2026-09-21,458749.35,1777913.0500000003,19064510.750000004,0.02406300145940015
committee,R,CLF,IA-03,H,2026-09-28,474387.62,2252300.6700000004,25216939.949999996,0.018812259573945653
committee,R,CLF,ME-02,H,2026-09-14,673757.98,673757.98,12927419.1,0.05211852225012183
committee,R,CLF,ME-02,H,2026-09-21,710679.57,1384437.5499999998,19064510.750000004,0.03727761909651942
committee,R,CLF,ME-02,H,2026-09-28,869251.91,2253689.46,25216939.949999996,0.034470951341580215
committee,R,CLF,MI-07,H,2026-09-07,670499.37,670499.37,7736169.199999999,0.0866707219898965
committee,R,CLF,MI-07,H,2026-09-14,682903.37,1353402.74,12927419.1,0.0528259635366815
committee,R,CLF,MI-07,H,2026-09-21,713388.44,2066791.18,19064510.750000004,0.03741970876435944
committee,R,CLF,MI-07,H,2026-09-28,706068.3300000001,2772859.51,25216939.949999996,0.027999762516783887
committee,R,CLF,MI-08,H,2026-09-07,365388.01,365388.01,7736169.199999999,0.04723112958801367
committee,R,CLF,MI-08,H,2026-09-14,367694.26,733082.27,12927419.1,0.028442975133373686
committee,R,CLF,MI-08,H,2026-09-21,384168.15,1117250.42,19064510.750000004,0.020150957716027408
committee,R,CLF,MI-08,H,2026-09-28,485508.67,1602759.0899999999,25216939.949999996,0.01925327462264112
committee,R,CLF,MI-10,H,2026-09-21,1304641.57,1304641.57,19064510.750000004,0.06843299506125536
committee,R,CLF,MI-10,H,2026-09-28,1355191.29,2659832.8600000003,25216939.949999996,0.05374130614924196
committee,R,CLF,NC-01,H,2026-09-14,1133007.6600000001,1133007.6600000001,12927419.1,0.08764376332473046
committee,R,CLF,NC-01,H,2026-09-21,1120003.04,2253010.7,19064510.750000004,0.05874806097502396
committee,R,CLF,NC-01,H,2026-09-28,1652703.12,3905713.8200000003,25216939.949999996,0.06553940023162884
committee,R,CLF,NE-02,H,2026-09-07,444590.0,444590.0,7736169.199999999,0.05746901192388606
committee,R,CLF,NE-02,H,2026-09-14,444576.16000000003,889166.16,12927419.1,0.03439017150762909
committee,R,CLF,NE-02,H,2026-09-21,269553.1,1158719.26,19064510.750000004,0.014138999082365643
committee,R,CLF,NE-02,H,2026-09-28,259348.28,1418067.54,25216939.949999996,0.010284684839406933
committee,R,CLF,NM-02,H,2026-09-14,519472.29,519472.29,12927419.1,0.04018375872102731
committee,R,CLF,NM-02,H,2026-09-21,544979.66,1064451.95,19064510.750000004,0.0285860816019105
committee,R,CLF,NM-02,H,2026-09-28,806646.09,1871098.04,25216939.949999996,0.03198826231887823
committee,R,CLF,NY-03,H,2026-09-28,222535.0,222535.0,25216939.949999996,0.008824821744479747
committee,R,CLF,NY-17,H,2026-08-31,238000.0,238000.0,2802996.16,0.08490914236571769
committee,R,CLF,NY-17,H,2026-09-07,225000.0,463000.0,7736169.199999999,0.02908416222333917
committee,R,CLF,NY-17,H,2026-09-14,225000.0,688000.0,12927419.1,0.017404866219584387
committee,R,CLF,NY-17,H,2026-09-21,1171807.13,1859807.13,19064510.750000004,0.06146536595490654
committee,R,CLF,NY-17,H,2026-09-28,1226426.33,3086233.46,25216939.949999996,0.048635018064513424
committee,R,CLF,OH-01,H,2026-09-21,763758.08,763758.08,19064510.750000004,0.04006177184484001
committee,R,CLF,OH-01,H,2026-09-28,802359.04,1566117.12,25216939.949999996,0.03181825556911001
committee,R,CLF,OH-07,H,2026-09-28,1126780.54,1126780.54,25216939.949999996,0.04468347635494926
committee,R,CLF,OH-09,H,2026-08-31,475298.79,475298.79,2802996.16,0.1695681202788376
committee,R,CLF,OH-09,H,2026-09-07,582294.95,1057593.74,7736169.199999999,0.07526915905613854
committee,R,CLF,OH-09,H,2026-09-14,554350.45,1611944.19,12927419.1,0.04288175742673957
committee,R,CLF,OH-09,H,2026-09-21,655928.9,2267873.09,19064510.750000004,0.0344057557312348
committee,R,CLF,OH-09,H,2026-09-28,638551.79,2906424.88,25216939.949999996,0.025322334560264524
committee,R,CLF,PA-07,H,2026-09-21,1125416.15,1125416.15,19064510.750000004,0.05903199745107541
committee,R,CLF,PA-07,H,2026-09-28,1214724.6600000001,2340140.81,25216939.949999996,0.04817097801749733
committee,R,CLF,PA-08,H,2026-09-07,548466.88,548466.88,7736169.199999999,0.07089644316466089
committee,R,CLF,PA-08,H,2026-09-14,547876.48,1096343.3599999999,12927419.1,0.042380963730030224
committee,R,CLF,PA-08,H,2026-09-21,550586.65,1646930.0099999998,19064510.750000004,0.028880187759342313
committee,R,CLF,PA-08,H,2026-09-28,717212.1799999999,2364142.1899999995,25216939.949999996,0.028441681719593423
committee,R,CLF,PA-10,H,2026-09-07,579083.71,579083.71,7736169.199999999,0.07485406472236932
committee,R,CLF,PA-10,H,2026-09-14,567248.49,1146332.2,12927419.1,0.04387948480760556
committee,R,CLF,PA-10,H,2026-09-21,576680.3300000001,1723012.53,19064510.750000004,0.03024889217259352
committee,R,CLF,PA-10,H,2026-09-28,200000.0,1923012.53,25216939.949999996,0.007931176439193608
committee,R,CLF,TX-28,H,2026-08-31,263133.01,263133.01,2802996.16,0.09387562271936897
committee,R,CLF,TX-28,H,2026-09-07,263271.39,526404.4,7736169.199999999,0.0340312347356622
committee,R,CLF,TX-28,H,2026-09-14,262785.1,789189.5,12927419.1,0.02032773115555602
committee,R,CLF,TX-28,H,2026-09-21,1099059.99,1888249.49,19064510.750000004,0.05764952504747596
committee,R,CLF,TX-28,H,2026-09-28,1014784.76,2903034.25,25216939.949999996,0.0402421848968237
committee,R,CLF,TX-34,H,2026-09-07,273060.83999999997,273060.83999999997,7736169.199999999,0.035296647855116714
committee,R,CLF,TX-34,H,2026-09-14,858429.54,1131490.38,12927419.1,0.06640378356728607
committee,R,CLF,TX-34,H,2026-09-21,880465.38,2011955.7599999998,19064510.750000004,0.046183476279348
committee,R,CLF,TX-34,H,2026-09-28,1132582.3399999999,3144538.0999999996,25216939.949999996,0.04491355185227382
committee,R,CLF,VA-02,H,2026-09-14,476539.05,476539.05,12927419.1,0.036862659616257044
committee,R,CLF,VA-02,H,2026-09-21,526523.37,1003062.4199999999,19064510.750000004,0.027617984898983042
committee,R,CLF,VA-02,H,2026-09-28,623460.96,1626523.38,25216939.949999996,0.02472389438354514
committee,R,CLF,WA-03,H,2026-09-07,556809.29,556809.29,7736169.199999999,0.07197480763476581
committee,R,CLF,WA-03,H,2026-09-14,632138.9199999999,1188948.21,12927419.1,0.048899081487966914
committee,R,CLF,WA-03,H,2026-09-21,658187.6799999999,1847135.89,19064510.750000004,0.03452423661068773
committee,R,CLF,WA-03,H,2026-09-28,755249.4,2602385.29,25216939.949999996,0.029950081234975546
committee,R,CLF,WI-03,H,2026-09-21,851415.64,851415.64,19064510.750000004,0.04465971622167119
committee,R,CLF,WI-03,H,2026-09-28,984594.22,1836009.8599999999,25216939.949999996,0.03904495239915104
committee,R,SLF,AK-SEN,S,2026-08-17,943805.1499999999,943805.1499999999,9646639.760000002,0.09783771069315848
committee,R,SLF,AK-SEN,S,2026-08-24,917484.6599999999,1861289.8099999998,9054699.52,0.10132690300472831
committee,R,SLF,AK-SEN,S,2026-08-31,752938.5,2614228.3099999996,14685115.910000002,0.051272220431523984
committee,R,SLF,AK-SEN,S,2026-09-07,1275255.85,3889484.1599999997,30629209.93,0.04163528386512319
committee,R,SLF,AK-SEN,S,2026-09-14,1223504.97,5112989.13,27584703.43,0.044354472510636664
committee,R,SLF,AK-SEN,S,2026-09-21,1384519.19,6497508.32,29351410.07,0.04717044893918447
committee,R,SLF,AK-SEN,S,2026-09-28,1719962.3599999999,8217470.68,32926113.630000003,0.0522370292263369
committee,R,SLF,FL-SEN,S,2026-09-21,30000.0,30000.0,29351410.07,0.0010220974027637234
committee,R,SLF,FL-SEN,S,2026-09-28,0.0,30000.0,32926113.630000003,0.0
committee,R,SLF,GA-SEN,S,2026-08-31,1140479.24,1140479.24,14685115.910000002,0.07766225659978464
committee,R,SLF,GA-SEN,S,2026-09-07,2345460.94,3485940.1799999997,30629209.93,0.07657595299912458
committee,R,SLF,GA-SEN,S,2026-09-14,2112068.44,5598008.619999999,27584703.43,0.07656665388336205
committee,R,SLF,GA-SEN,S,2026-09-21,1716230.94,7314239.559999999,29351410.07,0.05847183954389146
committee,R,SLF,GA-SEN,S,2026-09-28,2222852.72,9537092.28,32926113.630000003,0.0675103276681488
committee,R,SLF,IA-SEN,S,2026-06-01,201209.25,201209.25,599494.25,0.3356316595196701
committee,R,SLF,IA-SEN,S,2026-06-08,0.0,201209.25,0.0,
committee,R,SLF,IA-SEN,S,2026-06-15,0.0,201209.25,0.0,
committee,R,SLF,IA-SEN,S,2026-06-22,0.0,201209.25,0.0,
committee,R,SLF,IA-SEN,S,2026-06-29,0.0,201209.25,0.0,
committee,R,SLF,IA-SEN,S,2026-07-06,0.0,201209.25,0.0,
committee,R,SLF,IA-SEN,S,2026-07-13,0.0,201209.25,0.0,
committee,R,SLF,IA-SEN,S,2026-07-20,0.0,201209.25,117500.0,0.0
committee,R,SLF,IA-SEN,S,2026-07-27,0.0,201209.25,2676813.74,0.0
committee,R,SLF,IA-SEN,S,2026-08-03,0.0,201209.25,3210946.64,0.0
committee,R,SLF,IA-SEN,S,2026-08-10,17880.0,219089.25,6083891.76,0.0029389083016822114
committee,R,SLF,IA-SEN,S,2026-08-17,1865193.79,2084283.04,9646639.760000002,0.19335165782121003
committee,R,SLF,IA-SEN,S,2026-08-24,1829206.59,3913489.63,9054699.52,0.2020173707542313
committee,R,SLF,IA-SEN,S,2026-08-31,1858828.12,5772317.75,14685115.910000002,0.12657905673963454
committee,R,SLF,IA-SEN,S,2026-09-07,3864700.1000000006,9637017.850000001,30629209.93,0.1261769438007832
committee,R,SLF,IA-SEN,S,2026-09-14,3790850.83,13427868.680000002,27584703.43,0.13742583238640968
committee,R,SLF,IA-SEN,S,2026-09-21,5172517.7299999995,18600386.41,29351410.07,0.17622723125274367
committee,R,SLF,IA-SEN,S,2026-09-28,4842550.23,23442936.64,32926113.630000003,0.1470732405414468
committee,R,SLF,ME-SEN,S,2026-07-20,117500.0,117500.0,117500.0,1.0
committee,R,SLF,ME-SEN,S,2026-07-27,0.0,117500.0,2676813.74,0.0
committee,R,SLF,ME-SEN,S,2026-08-03,175000.0,292500.0,3210946.64,0.05450106140661372
committee,R,SLF,ME-SEN,S,2026-08-10,1503546.04,1796046.04,6083891.76,0.24713556705354667
committee,R,SLF,ME-SEN,S,2026-08-17,1707836.12,3503882.16,9646639.760000002,0.17703948343562897
committee,R,SLF,ME-SEN,S,2026-08-24,1502652.86,5006535.0200000005,9054699.52,0.16595281341815307
committee,R,SLF,ME-SEN,S,2026-08-31,1775833.6600000001,6782368.680000001,14685115.910000002,0.12092745272720151
committee,R,SLF,ME-SEN,S,2026-09-07,3727639.09,10510007.77,30629209.93,0.1217020973939304
committee,R,SLF,ME-SEN,S,2026-09-14,2644796.09,13154803.86,27584703.43,0.0958790837360835
committee,R,SLF,ME-SEN,S,2026-09-21,2908517.69,16063321.549999999,29351410.07,0.09909294589471149
committee,R,SLF,ME-SEN,S,2026-09-28,4167604.8000000003,20230926.349999998,32926113.630000003,0.1265744523277951
committee,R,SLF,MI-SEN,S,2026-08-03,267500.0,267500.0,3210946.64,0.08330876529296669
committee,R,SLF,MI-SEN,S,2026-08-10,1897235.63,2164735.63,6083891.76,0.31184572389565324
committee,R,SLF,MI-SEN,S,2026-08-17,2227676.16,4392411.79,9646639.760000002,0.23092768211757084
committee,R,SLF,MI-SEN,S,2026-08-24,2188236.65,6580648.4399999995,9054699.52,0.2416686103350672
committee,R,SLF,MI-SEN,S,2026-08-31,3165898.11,9746546.549999999,14685115.910000002,0.21558550367615037
committee,R,SLF,MI-SEN,S,2026-09-07,4245211.3,13991757.849999998,30629209.93,0.13860009153686975
committee,R,SLF,MI-SEN,S,2026-09-14,3687521.49,17679279.339999996,27584703.43,0.1336799396577743
committee,R,SLF,MI-SEN,S,2026-09-21,3765508.75,21444788.089999996,29351410.07,0.1282905571153025
committee,R,SLF,MI-SEN,S,2026-09-28,5959507.409999999,27404295.499999996,32926113.630000003,0.18099638107821225
committee,R,SLF,NC-SEN,S,2026-02-16,315829.93,315829.93,315829.93,1.0
committee,R,SLF,NC-SEN,S,2026-02-23,0.0,315829.93,0.0,
committee,R,SLF,NC-SEN,S,2026-03-02,0.0,315829.93,0.0,
committee,R,SLF,NC-SEN,S,2026-03-09,0.0,315829.93,0.0,
committee,R,SLF,NC-SEN,S,2026-03-16,0.0,315829.93,0.0,
committee,R,SLF,NC-SEN,S,2026-03-23,0.0,315829.93,0.0,
committee,R,SLF,NC-SEN,S,2026-03-30,265059.3,580889.23,265059.3,1.0
committee,R,SLF,NC-SEN,S,2026-04-06,0.0,580889.23,0.0,
committee,R,SLF,NC-SEN,S,2026-04-13,0.0,580889.23,0.0,
committee,R,SLF,NC-SEN,S,2026-04-20,0.0,580889.23,0.0,
committee,R,SLF,NC-SEN,S,2026-04-27,0.0,580889.23,0.0,
committee,R,SLF,NC-SEN,S,2026-05-04,0.0,580889.23,0.0,
committee,R,SLF,NC-SEN,S,2026-05-11,0.0,580889.23,0.0,
committee,R,SLF,NC-SEN,S,2026-05-18,0.0,580889.23,0.0,
committee,R,SLF,NC-SEN,S,2026-05-25,0.0,580889.23,0.0,
committee,R,SLF,NC-SEN,S,2026-06-01,151209.25,732098.48,599494.25,0.2522280238717886
committee,R,SLF,NC-SEN,S,2026-06-08,0.0,732098.48,0.0,
committee,R,SLF,NC-SEN,S,2026-06-15,0.0,732098.48,0.0,
committee,R,SLF,NC-SEN,S,2026-06-22,0.0,732098.48,0.0,
committee,R,SLF,NC-SEN,S,2026-06-29,0.0,732098.48,0.0,
committee,R,SLF,NC-SEN,S,2026-07-06,0.0,732098.48,0.0,
committee,R,SLF,NC-SEN,S,2026-07-13,0.0,732098.48,0.0,
committee,R,SLF,NC-SEN,S,2026-07-20,0.0,732098.48,117500.0,0.0
committee,R,SLF,NC-SEN,S,2026-07-27,2676813.74,3408912.22,2676813.74,1.0
committee,R,SLF,NC-SEN,S,2026-08-03,2768446.64,6177358.86,3210946.64,0.8621901733004196
committee,R,SLF,NC-SEN,S,2026-08-10,2665230.09,8842588.95,6083891.76,0.43807980074911784
committee,R,SLF,NC-SEN,S,2026-08-17,2902128.54,11744717.489999998,9646639.760000002,0.30084346593243155
committee,R,SLF,NC-SEN,S,2026-08-24,2617118.76,14361836.249999998,9054699.52,0.28903430248782014
committee,R,SLF,NC-SEN,S,2026-08-31,2426282.13,16788118.38,14685115.910000002,0.16522049569576736
committee,R,SLF,NC-SEN,S,2026-09-07,4724430.98,21512549.36,30629209.93,0.15424593029977643
committee,R,SLF,NC-SEN,S,2026-09-14,4372716.62,25885265.98,27584703.43,0.15851961689914026
committee,R,SLF,NC-SEN,S,2026-09-21,2595953.59,28481219.57,29351410.07,0.08844391406780545
committee,R,SLF,NC-SEN,S,2026-09-28,1923364.08,30404583.65,32926113.630000003,0.058414549060158846
committee,R,SLF,NE-SEN,S,2026-06-01,100000.0,100000.0,599494.25,0.16680727129576306
committee,R,SLF,NE-SEN,S,2026-06-08,0.0,100000.0,0.0,
committee,R,SLF,NE-SEN,S,2026-06-15,0.0,100000.0,0.0,
committee,R,SLF,NE-SEN,S,2026-06-22,0.0,100000.0,0.0,
committee,R,SLF,NE-SEN,S,2026-06-29,0.0,100000.0,0.0,
committee,R,SLF,NE-SEN,S,2026-07-06,0.0,100000.0,0.0,
committee,R,SLF,NE-SEN,S,2026-07-13,0.0,100000.0,0.0,
committee,R,SLF,NE-SEN,S,2026-07-20,0.0,100000.0,117500.0,0.0
committee,R,SLF,NE-SEN,S,2026-07-27,0.0,100000.0,2676813.74,0.0
committee,R,SLF,NE-SEN,S,2026-08-03,0.0,100000.0,3210946.64,0.0
committee,R,SLF,NE-SEN,S,2026-08-10,0.0,100000.0,6083891.76,0.0
committee,R,SLF,NE-SEN,S,2026-08-17,0.0,100000.0,9646639.760000002,0.0
committee,R,SLF,NE-SEN,S,2026-08-24,0.0,100000.0,9054699.52,0.0
committee,R,SLF,NE-SEN,S,2026-08-31,0.0,100000.0,14685115.910000002,0.0
committee,R,SLF,NE-SEN,S,2026-09-07,0.0,100000.0,30629209.93,0.0
committee,R,SLF,NE-SEN,S,2026-09-14,0.0,100000.0,27584703.43,0.0
committee,R,SLF,NE-SEN,S,2026-09-21,0.0,100000.0,29351410.07,0.0
committee,R,SLF,NE-SEN,S,2026-09-28,0.0,100000.0,32926113.630000003,0.0
committee,R,SLF,NH-SEN,S,2026-09-07,1528256.29,1528256.29,30629209.93,0.04989538722979395
committee,R,SLF,NH-SEN,S,2026-09-14,1510104.95,3038361.24,27584703.43,0.05474428803746613
committee,R,SLF,NH-SEN,S,2026-09-21,1456171.0399999998,4494532.28,29351410.07,0.04961162126545833
committee,R,SLF,NH-SEN,S,2026-09-28,1578221.7499999998,6072754.03,32926113.630000003,0.0479322208425483
committee,R,SLF,OH-SEN,S,2026-06-01,147075.75,147075.75,599494.25,0.24533304531277822
committee,R,SLF,OH-SEN,S,2026-06-08,0.0,147075.75,0.0,
committee,R,SLF,OH-SEN,S,2026-06-15,0.0,147075.75,0.0,
committee,R,SLF,OH-SEN,S,2026-06-22,0.0,147075.75,0.0,
committee,R,SLF,OH-SEN,S,2026-06-29,0.0,147075.75,0.0,
committee,R,SLF,OH-SEN,S,2026-07-06,0.0,147075.75,0.0,
committee,R,SLF,OH-SEN,S,2026-07-13,0.0,147075.75,0.0,
committee,R,SLF,OH-SEN,S,2026-07-20,0.0,147075.75,117500.0,0.0
committee,R,SLF,OH-SEN,S,2026-07-27,0.0,147075.75,2676813.74,0.0
committee,R,SLF,OH-SEN,S,2026-08-03,0.0,147075.75,3210946.64,0.0
committee,R,SLF,OH-SEN,S,2026-08-10,0.0,147075.75,6083891.76,0.0
committee,R,SLF,OH-SEN,S,2026-08-17,0.0,147075.75,9646639.760000002,0.0
committee,R,SLF,OH-SEN,S,2026-08-24,0.0,147075.75,9054699.52,0.0
committee,R,SLF,OH-SEN,S,2026-08-31,3564856.15,3711931.9,14685115.910000002,0.24275301412993747
committee,R,SLF,OH-SEN,S,2026-09-07,8918255.379999999,12630187.28,30629209.93,0.2911683128745985
committee,R,SLF,OH-SEN,S,2026-09-14,8243140.04,20873327.32,27584703.43,0.2988301128891274
committee,R,SLF,OH-SEN,S,2026-09-21,10321991.14,31195318.46,29351410.07,0.35166934451813886
committee,R,SLF,OH-SEN,S,2026-09-28,10512050.28,41707368.74,32926113.630000003,0.31926179925535286
committee,R,Texas PAC,TX-SEN,S,2026-09-07,60500527.19,60500527.19,60500527.19,1.0
committee,R,Texas PAC,TX-SEN,S,2026-09-14,3308550.7,63809077.89,3308550.7,1.0
committee,R,Texas PAC,TX-SEN,S,2026-09-21,6306644.390000001,70115722.28,6306644.390000001,1.0
committee,R,Texas PAC,TX-SEN,S,2026-09-28,61448929.82,131564652.1,61448929.82,1.0
committee,R,MAGA Inc.,TX-SEN,S,2026-08-31,10000000.0,10000000.0,10000000.0,1.0
committee,R,MAGA Inc.,TX-SEN,S,2026-09-07,0.0,10000000.0,0.0,
committee,R,MAGA Inc.,TX-SEN,S,2026-09-14,5000000.0,15000000.0,5000000.0,1.0
committee,R,MAGA Inc.,TX-SEN,S,2026-09-21,5000000.0,20000000.0,5000000.0,1.0
committee,R,MAGA Inc.,TX-SEN,S,2026-09-28,5000000.0,25000000.0,5000000.0,1.0
committee,R,No Going Back PAC,AK-AL,H,2026-08-31,37910.7,37910.7,677498.55,0.05595687252762385
committee,R,No Going Back PAC,AK-AL,H,2026-09-07,75821.4,113732.09999999999,24347132.74,0.003114181896065023
committee,R,No Going Back PAC,AK-AL,H,2026-09-14,113732.1,227464.2,36057709.07,0.0031541687737068427
committee,R,No Going Back PAC,AK-AL,H,2026-09-21,1318.48,228782.68000000002,35041344.28999999,3.762641036509163e-05
committee,R,No Going Back PAC,AK-AL,H,2026-09-28,40061.619999999995,268844.30000000005,32142275.599999994,0.0012463840612454958
committee,R,No Going Back PAC,AK-SEN,S,2026-09-07,60229.1,60229.1,24347132.74,0.0024737656233766443
committee,R,No Going Back PAC,AK-SEN,S,2026-09-14,1772759.1400000001,1832988.2400000002,36057709.07,0.049164497294004045
committee,R,No Going Back PAC,AK-SEN,S,2026-09-21,1770639.02,3603627.2600000002,35041344.28999999,0.05052999694721473
committee,R,No Going Back PAC,AK-SEN,S,2026-09-28,1736261.0,5339888.26,32142275.599999994,0.05401798620630334
committee,R,No Going Back PAC,AL-02,H,2026-09-14,32167.06,32167.06,36057709.07,0.0008920993826189303
committee,R,No Going Back PAC,AL-02,H,2026-09-21,256001.12,288168.18,35041344.28999999,0.007305687757905365
committee,R,No Going Back PAC,AL-02,H,2026-09-28,278259.76,566427.94,32142275.599999994,0.008657126939699318
committee,R,No Going Back PAC,AZ-01,H,2026-09-14,83814.79999999999,83814.79999999999,36057709.07,0.002324462706082841
committee,R,No Going Back PAC,AZ-01,H,2026-09-21,21766.6,105581.4,35041344.28999999,0.0006211690915696889
committee,R,No Going Back PAC,AZ-01,H,2026-09-28,42385.520000000004,147966.91999999998,32142275.599999994,0.0013186844804479248
committee,R,No Going Back PAC,AZ-02,H,2026-08-31,27601.02,27601.02,677498.55,0.04073960010689322
committee,R,No Going Back PAC,AZ-02,H,2026-09-07,0.0,27601.02,24347132.74,0.0
committee,R,No Going Back PAC,AZ-02,H,2026-09-14,29315.58,56916.600000000006,36057709.07,0.0008130183740483545
committee,R,No Going Back PAC,AZ-02,H,2026-09-21,0.0,56916.600000000006,35041344.28999999,0.0
committee,R,No Going Back PAC,AZ-02,H,2026-09-28,0.0,56916.600000000006,32142275.599999994,0.0
committee,R,No Going Back PAC,AZ-06,H,2026-08-31,34864.28,34864.28,677498.55,0.05146030201835856
committee,R,No Going Back PAC,AZ-06,H,2026-09-07,0.0,34864.28,24347132.74,0.0
committee,R,No Going Back PAC,AZ-06,H,2026-09-14,37226.76,72091.04000000001,36057709.07,0.0010324216640533231
committee,R,No Going Back PAC,AZ-06,H,2026-09-21,70682.68,142773.72,35041344.28999999,0.0020171223859174613
committee,R,No Going Back PAC,AZ-06,H,2026-09-28,132916.02,275689.74,32142275.599999994,0.0041352398832645194
committee,R,No Going Back PAC,CA-13,H,2026-09-14,12763.76,12763.76,36057709.07,0.0003539814461096599
committee,R,No Going Back PAC,CA-13,H,2026-09-21,27720.07,40483.83,35041344.28999999,0.0007910675392642023
committee,R,No Going Back PAC,CA-13,H,2026-09-28,35977.99,76461.82,32142275.599999994,0.0011193354959597199
committee,R,No Going Back PAC,CA-48,H,2026-09-07,28609.12,28609.12,24347132.74,0.0011750508902018662
committee,R,No Going Back PAC,CA-48,H,2026-09-14,30716.28,59325.399999999994,36057709.07,0.0008518644359898042
committee,R,No Going Back PAC,CA-48,H,2026-09-21,116396.44,175721.84,35041344.28999999,0.0033216887753138202
committee,R,No Going Back PAC,CA-48,H,2026-09-28,1903.1599999999999,177625.0,32142275.599999994,5.9210493484786133e-05
committee,R,No Going Back PAC,CO-03,H,2026-09-14,79424.69999999998,79424.69999999998,36057709.07,0.0022027106560156173
committee,R,No Going Back PAC,CO-03,H,2026-09-21,231715.82,311140.52,35041344.28999999,0.006612640716130473
committee,R,No Going Back PAC,CO-03,H,2026-09-28,313181.36,624321.88,32142275.599999994,0.009743596374364982
committee,R,No Going Back PAC,CO-05,H,2026-09-07,452206.0,452206.0,24347132.74,0.018573275335089828
committee,R,No Going Back PAC,CO-05,H,2026-09-14,440920.0,893126.0,36057709.07,0.012228175648764255
committee,R,No Going Back PAC,CO-05,H,2026-09-21,448730.0,1341856.0,35041344.28999999,0.012805730176512018
committee,R,No Going Back PAC,CO-05,H,2026-09-28,454398.0,1796254.0,32142275.599999994,0.01413708244104534
committee,R,No Going Back PAC,CO-08,H,2026-09-07,594709.0,594709.0,24347132.74,0.024426243794323687
committee,R,No Going Back PAC,CO-08,H,2026-09-14,588760.0,1183469.0,36057709.07,0.01632826974273438
committee,R,No Going Back PAC,CO-08,H,2026-09-21,56615.0,1240084.0,35041344.28999999,0.0016156629018412585
committee,R,No Going Back PAC,CO-08,H,2026-09-28,54060.0,1294144.0,32142275.599999994,0.001681897096296443
committee,R,No Going Back PAC,FL-07,H,2026-09-28,73122.76,73122.76,32142275.599999994,0.0022749714709060613
committee,R,No Going Back PAC,FL-09,H,2026-09-07,70539.16,70539.16,24347132.74,0.0028972265750254423
committee,R,No Going Back PAC,FL-09,H,2026-09-14,70539.16,141078.32,36057709.07,0.0019562851279059366
committee,R,No Going Back PAC,FL-09,H,2026-09-21,74484.16,215562.48,35041344.28999999,0.002125607949956877
committee,R,No Going Back PAC,FL-09,H,2026-09-28,37683.98,253246.46000000002,32142275.599999994,0.0011724117006824497
committee,R,No Going Back PAC,FL-14,H,2026-08-31,30353.690000000002,30353.690000000002,677498.55,0.0448025903524074
committee,R,No Going Back PAC,FL-14,H,2026-09-07,121414.76,151768.45,24347132.74,0.004986819651273647
committee,R,No Going Back PAC,FL-14,H,2026-09-14,0.0,151768.45,36057709.07,0.0
committee,R,No Going Back PAC,FL-14,H,2026-09-21,1737857.41,1889625.8599999999,35041344.28999999,0.04959448460702877
committee,R,No Going Back PAC,FL-14,H,2026-09-28,1923215.04,3812840.9,32142275.599999994,0.05983443935126984
committee,R,No Going Back PAC,FL-22,H,2026-09-14,77233.56,77233.56,36057709.07,0.00214194306826493
committee,R,No Going Back PAC,FL-22,H,2026-09-21,83245.88,160479.44,35041344.28999999,0.002375647444089538
committee,R,No Going Back PAC,FL-22,H,2026-09-28,135269.22,295748.66000000003,32142275.599999994,0.004208451874515071
committee,R,No Going Back PAC,FL-25,H,2026-09-14,2438754.52,2438754.52,36057709.07,0.06763476057964656
committee,R,No Going Back PAC,FL-25,H,2026-09-21,2448917.96,4887672.48,35041344.28999999,0.06988653002958183
committee,R,No Going Back PAC,FL-25,H,2026-09-28,2546194.74,7433867.220000001,32142275.599999994,0.07921638068463331
committee,R,No Going Back PAC,GA-SEN,S,2026-09-07,779265.0,779265.0,24347132.74,0.032006438225054015
committee,R,No Going Back PAC,GA-SEN,S,2026-09-14,1583500.48,2362765.48,36057709.07,0.04391572623002474
committee,R,No Going Back PAC,GA-SEN,S,2026-09-21,1338803.12,3701568.6,35041344.28999999,0.03820638583155225
committee,R,No Going Back PAC,GA-SEN,S,2026-09-28,1427547.2,5129115.8,32142275.599999994,0.044413383102221926
committee,R,No Going Back PAC,IA-01,H,2026-09-14,61342.06,61342.06,36057709.07,0.0017012190064797147
committee,R,No Going Back PAC,IA-01,H,2026-09-21,139619.45,200961.51,35041344.28999999,0.003984420484685693
committee,R,No Going Back PAC,IA-01,H,2026-09-28,84345.3,285306.81,32142275.599999994,0.00262412347680822
committee,R,No Going Back PAC,IA-02,H,2026-09-07,422260.0,422260.0,24347132.74,0.01734331530982568
committee,R,No Going Back PAC,IA-02,H,2026-09-14,663716.26,1085976.26,36057709.07,0.01840705572035944
committee,R,No Going Back PAC,IA-02,H,2026-09-21,880141.69,1966117.95,35041344.28999999,0.025117235306842168
committee,R,No Going Back PAC,IA-02,H,2026-09-28,787967.6,2754085.55,32142275.599999994,0.024514991091669942
committee,R,No Going Back PAC,IA-03,H,2026-09-07,67951.0,67951.0,24347132.74,0.0027909241193055574
committee,R,No Going Back PAC,IA-03,H,2026-09-14,63616.0,131567.0,36057709.07,0.0017642829131629021
committee,R,No Going Back PAC,IA-03,H,2026-09-21,66653.0,198220.0,35041344.28999999,0.001902124514641445
committee,R,No Going Back PAC,IA-03,H,2026-09-28,76427.0,274647.0,32142275.599999994,0.002377771908595047
committee,R,No Going Back PAC,IA-SEN,S,2026-08-31,139450.06,139450.06,677498.55,0.205830787386925
committee,R,No Going Back PAC,IA-SEN,S,2026-09-07,404855.04,544305.1,24347132.74,0.0166284483813103
committee,R,No Going Back PAC,IA-SEN,S,2026-09-14,278900.12,823205.22,36057709.07,0.0077348263989418225
committee,R,No Going Back PAC,IA-SEN,S,2026-09-21,0.0,823205.22,35041344.28999999,0.0
committee,R,No Going Back PAC,IA-SEN,S,2026-09-28,0.0,823205.22,32142275.599999994,0.0
committee,R,No Going Back PAC,KY-06,H,2026-09-14,341495.96,341495.96,36057709.07,0.009470816887923823
committee,R,No Going Back PAC,KY-06,H,2026-09-21,295380.3,636876.26,35041344.28999999,0.008429479689918598
committee,R,No Going Back PAC,KY-06,H,2026-09-28,432121.62,1068997.88,32142275.599999994,0.013444026968644376
committee,R,No Going Back PAC,ME-02,H,2026-09-21,46213.44,46213.44,35041344.28999999,0.001318826116302515
committee,R,No Going Back PAC,ME-02,H,2026-09-28,48539.899999999994,94753.34,32142275.599999994,0.0015101575446637015
committee,R,No Going Back PAC,MI-04,H,2026-09-07,927526.83,927526.83,24347132.74,0.038095936794896694
committee,R,No Going Back PAC,MI-04,H,2026-09-14,1004035.6599999999,1931562.4899999998,36057709.07,0.027845242692785415
committee,R,No Going Back PAC,MI-04,H,2026-09-21,1145379.32,3076941.8099999996,35041344.28999999,0.032686511981986535
committee,R,No Going Back PAC,MI-04,H,2026-09-28,912922.0,3989863.8099999996,32142275.599999994,0.028402531649003724
committee,R,No Going Back PAC,MI-07,H,2026-08-31,20342.52,20342.52,677498.55,0.03002592404072304
committee,R,No Going Back PAC,MI-07,H,2026-09-07,554.0,20896.52,24347132.74,2.275421939478858e-05
committee,R,No Going Back PAC,MI-07,H,2026-09-14,41171.04,62067.56,36057709.07,0.0011418096452016219
committee,R,No Going Back PAC,MI-07,H,2026-09-21,82344.08,144411.64,35041344.28999999,0.002349912130040603
committee,R,No Going Back PAC,MI-07,H,2026-09-28,926.0,145337.64,32142275.599999994,2.8809410121540994e-05
committee,R,No Going Back PAC,MI-08,H,2026-09-14,25851.949999999997,25851.949999999997,36057709.07,0.0007169604133699334
committee,R,No Going Back PAC,MI-08,H,2026-09-21,52785.02,78636.97,35041344.28999999,0.0015063640128402166
committee,R,No Going Back PAC,MI-08,H,2026-09-28,52595.92,131232.89,32142275.599999994,0.0016363471166304109
committee,R,No Going Back PAC,MI-10,H,2026-08-31,18152.28,18152.28,677498.55,0.026793090553477932
committee,R,No Going Back PAC,MI-10,H,2026-09-07,18607.28,36759.56,24347132.74,0.0007642493347658153
committee,R,No Going Back PAC,MI-10,H,2026-09-14,18551.28,55310.84,36057709.07,0.0005144885928272868
committee,R,No Going Back PAC,MI-10,H,2026-09-21,73347.12,128657.95999999999,35041344.28999999,0.00209315942313696
committee,R,No Going Back PAC,MI-10,H,2026-09-28,766.0,129423.95999999999,32142275.599999994,2.3831542281965876e-05
committee,R,No Going Back PAC,MI-SEN,S,2026-09-07,3765511.0,3765511.0,24347132.74,0.15465932026622697
committee,R,No Going Back PAC,MI-SEN,S,2026-09-14,4846168.16,8611679.16,36057709.07,0.13440033449135597
committee,R,No Going Back PAC,MI-SEN,S,2026-09-21,4852727.18,13464406.34,35041344.28999999,0.1384857595598825
committee,R,No Going Back PAC,MI-SEN,S,2026-09-28,4023158.0,17487564.34,32142275.599999994,0.12516718013580846
committee,R,No Going Back PAC,MT-01,H,2026-08-31,48836.33,48836.33,677498.55,0.07208329818565663
committee,R,No Going Back PAC,MT-01,H,2026-09-07,65225.76,114062.09,24347132.74,0.002678991431826399
committee,R,No Going Back PAC,MT-01,H,2026-09-14,32612.88,146674.97,36057709.07,0.0009044634515378545
committee,R,No Going Back PAC,MT-01,H,2026-09-21,665467.79,812142.76,35041344.28999999,0.018990932097028866
committee,R,No Going Back PAC,MT-01,H,2026-09-28,651992.35,1464135.1099999999,32142275.599999994,0.020284573441962526
committee,R,No Going Back PAC,NC-01,H,2026-09-07,41754.5,41754.5,24347132.74,0.0017149658009380862
committee,R,No Going Back PAC,NC-01,H,2026-09-14,81492.0,123246.5,36057709.07,0.0022600437493629152
committee,R,No Going Back PAC,NC-01,H,2026-09-21,164646.0,287892.5,35041344.28999999,0.004698621109892358
committee,R,No Going Back PAC,NC-01,H,2026-09-28,4516.0,292408.5,32142275.599999994,0.0001405003197720077
committee,R,No Going Back PAC,NC-11,H,2026-09-07,492010.0,492010.0,24347132.74,0.02020812903326702
committee,R,No Going Back PAC,NC-11,H,2026-09-14,604464.4,1096474.4,36057709.07,0.01676380490026512
committee,R,No Going Back PAC,NC-11,H,2026-09-21,720508.18,1816982.58,35041344.28999999,0.020561659222806037
committee,R,No Going Back PAC,NC-11,H,2026-09-28,1114873.62,2931856.2,32142275.599999994,0.03468558461367932
committee,R,No Going Back PAC,NC-SEN,S,2026-08-31,79576.81,79576.81,677498.55,0.11745679750901311
committee,R,No Going Back PAC,NC-SEN,S,2026-09-07,3202241.86,3281818.67,24347132.74,0.13152439320869289
committee,R,No Going Back PAC,NC-SEN,S,2026-09-14,3223846.6599999997,6505665.33,36057709.07,0.08940797247383192
committee,R,No Going Back PAC,NC-SEN,S,2026-09-21,3267733.6999999997,9773399.03,35041344.28999999,0.09325366267219769
committee,R,No Going Back PAC,NC-SEN,S,2026-09-28,0.0,9773399.03,32142275.599999994,0.0
committee,R,No Going Back PAC,NE-02,H,2026-09-14,52098.94,52098.94,36057709.07,0.0014448765976468067
committee,R,No Going Back PAC,NE-02,H,2026-09-21,109223.75,161322.69,35041344.28999999,0.003116996571138111
committee,R,No Going Back PAC,NE-02,H,2026-09-28,0.0,161322.69,32142275.599999994,0.0
committee,R,No Going Back PAC,NH-01,H,2026-09-14,24557.26,24557.26,36057709.07,0.0006810543607284143
committee,R,No Going Back PAC,NH-01,H,2026-09-21,55971.3,80528.56,35041344.28999999,0.0015972931727956839
committee,R,No Going Back PAC,NH-01,H,2026-09-28,60484.36,141012.91999999998,32142275.599999994,0.001881769690258023
committee,R,No Going Back PAC,NH-SEN,S,2026-09-07,1775719.0,1775719.0,24347132.74,0.07293339297742704
committee,R,No Going Back PAC,NH-SEN,S,2026-09-14,1757470.88,3533189.88,36057709.07,0.04874050308044154
committee,R,No Going Back PAC,NH-SEN,S,2026-09-21,1804041.64,5337231.52,35041344.28999999,0.05148323149562594
committee,R,No Going Back PAC,NH-SEN,S,2026-09-28,2130206.7,7467438.22,32142275.599999994,0.06627429639735902
committee,R,No Going Back PAC,NJ-07,H,2026-09-14,66747.12,66747.12,36057709.07,0.0018511192674615475
committee,R,No Going Back PAC,NJ-07,H,2026-09-21,998.36,67745.48,35041344.28999999,2.8490916094360838e-05
committee,R,No Going Back PAC,NJ-07,H,2026-09-28,92830.44,160575.91999999998,32142275.599999994,0.0028881103863100475
committee,R,No Going Back PAC,NJ-09,H,2026-09-14,74503.22,74503.22,36057709.07,0.0020662216741325545
committee,R,No Going Back PAC,NJ-09,H,2026-09-21,76392.9,150896.12,35041344.28999999,0.002180079033720199
committee,R,No Going Back PAC,NJ-09,H,2026-09-28,76708.62,227604.74,32142275.599999994,0.0023865335782261793
committee,R,No Going Back PAC,NM-02,H,2026-09-14,313281.64,313281.64,36057709.07,0.00868834011034412
committee,R,No Going Back PAC,NM-02,H,2026-09-21,315361.72000000003,628643.3600000001,35041344.28999999,0.008999703818155092
committee,R,No Going Back PAC,NM-02,H,2026-09-28,325601.06,954244.4200000002,32142275.599999994,0.010129994031909803
committee,R,No Going Back PAC,NV-03,H,2026-09-14,98301.04000000001,98301.04000000001,36057709.07,0.0027262142419853964
committee,R,No Going Back PAC,NV-03,H,2026-09-21,1129.44,99430.48000000001,35041344.28999999,3.223164016348302e-05
committee,R,No Going Back PAC,NV-03,H,2026-09-28,103321.95999999999,202752.44,32142275.599999994,0.003214519136286667
committee,R,No Going Back PAC,NY-03,H,2026-09-14,2046013.18,2046013.18,36057709.07,0.05674273914707138
committee,R,No Going Back PAC,NY-03,H,2026-09-21,2121377.98,4167391.16,35041344.28999999,0.06053928646240302
committee,R,No Going Back PAC,NY-03,H,2026-09-28,2417922.0,6585313.16,32142275.599999994,0.07522560101500718
committee,R,No Going Back PAC,NY-04,H,2026-09-14,60946.52,60946.52,36057709.07,0.0016902493689125546
committee,R,No Going Back PAC,NY-04,H,2026-09-21,62865.88,123812.4,35041344.28999999,0.0017940487522318171
committee,R,No Going Back PAC,NY-04,H,2026-09-28,63779.08,187591.47999999998,32142275.599999994,0.001984273944810554
committee,R,No Going Back PAC,NY-17,H,2026-08-31,20142.92,20142.92,677498.55,0.029731310864060147
committee,R,No Going Back PAC,NY-17,H,2026-09-07,0.0,20142.92,24347132.74,0.0
committee,R,No Going Back PAC,NY-17,H,2026-09-14,21257.16,41400.08,36057709.07,0.00058953162994168
committee,R,No Going Back PAC,NY-17,H,2026-09-21,40761.159999999996,82161.23999999999,35041344.28999999,0.001163230487468265
committee,R,No Going Back PAC,NY-17,H,2026-09-28,30244.079999999998,112405.31999999999,32142275.599999994,0.0009409439573096064
committee,R,No Going Back PAC,OH-01,H,2026-09-07,117801.0,117801.0,24347132.74,0.004838393138854674
committee,R,No Going Back PAC,OH-01,H,2026-09-14,109530.0,227331.0,36057709.07,0.003037630587882493
committee,R,No Going Back PAC,OH-01,H,2026-09-21,116560.0,343891.0,35041344.28999999,0.0033263564044620168
committee,R,No Going Back PAC,OH-01,H,2026-09-28,109530.0,453421.0,32142275.599999994,0.0034076616529291415
committee,R,No Going Back PAC,OH-09,H,2026-09-07,72420.0,72420.0,24347132.74,0.002974477560596731
committee,R,No Going Back PAC,OH-09,H,2026-09-14,68252.0,140672.0,36057709.07,0.0018928545867265216
committee,R,No Going Back PAC,OH-09,H,2026-09-21,71664.0,212336.0,35041344.28999999,0.002045127019297924
committee,R,No Going Back PAC,OH-09,H,2026-09-28,78784.0,291120.0,32142275.599999994,0.0024511021242067882
committee,R,No Going Back PAC,OH-10,H,2026-09-07,77025.0,77025.0,24347132.74,0.003163616875241138
committee,R,No Going Back PAC,OH-10,H,2026-09-14,72740.0,149765.0,36057709.07,0.0020173217288649006
committee,R,No Going Back PAC,OH-10,H,2026-09-21,76209.0,225974.0,35041344.28999999,0.0021748309473888627
committee,R,No Going Back PAC,OH-10,H,2026-09-28,72740.0,298714.0,32142275.599999994,0.002263063166566838
committee,R,No Going Back PAC,OH-15,H,2026-09-14,59580.73,59580.73,36057709.07,0.0016523714771876938
committee,R,No Going Back PAC,OH-15,H,2026-09-21,122072.47,181653.2,35041344.28999999,0.003483669718539786
committee,R,No Going Back PAC,OH-15,H,2026-09-28,0.0,181653.2,32142275.599999994,0.0
committee,R,No Going Back PAC,OH-SEN,S,2026-09-07,6713174.15,6713174.15,24347132.74,0.27572750441249705
committee,R,No Going Back PAC,OH-SEN,S,2026-09-14,5821929.6,12535103.75,36057709.07,0.16146143918066727
committee,R,No Going Back PAC,OH-SEN,S,2026-09-21,4932645.0,17467748.75,35041344.28999999,0.14076643176636536
committee,R,No Going Back PAC,OH-SEN,S,2026-09-28,5151145.0,22618893.75,32142275.599999994,0.16026074395305107
committee,R,No Going Back PAC,PA-07,H,2026-09-07,45881.0,45881.0,24347132.74,0.0018844518773507128
committee,R,No Going Back PAC,PA-07,H,2026-09-14,42770.0,88651.0,36057709.07,0.0011861541152536677
committee,R,No Going Back PAC,PA-07,H,2026-09-21,45408.0,134059.0,35041344.28999999,0.0012958406967554159
committee,R,No Going Back PAC,PA-07,H,2026-09-28,63884.0,197943.0,32142275.599999994,0.001987538181646355
committee,R,No Going Back PAC,PA-08,H,2026-09-14,37505.01,37505.01,36057709.07,0.00104013846046598
committee,R,No Going Back PAC,PA-08,H,2026-09-21,109144.18,146649.19,35041344.28999999,0.003114725824920686
committee,R,No Going Back PAC,PA-08,H,2026-09-28,0.0,146649.19,32142275.599999994,0.0
committee,R,No Going Back PAC,PA-10,H,2026-09-07,76095.0,76095.0,24347132.74,0.003125419358928587
committee,R,No Going Back PAC,PA-10,H,2026-09-14,71394.0,147489.0,36057709.07,0.001979992679551563
committee,R,No Going Back PAC,PA-10,H,2026-09-21,75228.0,222717.0,35041344.28999999,0.002146835446078145
committee,R,No Going Back PAC,PA-10,H,2026-09-28,560250.0,782967.0,32142275.599999994,0.017430315357012248
committee,R,No Going Back PAC,SC-01,H,2026-09-14,112271.88,112271.88,36057709.07,0.0031136720245327557
committee,R,No Going Back PAC,SC-01,H,2026-09-21,116578.12000000001,228850.0,35041344.28999999,0.003326873507911304
committee,R,No Going Back PAC,SC-01,H,2026-09-28,116092.28,344942.28,32142275.599999994,0.0036118251689684355
committee,R,No Going Back PAC,TX-09,H,2026-09-07,94014.18,94014.18,24347132.74,0.003861406638882932
committee,R,No Going Back PAC,TX-09,H,2026-09-14,94014.18,188028.36,36057709.07,0.002607325379920483
committee,R,No Going Back PAC,TX-09,H,2026-09-21,101624.5,289652.86,35041344.28999999,0.0029001313179928814
committee,R,No Going Back PAC,TX-09,H,2026-09-28,0.0,289652.86,32142275.599999994,0.0
committee,R,No Going Back PAC,TX-15,H,2026-09-07,655595.75,655595.75,24347132.74,0.02692702081189705
committee,R,No Going Back PAC,TX-15,H,2026-09-14,596087.25,1251683.0,36057709.07,0.016531478714934343
committee,R,No Going Back PAC,TX-15,H,2026-09-21,628130.22,1879813.22,35041344.28999999,0.01792540305536321
committee,R,No Going Back PAC,TX-15,H,2026-09-28,661695.02,2541508.24,32142275.599999994,0.020586439747906343
committee,R,No Going Back PAC,TX-23,H,2026-08-31,46023.75,46023.75,677498.55,0.06793187970660601
committee,R,No Going Back PAC,TX-23,H,2026-09-07,0.0,46023.75,24347132.74,0.0
committee,R,No Going Back PAC,TX-23,H,2026-09-14,49427.83,95451.58,36057709.07,0.0013707978480841407
committee,R,No Going Back PAC,TX-23,H,2026-09-21,93525.34,188976.91999999998,35041344.28999999,0.0026689997742663663
committee,R,No Going Back PAC,TX-23,H,2026-09-28,47509.58,236486.5,32142275.599999994,0.0014781025647107578
committee,R,No Going Back PAC,TX-28,H,2026-09-14,50438.5,50438.5,36057709.07,0.0013988270830540593
committee,R,No Going Back PAC,TX-28,H,2026-09-21,52711.78,103150.28,35041344.28999999,0.0015042739103774266
committee,R,No Going Back PAC,TX-28,H,2026-09-28,51193.18,154343.46,32142275.599999994,0.0015927055270473758
committee,R,No Going Back PAC,TX-34,H,2026-09-07,273785.0,273785.0,24347132.74,0.011245061294227783
committee,R,No Going Back PAC,TX-34,H,2026-09-14,273125.0,546910.0,36057709.07,0.0075746631453976615
committee,R,No Going Back PAC,TX-34,H,2026-09-21,423256.44,970166.44,35041344.28999999,0.012078772906003718
committee,R,No Going Back PAC,TX-34,H,2026-09-28,278071.08,1248237.52,32142275.599999994,0.008651256789049499
committee,R,No Going Back PAC,TX-35,H,2026-09-07,879692.24,879692.24,24347132.74,0.036131245900456695
committee,R,No Going Back PAC,TX-35,H,2026-09-14,750381.0,1630073.24,36057709.07,0.02081055672569938
committee,R,No Going Back PAC,TX-35,H,2026-09-21,817698.5800000001,2447771.8200000003,35041344.28999999,0.023335251445628837
committee,R,No Going Back PAC,TX-35,H,2026-09-28,823739.01,3271510.83,32142275.599999994,0.02562789953801529
committee,R,No Going Back PAC,TX-SEN,S,2026-09-07,1871976.96,1871976.96,24347132.74,0.07688695749066672
committee,R,No Going Back PAC,TX-SEN,S,2026-09-14,3743953.92,5615930.88,36057709.07,0.10383227377900633
committee,R,No Going Back PAC,TX-SEN,S,2026-09-21,0.0,5615930.88,35041344.28999999,0.0
committee,R,No Going Back PAC,TX-SEN,S,2026-09-28,0.0,5615930.88,32142275.599999994,0.0
committee,R,No Going Back PAC,VA-01,H,2026-09-21,143399.0,143399.0,35041344.28999999,0.004092280216570425
committee,R,No Going Back PAC,VA-01,H,2026-09-28,0.0,143399.0,32142275.599999994,0.0
committee,R,No Going Back PAC,VA-02,H,2026-09-07,79115.56,79115.56,24347132.74,0.0032494816061038982
committee,R,No Going Back PAC,VA-02,H,2026-09-14,42181.78,121297.34,36057709.07,0.0011698408215039713
committee,R,No Going Back PAC,VA-02,H,2026-09-21,154590.12,275887.45999999996,35041344.28999999,0.004411649242695193
committee,R,No Going Back PAC,VA-02,H,2026-09-28,564770.0,840657.46,32142275.599999994,0.017570940123480247
committee,R,No Going Back PAC,VA-05,H,2026-09-21,114025.16,114025.16,35041344.28999999,0.0032540178554890716
committee,R,No Going Back PAC,VA-05,H,2026-09-28,173422.86,287448.02,32142275.599999994,0.005395475484007113
committee,R,No Going Back PAC,WA-03,H,2026-08-31,84689.25,84689.25,677498.55,0.12500285055960636
committee,R,No Going Back PAC,WA-03,H,2026-09-07,2869.0,87558.25,24347132.74,0.00011783728419431126
committee,R,No Going Back PAC,WA-03,H,2026-09-14,725548.5,813106.75,36057709.07,0.020121869045852836
committee,R,No Going Back PAC,WA-03,H,2026-09-21,895114.0,1708220.75,35041344.28999999,0.02554451086670911
committee,R,No Going Back PAC,WA-03,H,2026-09-28,580910.0,2289130.75,32142275.599999994,0.018073082541797385
committee,R,No Going Back PAC,WI-01,H,2026-08-31,89554.94,89554.94,677498.55,0.13218469618864867
committee,R,No Going Back PAC,WI-01,H,2026-09-07,0.0,89554.94,24347132.74,0.0
committee,R,No Going Back PAC,WI-01,H,2026-09-14,98829.42,188384.36,36057709.07,0.0027408679738399142
committee,R,No Going Back PAC,WI-01,H,2026-09-21,183095.04,371479.4,35041344.28999999,0.0052251146098938675
committee,R,No Going Back PAC,WI-01,H,2026-09-28,40650.43,412129.83,32142275.599999994,0.0012647029260118724
committee,R,No Going Back PAC,WI-03,H,2026-09-07,20678.09,20678.09,24347132.74,0.0008493028818144112
committee,R,No Going Back PAC,WI-03,H,2026-09-14,43679.18,64357.270000000004,36057709.07,0.0012113686955320482
committee,R,No Going Back PAC,WI-03,H,2026-09-21,42701.18,107058.45000000001,35041344.28999999,0.0012185942310491197
committee,R,No Going Back PAC,WI-03,H,2026-09-28,43202.18,150260.63,32142275.599999994,0.001344092140134596
committee,R,Safety & Affordability PAC,AZ-01,H,2026-09-28,844070.0,844070.0,1281250.0,0.6587863414634146
committee,R,Safety & Affordability PAC,PA-07,H,2026-09-28,250000.0,250000.0,1281250.0,0.1951219512195122
committee,R,Safety & Affordability PAC,WI-03,H,2026-09-28,187180.0,187180.0,1281250.0,0.14609170731707316
committee,D,HMP,AK-AL,H,2026-09-14,188949.62,188949.62,12952886.750000002,0.014587452484288875
committee,D,HMP,AK-AL,H,2026-09-21,175147.0,364096.62,17550567.74,0.009979563202438032
committee,D,HMP,AK-AL,H,2026-09-28,243057.0,607153.62,11889557.84,0.02044289647023577
committee,D,HMP,AZ-01,H,2026-09-21,794162.5,794162.5,17550567.74,0.04524996067164264
committee,D,HMP,AZ-01,H,2026-09-28,205921.3,1000083.8,11889557.84,0.017319508662232978
committee,D,HMP,AZ-06,H,2026-08-31,18188.0,18188.0,503692.06,0.03610936412219799
committee,D,HMP,AZ-06,H,2026-09-07,652456.66,670644.66,5096030.0200000005,0.12803234232124872
committee,D,HMP,AZ-06,H,2026-09-14,583149.16,1253793.82,12952886.750000002,0.04502078735460263
committee,D,HMP,AZ-06,H,2026-09-21,570452.26,1824246.08,17550567.74,0.032503350800434
committee,D,HMP,AZ-06,H,2026-09-28,230629.57,2054875.6500000001,11889557.84,0.01939765743214552
committee,D,HMP,CA-13,H,2026-09-28,183358.48,183358.48,11889557.84,0.015421808150268439
committee,D,HMP,CA-22,H,2026-08-31,30676.21,30676.21,503692.06,0.0609027071024308
committee,D,HMP,CA-22,H,2026-09-07,758508.33,789184.5399999999,5096030.0200000005,0.14884298699637563
committee,D,HMP,CA-22,H,2026-09-14,835700.0,1624884.54,12952886.750000002,0.06451843640183141
committee,D,HMP,CA-22,H,2026-09-21,630570.93,2255455.47,17550567.74,0.035928805229636415
committee,D,HMP,CA-22,H,2026-09-28,249738.75,2505194.22,11889557.84,0.021004881204228196
committee,D,HMP,CA-48,H,2026-09-14,877199.71,877199.71,12952886.750000002,0.06772233301584296
committee,D,HMP,CA-48,H,2026-09-21,880987.73,1758187.44,17550567.74,0.05019710718486421
committee,D,HMP,CA-48,H,2026-09-28,977812.72,2736000.16,11889557.84,0.08224130225518966
committee,D,HMP,CO-05,H,2026-09-14,121016.04000000001,121016.04000000001,12952886.750000002,0.009342785306140347
committee,D,HMP,CO-05,H,2026-09-21,111456.0,232472.04,17550567.74,0.006350563790935233
committee,D,HMP,CO-05,H,2026-09-28,0.0,232472.04,11889557.84,0.0
committee,D,HMP,CO-08,H,2026-08-31,25100.0,25100.0,503692.06,0.04983203427903946
committee,D,HMP,CO-08,H,2026-09-07,751145.38,776245.38,5096030.0200000005,0.14739814660667952
committee,D,HMP,CO-08,H,2026-09-14,729054.84,1505300.22,12952886.750000002,0.05628512424074115
committee,D,HMP,CO-08,H,2026-09-21,711944.0,2217244.2199999997,17550567.74,0.04056529740501717
committee,D,HMP,CO-08,H,2026-09-28,59002.0,2276246.2199999997,11889557.84,0.004962505821831302
committee,D,HMP,FL-13,H,2026-09-28,133338.9,133338.9,11889557.84,0.01121479047365482
committee,D,HMP,FL-14,H,2026-09-28,608160.0,608160.0,11889557.84,0.05115076676392198
committee,D,HMP,FL-22,H,2026-09-28,104190.89,104190.89,11889557.84,0.008763226639889916
committee,D,HMP,FL-25,H,2026-09-21,668423.04,668423.04,17550567.74,0.038085550843838405
committee,D,HMP,FL-25,H,2026-09-28,1428465.0,2096888.04,11889557.84,0.12014450152168149
committee,D,HMP,IA-01,H,2026-09-14,32218.91,32218.91,12952886.750000002,0.0024873922409612663
committee,D,HMP,IA-01,H,2026-09-21,32218.91,64437.82,17550567.74,0.0018357759405451578
committee,D,HMP,IA-01,H,2026-09-28,32218.91,96656.73,11889557.84,0.0027098493008382556
committee,D,HMP,IA-02,H,2026-09-07,448551.20999999996,448551.20999999996,5096030.0200000005,0.0880197346247187
committee,D,HMP,IA-02,H,2026-09-14,497924.95999999996,946476.1699999999,12952886.750000002,0.03844123473093748
committee,D,HMP,IA-02,H,2026-09-21,446098.41000000003,1392574.58,17550567.74,0.02541789055537414
committee,D,HMP,IA-02,H,2026-09-28,180984.0,1573558.58,11889557.84,0.015222096770589411
committee,D,HMP,IA-03,H,2026-09-07,228928.44,228928.44,5096030.0200000005,0.044922898629235306
committee,D,HMP,IA-03,H,2026-09-14,256775.89,485704.33,12952886.750000002,0.019823835022721864
committee,D,HMP,IA-03,H,2026-09-21,268219.56,753923.89,17550567.74,0.015282671419722404
committee,D,HMP,IA-03,H,2026-09-28,56371.88,810295.77,11889557.84,0.004741293222053075
committee,D,HMP,ME-02,H,2026-09-21,1064646.8599999999,1064646.8599999999,17550567.74,0.06066167634985009
committee,D,HMP,ME-02,H,2026-09-28,1050342.0,2114988.86,11889557.84,0.08834155265777319
committee,D,HMP,MI-04,H,2026-09-07,663634.6900000001,663634.6900000001,5096030.0200000005,0.13022582037301264
committee,D,HMP,MI-04,H,2026-09-14,593557.73,1257192.42,12952886.750000002,0.04582435880557667
committee,D,HMP,MI-04,H,2026-09-21,578676.96,1835869.38,17550567.74,0.03297197951500571
committee,D,HMP,MI-04,H,2026-09-28,0.0,1835869.38,11889557.84,0.0
committee,D,HMP,MI-07,H,2026-09-14,628147.37,628147.37,12952886.750000002,0.048494778200697225
committee,D,HMP,MI-07,H,2026-09-21,656032.4199999999,1284179.79,17550567.74,0.037379555449070616
committee,D,HMP,MI-07,H,2026-09-28,1041352.0199999999,2325531.81,11889557.84,0.08758542866048245
committee,D,HMP,MI-10,H,2026-09-14,182161.56,182161.56,12952886.750000002,0.014063394787266242
committee,D,HMP,MI-10,H,2026-09-21,247854.0,430015.56,17550567.74,0.01412227818904735
committee,D,HMP,MI-10,H,2026-09-28,191240.0,621255.56,11889557.84,0.01608470244003624
committee,D,HMP,NC-01,H,2026-09-07,42383.12,42383.12,5096030.0200000005,0.008316889781587275
committee,D,HMP,NC-01,H,2026-09-14,42628.12,85011.24,12952886.750000002,0.0032910131017705375
committee,D,HMP,NC-01,H,2026-09-21,2618730.96,2703742.2,17550567.74,0.1492106123741841
committee,D,HMP,NC-01,H,2026-09-28,162131.63,2865873.83,11889557.84,0.013636472624283899
committee,D,HMP,NC-11,H,2026-09-14,708050.9199999999,708050.9199999999,12952886.750000002,0.054663561387194234
committee,D,HMP,NC-11,H,2026-09-21,691204.32,1399255.2399999998,17550567.74,0.039383587485016594
committee,D,HMP,NC-11,H,2026-09-28,128439.0,1527694.2399999998,11889557.84,0.010802672540764561
committee,D,HMP,NE-02,H,2026-09-07,473626.45,473626.45,5096030.0200000005,0.09294027863674162
committee,D,HMP,NE-02,H,2026-09-14,395707.6,869334.05,12952886.750000002,0.03054976142673369
committee,D,HMP,NE-02,H,2026-09-21,395119.0,1264453.05,17550567.74,0.0225131748359042
committee,D,HMP,NE-02,H,2026-09-28,101425.0,1365878.05,11889557.84,0.0085305947760964
committee,D,HMP,NJ-07,H,2026-09-14,296100.23,296100.23,12952886.750000002,0.02285978683477642
committee,D,HMP,NJ-07,H,2026-09-21,391546.59,687646.8200000001,17550567.74,0.022309625295346715
committee,D,HMP,NJ-07,H,2026-09-28,370800.0,1058446.82,11889557.84,0.031187030248721177
committee,D,HMP,NM-02,H,2026-09-21,96667.0,96667.0,17550567.74,0.005507912987890613
committee,D,HMP,NM-02,H,2026-09-28,107333.0,204000.0,11889557.84,0.009027501396132658
committee,D,HMP,NY-17,H,2026-09-14,124753.78,124753.78,12952886.750000002,0.009631349552253282
committee,D,HMP,NY-17,H,2026-09-21,203418.91,328172.69,17550567.74,0.01159044613333973
committee,D,HMP,NY-17,H,2026-09-28,197535.87,525708.56,11889557.84,0.016614231803930565
committee,D,HMP,OH-09,H,2026-08-31,382473.52,382473.52,503692.06,0.7593399824488002
committee,D,HMP,OH-09,H,2026-09-07,444153.15,826626.67,5096030.0200000005,0.08715669810752018
committee,D,HMP,OH-09,H,2026-09-14,402328.17,1228954.84,12952886.750000002,0.03106088841547232
committee,D,HMP,OH-09,H,2026-09-21,524455.6,1753410.44,17550567.74,0.029882543275491783
committee,D,HMP,OH-09,H,2026-09-28,259706.67,2013117.1099999999,11889557.84,0.02184325720896615
committee,D,HMP,OH-15,H,2026-09-14,43808.38,43808.38,12952886.750000002,0.003382132558211396
committee,D,HMP,OH-15,H,2026-09-21,87132.37,130940.75,17550567.74,0.004964646801790584
committee,D,HMP,OH-15,H,2026-09-28,85058.28,215999.03,11889557.84,0.007154032231025338
committee,D,HMP,PA-01,H,2026-09-14,44171.54,44171.54,12952886.750000002,0.0034101695515866373
committee,D,HMP,PA-01,H,2026-09-21,101933.67,146105.21,17550567.74,0.005807998436864243
committee,D,HMP,PA-01,H,2026-09-28,289936.59,436041.80000000005,11889557.84,0.024385817698330828
committee,D,HMP,PA-07,H,2026-09-07,41304.46,41304.46,5096030.0200000005,0.008105223053611445
committee,D,HMP,PA-07,H,2026-09-14,212693.39,253997.85,12952886.750000002,0.016420539614460845
committee,D,HMP,PA-07,H,2026-09-21,170226.32,424224.17000000004,17550567.74,0.00969919164563733
committee,D,HMP,PA-07,H,2026-09-28,220116.39,644340.56,11889557.84,0.018513421017177206
committee,D,HMP,PA-08,H,2026-09-07,186357.22,186357.22,5096030.0200000005,0.036569097762104624
committee,D,HMP,PA-08,H,2026-09-14,508947.88,695305.1,12952886.750000002,0.03929223576358374
committee,D,HMP,PA-08,H,2026-09-21,520597.13,1215902.23,17550567.74,0.029662694547110992
committee,D,HMP,PA-08,H,2026-09-28,68924.27,1284826.5,11889557.84,0.005797042322980112
committee,D,HMP,PA-10,H,2026-09-14,24881.92,24881.92,12952886.750000002,0.001920955573860784
committee,D,HMP,PA-10,H,2026-09-21,20446.92,45328.84,17550567.74,0.0011650289781451823
committee,D,HMP,PA-10,H,2026-09-28,720225.72,765554.5599999999,11889557.84,0.06057632501495951
committee,D,HMP,TX-15,H,2026-08-31,17324.0,17324.0,503692.06,0.034394030352592815
committee,D,HMP,TX-15,H,2026-09-07,13824.0,31148.0,5096030.0200000005,0.002712699875343356
committee,D,HMP,TX-15,H,2026-09-14,684149.62,715297.62,12952886.750000002,0.05281831248929895
committee,D,HMP,TX-15,H,2026-09-21,889975.0,1605272.62,17550567.74,0.0507091857758899
committee,D,HMP,TX-15,H,2026-09-28,258525.0,1863797.62,11889557.84,0.021743869997439703
committee,D,HMP,TX-28,H,2026-09-14,244315.39,244315.39,12952886.750000002,0.01886184869175977
committee,D,HMP,TX-28,H,2026-09-21,189240.69999999998,433556.08999999997,17550567.74,0.010782597053467171
committee,D,HMP,TX-28,H,2026-09-28,211916.6,645472.69,11889557.84,0.01782375785977925
committee,D,HMP,TX-34,H,2026-08-31,29930.33,29930.33,503692.06,0.05942188169493877
committee,D,HMP,TX-34,H,2026-09-07,25920.0,55850.33,5096030.0200000005,0.005086312266268792
committee,D,HMP,TX-34,H,2026-09-14,1390039.64,1445889.97,12952886.750000002,0.10731504620002948
committee,D,HMP,TX-34,H,2026-09-21,1178335.88,2624225.8499999996,17550567.74,0.06713947363163762
committee,D,HMP,TX-34,H,2026-09-28,268662.26,2892888.1099999994,11889557.84,0.02259648875218391
committee,D,HMP,TX-35,H,2026-09-28,80334.67,80334.67,11889557.84,0.00675674159468995
committee,D,HMP,VA-01,H,2026-09-14,796891.0,796891.0,12952886.750000002,0.061522270315534096
committee,D,HMP,VA-01,H,2026-09-21,700684.68,1497575.6800000002,17550567.74,0.0399237614634568
committee,D,HMP,VA-01,H,2026-09-28,245758.55,1743334.2300000002,11889557.84,0.020670116862815145
committee,D,HMP,VA-02,H,2026-09-07,242550.0,242550.0,5096030.0200000005,0.047595873463869426
committee,D,HMP,VA-02,H,2026-09-14,454500.0,697050.0,12952886.750000002,0.035088703296197656
committee,D,HMP,VA-02,H,2026-09-21,537748.72,1234798.72,17550567.74,0.030639961508162585
committee,D,HMP,VA-02,H,2026-09-28,120450.76,1355249.48,11889557.84,0.010130802307447288
committee,D,HMP,WA-03,H,2026-09-07,122686.91,122686.91,5096030.0200000005,0.02407499750168269
committee,D,HMP,WA-03,H,2026-09-14,103850.0,226536.91,12952886.750000002,0.008017517793861664
committee,D,HMP,WA-03,H,2026-09-21,106959.0,333495.91000000003,17550567.74,0.006094332763733147
committee,D,HMP,WA-03,H,2026-09-28,347424.14,680920.05,11889557.84,0.029220947042383875
committee,D,HMP,WI-03,H,2026-09-14,949213.38,949213.38,12952886.750000002,0.0732819948418062
committee,D,HMP,WI-03,H,2026-09-21,289254.39,1238467.77,17550567.74,0.01648119845950921
committee,D,HMP,WI-03,H,2026-09-28,668670.02,1907137.79,11889557.84,0.05624010825283979
committee,D,WinSenate,AK-SEN,S,2026-08-31,523902.65,523902.65,13189451.32,0.039721337703075885
committee,D,WinSenate,AK-SEN,S,2026-09-07,484648.77,1008551.42,14414812.209999999,0.033621580561679756
committee,D,WinSenate,AK-SEN,S,2026-09-14,489054.37000000005,1497605.79,16604861.379999999,0.02945248134314748
committee,D,WinSenate,AK-SEN,S,2026-09-21,483311.44,1980917.23,22501101.71,0.021479456705233477
committee,D,WinSenate,AK-SEN,S,2026-09-28,554047.5,2534964.73,23984481.32,0.023100249390758974
committee,D,WinSenate,IA-SEN,S,2026-08-17,1303400.82,1303400.82,3872123.9,0.3366113413881204
committee,D,WinSenate,IA-SEN,S,2026-08-24,483016.0,1786416.82,3042510.08,0.15875575998091682
committee,D,WinSenate,IA-SEN,S,2026-08-31,1744049.27,3530466.09,13189451.32,0.13223061579183265
committee,D,WinSenate,IA-SEN,S,2026-09-07,1811799.02,5342265.109999999,14414812.209999999,0.12569008833449105
committee,D,WinSenate,IA-SEN,S,2026-09-14,1847936.73,7190201.84,16604861.379999999,0.11128889833586796
committee,D,WinSenate,IA-SEN,S,2026-09-21,2780384.26,9970586.1,22501101.71,0.12356658335375346
committee,D,WinSenate,IA-SEN,S,2026-09-28,3335764.07,13306350.17,23984481.32,0.1390801003988524
committee,D,WinSenate,ME-SEN,S,2026-08-31,2253701.5,2253701.5,13189451.32,0.17087151279618204
committee,D,WinSenate,ME-SEN,S,2026-09-07,2775945.38,5029646.88,14414812.209999999,0.19257589620725277
committee,D,WinSenate,ME-SEN,S,2026-09-14,2907520.58,7937167.46,16604861.379999999,0.17510056323035683
committee,D,WinSenate,ME-SEN,S,2026-09-21,2354595.8299999996,10291763.29,22501101.71,0.10464357969430287
committee,D,WinSenate,ME-SEN,S,2026-09-28,3912565.43,14204328.719999999,23984481.32,0.16312904072423778
committee,D,WinSenate,MI-SEN,S,2026-08-17,951774.45,951774.45,3872123.9,0.24580165164652917
committee,D,WinSenate,MI-SEN,S,2026-08-24,941045.45,1892819.9,3042510.08,0.3092990410076143
committee,D,WinSenate,MI-SEN,S,2026-08-31,1791451.45,3684271.3499999996,13189451.32,0.13582456210922958
committee,D,WinSenate,MI-SEN,S,2026-09-07,2297700.6399999997,5981971.989999999,14414812.209999999,0.1593985829663472
committee,D,WinSenate,MI-SEN,S,2026-09-14,1062651.0,7044622.989999999,16604861.379999999,0.06399637887251065
committee,D,WinSenate,MI-SEN,S,2026-09-21,2957362.06,10001985.049999999,22501101.71,0.13143187823046376
committee,D,WinSenate,MI-SEN,S,2026-09-28,5968811.79,15970796.84,23984481.32,0.24886140793975695
committee,D,WinSenate,NC-SEN,S,2026-07-20,782663.51,782663.51,782663.51,1.0
committee,D,WinSenate,NC-SEN,S,2026-07-27,2338131.36,3120794.87,2338131.36,1.0
committee,D,WinSenate,NC-SEN,S,2026-08-03,749383.33,3870178.2,749383.33,1.0
committee,D,WinSenate,NC-SEN,S,2026-08-10,1670577.29,5540755.49,1670577.29,1.0
committee,D,WinSenate,NC-SEN,S,2026-08-17,1616948.63,7157704.12,3872123.9,0.41758700696535045
committee,D,WinSenate,NC-SEN,S,2026-08-24,1618448.63,8776152.75,3042510.08,0.5319451990114688
committee,D,WinSenate,NC-SEN,S,2026-08-31,3539105.37,12315258.120000001,13189451.32,0.2683284758505026
committee,D,WinSenate,NC-SEN,S,2026-09-07,2317345.7,14632603.82,14414812.209999999,0.16076142139350147
committee,D,WinSenate,NC-SEN,S,2026-09-14,2828742.58,17461346.4,16604861.379999999,0.17035628996018756
committee,D,WinSenate,NC-SEN,S,2026-09-21,1784030.76,19245377.16,22501101.71,0.07928637375151885
committee,D,WinSenate,NC-SEN,S,2026-09-28,2408792.36,21654169.52,23984481.32,0.10043128837609568
committee,D,WinSenate,NH-SEN,S,2026-09-07,1072736.01,1072736.01,14414812.209999999,0.07441900694729897
committee,D,WinSenate,NH-SEN,S,2026-09-14,3016722.76,4089458.7699999996,16604861.379999999,0.18167708184746073
committee,D,WinSenate,NH-SEN,S,2026-09-21,1812110.64,5901569.409999999,22501101.71,0.08053430731325732
committee,D,WinSenate,NH-SEN,S,2026-09-28,2771060.24,8672629.649999999,23984481.32,0.11553554996785731
committee,D,WinSenate,OH-SEN,S,2026-08-31,3287241.08,3287241.08,13189451.32,0.24923258748567867
committee,D,WinSenate,OH-SEN,S,2026-09-07,3654636.69,6941877.77,14414812.209999999,0.2535334235894288
committee,D,WinSenate,OH-SEN,S,2026-09-14,4452233.359999999,11394111.129999999,16604861.379999999,0.2681283064104688
committee,D,WinSenate,OH-SEN,S,2026-09-21,10329306.719999999,21723417.849999998,22501101.71,0.45905782095147013
committee,D,WinSenate,OH-SEN,S,2026-09-28,5033439.93,26756857.779999997,23984481.32,0.20986236320244092
committee,D,WinSenate,TX-SEN,S,2026-08-31,50000.0,50000.0,13189451.32,0.0037909082634985606
committee,D,WinSenate,TX-SEN,S,2026-09-07,0.0,50000.0,14414812.209999999,0.0
committee,D,WinSenate,TX-SEN,S,2026-09-14,0.0,50000.0,16604861.379999999,0.0
committee,D,WinSenate,TX-SEN,S,2026-09-21,0.0,50000.0,22501101.71,0.0
committee,D,WinSenate,TX-SEN,S,2026-09-28,0.0,50000.0,23984481.32,0.0
side,R,All R committees,AK-AL,H,2026-08-31,37910.7,37910.7,28165610.62,0.0013459924768355687
side,R,All R committees,AK-AL,H,2026-09-07,75821.4,113732.09999999999,123213039.06000003,0.0006153683131139869
side,R,All R committees,AK-AL,H,2026-09-14,113732.1,227464.2,84878382.30000001,0.0013399418900093716
side,R,All R committees,AK-AL,H,2026-09-21,1318.48,228782.68000000002,94763909.49999999,1.3913313696708558e-05
side,R,All R committees,AK-AL,H,2026-09-28,253061.62,481844.30000000005,158015509.00000003,0.0016014986225181221
side,R,All R committees,AK-SEN,S,2026-08-17,943805.1499999999,943805.1499999999,9646639.760000002,0.09783771069315848
side,R,All R committees,AK-SEN,S,2026-08-24,917484.6599999999,1861289.8099999998,9054699.52,0.10132690300472831
side,R,All R committees,AK-SEN,S,2026-08-31,752938.5,2614228.3099999996,28165610.62,0.026732546656217316
side,R,All R committees,AK-SEN,S,2026-09-07,1335484.95,3949713.26,123213039.06000003,0.0108388280995948
side,R,All R committees,AK-SEN,S,2026-09-14,2996264.11,6945977.369999999,84878382.30000001,0.035300674079882875
side,R,All R committees,AK-SEN,S,2026-09-21,3155158.21,10101135.579999998,94763909.49999999,0.033294935030091816
side,R,All R committees,AK-SEN,S,2026-09-28,3456223.36,13557358.939999998,158015509.00000003,0.021872684408465244
side,R,All R committees,AL-02,H,2026-09-14,32167.06,32167.06,84878382.30000001,0.0003789782407292651
side,R,All R committees,AL-02,H,2026-09-21,256001.12,288168.18,94763909.49999999,0.002701462205925559
side,R,All R committees,AL-02,H,2026-09-28,278259.76,566427.94,158015509.00000003,0.0017609648683282093
side,R,All R committees,AZ-01,H,2026-09-14,1116830.92,1116830.92,84878382.30000001,0.013158013733727814
side,R,All R committees,AZ-01,H,2026-09-21,1054791.99,2171622.91,94763909.49999999,0.011130735272166037
side,R,All R committees,AZ-01,H,2026-09-28,1967226.3599999999,4138849.27,158015509.00000003,0.012449577718349149
side,R,All R committees,AZ-02,H,2026-08-31,27601.02,27601.02,28165610.62,0.0009799546110461708
side,R,All R committees,AZ-02,H,2026-09-07,0.0,27601.02,123213039.06000003,0.0
side,R,All R committees,AZ-02,H,2026-09-14,29315.58,56916.600000000006,84878382.30000001,0.0003453833497484082
side,R,All R committees,AZ-02,H,2026-09-21,0.0,56916.600000000006,94763909.49999999,0.0
side,R,All R committees,AZ-02,H,2026-09-28,0.0,56916.600000000006,158015509.00000003,0.0
side,R,All R committees,AZ-06,H,2026-08-31,440659.89,440659.89,28165610.62,0.01564531640890802
side,R,All R committees,AZ-06,H,2026-09-07,408957.97,849617.86,123213039.06000003,0.003319112758844079
side,R,All R committees,AZ-06,H,2026-09-14,493897.35000000003,1343515.21,84878382.30000001,0.005818882695647228
side,R,All R committees,AZ-06,H,2026-09-21,502590.48,1846105.69,94763909.49999999,0.005303606432573363
side,R,All R committees,AZ-06,H,2026-09-28,737112.29,2583217.98,158015509.00000003,0.004664809768767697
side,R,All R committees,CA-13,H,2026-09-14,642609.96,642609.96,84878382.30000001,0.007570949664529597
side,R,All R committees,CA-13,H,2026-09-21,644340.27,1286950.23,94763909.49999999,0.006799426842979712
side,R,All R committees,CA-13,H,2026-09-28,1594102.68,2881052.91,158015509.00000003,0.010088267221921866
side,R,All R committees,CA-22,H,2026-09-07,784755.64,784755.64,123213039.06000003,0.006369095722229967
side,R,All R committees,CA-22,H,2026-09-14,844843.27,1629598.9100000001,84878382.30000001,0.009953574126965894
side,R,All R committees,CA-22,H,2026-09-21,895297.35,2524896.2600000002,94763909.49999999,0.009447661612145709
side,R,All R committees,CA-22,H,2026-09-28,967990.34,3492886.6,158015509.00000003,0.006125919829806072
side,R,All R committees,CA-48,H,2026-09-07,28609.12,28609.12,123213039.06000003,0.00023219230868957346
side,R,All R committees,CA-48,H,2026-09-14,30716.28,59325.399999999994,84878382.30000001,0.00036188578490379636
side,R,All R committees,CA-48,H,2026-09-21,116396.44,175721.84,94763909.49999999,0.0012282781558310446
side,R,All R committees,CA-48,H,2026-09-28,1903.1599999999999,177625.0,158015509.00000003,1.2044134224824726e-05
side,R,All R committees,CO-03,H,2026-09-14,79424.69999999998,79424.69999999998,84878382.30000001,0.0009357470989406448
side,R,All R committees,CO-03,H,2026-09-21,231715.82,311140.52,94763909.49999999,0.0024451905923108842
side,R,All R committees,CO-03,H,2026-09-28,313181.36,624321.88,158015509.00000003,0.0019819659600628183
side,R,All R committees,CO-05,H,2026-09-07,452206.0,452206.0,123213039.06000003,0.0036701148145513477
side,R,All R committees,CO-05,H,2026-09-14,440920.0,893126.0,84878382.30000001,0.005194726714295542
side,R,All R committees,CO-05,H,2026-09-21,448730.0,1341856.0,94763909.49999999,0.00473524153200961
side,R,All R committees,CO-05,H,2026-09-28,454398.0,1796254.0,158015509.00000003,0.0028756544397170528
side,R,All R committees,CO-08,H,2026-08-31,263000.0,263000.0,28165610.62,0.00933762820015865
side,R,All R committees,CO-08,H,2026-09-07,1384399.18,1647399.18,123213039.06000003,0.011235817171312936
side,R,All R committees,CO-08,H,2026-09-14,1400712.67,3048111.8499999996,84878382.30000001,0.016502584427790158
side,R,All R committees,CO-08,H,2026-09-21,990036.34,4038148.1899999995,94763909.49999999,0.010447398648110862
side,R,All R committees,CO-08,H,2026-09-28,977477.64,5015625.829999999,158015509.00000003,0.006185960138887379
side,R,All R committees,FL-07,H,2026-09-28,73122.76,73122.76,158015509.00000003,0.0004627568550881925
side,R,All R committees,FL-09,H,2026-09-07,70539.16,70539.16,123213039.06000003,0.0005724975257338644
side,R,All R committees,FL-09,H,2026-09-14,70539.16,141078.32,84878382.30000001,0.000831061550521563
side,R,All R committees,FL-09,H,2026-09-21,74484.16,215562.48,94763909.49999999,0.0007859971205599112
side,R,All R committees,FL-09,H,2026-09-28,37683.98,253246.46000000002,158015509.00000003,0.00023848279348326497
side,R,All R committees,FL-14,H,2026-08-31,30353.690000000002,30353.690000000002,28165610.62,0.0010776862042694815
side,R,All R committees,FL-14,H,2026-09-07,121414.76,151768.45,123213039.06000003,0.0009854051237294427
side,R,All R committees,FL-14,H,2026-09-14,0.0,151768.45,84878382.30000001,0.0
side,R,All R committees,FL-14,H,2026-09-21,1737857.41,1889625.8599999999,94763909.49999999,0.018338810831775573
side,R,All R committees,FL-14,H,2026-09-28,3353559.04,5243184.9,158015509.00000003,0.021222974005671805
side,R,All R committees,FL-22,H,2026-09-14,77233.56,77233.56,84878382.30000001,0.0009099320452058143
side,R,All R committees,FL-22,H,2026-09-21,83245.88,160479.44,94763909.49999999,0.0008784555263625972
side,R,All R committees,FL-22,H,2026-09-28,135269.22,295748.66000000003,158015509.00000003,0.0008560502754194841
side,R,All R committees,FL-25,H,2026-09-14,2438754.52,2438754.52,84878382.30000001,0.02873233977740407
side,R,All R committees,FL-25,H,2026-09-21,2448917.96,4887672.48,94763909.49999999,0.0258423061365994
side,R,All R committees,FL-25,H,2026-09-28,2546194.74,7433867.220000001,158015509.00000003,0.01611357490232177
side,R,All R committees,FL-SEN,S,2026-09-21,30000.0,30000.0,94763909.49999999,0.000316576217235951
side,R,All R committees,FL-SEN,S,2026-09-28,0.0,30000.0,158015509.00000003,0.0
side,R,All R committees,GA-SEN,S,2026-08-31,1140479.24,1140479.24,28165610.62,0.04049190537307797
side,R,All R committees,GA-SEN,S,2026-09-07,3124725.94,4265205.18,123213039.06000003,0.025360351175806792
side,R,All R committees,GA-SEN,S,2026-09-14,3695568.92,7960774.1,84878382.30000001,0.04353957768584851
side,R,All R committees,GA-SEN,S,2026-09-21,3055034.06,11015808.16,94763909.49999999,0.032238370874726315
side,R,All R committees,GA-SEN,S,2026-09-28,3650399.92,14666208.08,158015509.00000003,0.023101529356843065
side,R,All R committees,IA-01,H,2026-08-31,747120.35,747120.35,28165610.62,0.026525977372898864
side,R,All R committees,IA-01,H,2026-09-07,778664.32,1525784.67,123213039.06000003,0.00631965842203454
side,R,All R committees,IA-01,H,2026-09-14,823773.91,2349558.58,84878382.30000001,0.00970534413684272
side,R,All R committees,IA-01,H,2026-09-21,927865.94,3277424.52,94763909.49999999,0.009791342979575996
side,R,All R committees,IA-01,H,2026-09-28,1255074.94,4532499.46,158015509.00000003,0.007942732633921394
side,R,All R committees,IA-02,H,2026-09-07,422260.0,422260.0,123213039.06000003,0.003427072355502696
side,R,All R committees,IA-02,H,2026-09-14,663716.26,1085976.26,84878382.30000001,0.007819614865586333
side,R,All R committees,IA-02,H,2026-09-21,880141.69,1966117.95,94763909.49999999,0.009287730895061902
side,R,All R committees,IA-02,H,2026-09-28,787967.6,2754085.55,158015509.00000003,0.004986647228405914
side,R,All R committees,IA-03,H,2026-08-31,410648.4,410648.4,28165610.62,0.014579779772585665
side,R,All R committees,IA-03,H,2026-09-07,533587.65,944236.05,123213039.06000003,0.004330610250918032
side,R,All R committees,IA-03,H,2026-09-14,506494.65,1450730.7000000002,84878382.30000001,0.005967298577979613
side,R,All R committees,IA-03,H,2026-09-21,525402.35,1976133.0500000003,94763909.49999999,0.005544329616329306
side,R,All R committees,IA-03,H,2026-09-28,550814.62,2526947.6700000004,158015509.00000003,0.0034858263184786493
side,R,All R committees,IA-SEN,S,2026-06-01,201209.25,201209.25,599494.25,0.3356316595196701
side,R,All R committees,IA-SEN,S,2026-06-08,0.0,201209.25,0.0,
side,R,All R committees,IA-SEN,S,2026-06-15,0.0,201209.25,0.0,
side,R,All R committees,IA-SEN,S,2026-06-22,0.0,201209.25,0.0,
side,R,All R committees,IA-SEN,S,2026-06-29,0.0,201209.25,0.0,
side,R,All R committees,IA-SEN,S,2026-07-06,0.0,201209.25,0.0,
side,R,All R committees,IA-SEN,S,2026-07-13,0.0,201209.25,0.0,
side,R,All R committees,IA-SEN,S,2026-07-20,0.0,201209.25,117500.0,0.0
side,R,All R committees,IA-SEN,S,2026-07-27,0.0,201209.25,2676813.74,0.0
side,R,All R committees,IA-SEN,S,2026-08-03,0.0,201209.25,3210946.64,0.0
side,R,All R committees,IA-SEN,S,2026-08-10,17880.0,219089.25,6083891.76,0.0029389083016822114
side,R,All R committees,IA-SEN,S,2026-08-17,1865193.79,2084283.04,9646639.760000002,0.19335165782121003
side,R,All R committees,IA-SEN,S,2026-08-24,1829206.59,3913489.63,9054699.52,0.2020173707542313
side,R,All R committees,IA-SEN,S,2026-08-31,1998278.18,5911767.81,28165610.62,0.07094744747273651
side,R,All R committees,IA-SEN,S,2026-09-07,4269555.14,10181322.95,123213039.06000003,0.034651812605002705
side,R,All R committees,IA-SEN,S,2026-09-14,4069750.95,14251073.899999999,84878382.30000001,0.04794802680870603
side,R,All R committees,IA-SEN,S,2026-09-21,5172517.7299999995,19423591.63,94763909.49999999,0.05458320321830961
side,R,All R committees,IA-SEN,S,2026-09-28,4842550.23,24266141.86,158015509.00000003,0.03064604392724514
side,R,All R committees,KY-06,H,2026-09-14,341495.96,341495.96,84878382.30000001,0.00402335613316702
side,R,All R committees,KY-06,H,2026-09-21,295380.3,636876.26,94763909.49999999,0.0031170126006673463
side,R,All R committees,KY-06,H,2026-09-28,432121.62,1068997.88,158015509.00000003,0.0027346785308269956
side,R,All R committees,ME-02,H,2026-09-14,673757.98,673757.98,84878382.30000001,0.007937922021400258
side,R,All R committees,ME-02,H,2026-09-21,756893.01,1430650.99,94763909.49999999,0.00798714419860443
side,R,All R committees,ME-02,H,2026-09-28,917791.81,2348442.8,158015509.00000003,0.005808238797623339
side,R,All R committees,ME-SEN,S,2026-07-20,117500.0,117500.0,117500.0,1.0
side,R,All R committees,ME-SEN,S,2026-07-27,0.0,117500.0,2676813.74,0.0
side,R,All R committees,ME-SEN,S,2026-08-03,175000.0,292500.0,3210946.64,0.05450106140661372
side,R,All R committees,ME-SEN,S,2026-08-10,1503546.04,1796046.04,6083891.76,0.24713556705354667
side,R,All R committees,ME-SEN,S,2026-08-17,1707836.12,3503882.16,9646639.760000002,0.17703948343562897
side,R,All R committees,ME-SEN,S,2026-08-24,1502652.86,5006535.0200000005,9054699.52,0.16595281341815307
side,R,All R committees,ME-SEN,S,2026-08-31,1775833.6600000001,6782368.680000001,28165610.62,0.0630497127848173
side,R,All R committees,ME-SEN,S,2026-09-07,3727639.09,10510007.77,123213039.06000003,0.030253608858594766
side,R,All R committees,ME-SEN,S,2026-09-14,2644796.09,13154803.86,84878382.30000001,0.031159831494573614
side,R,All R committees,ME-SEN,S,2026-09-21,2908517.69,16063321.549999999,94763909.49999999,0.030692250935468218
side,R,All R committees,ME-SEN,S,2026-09-28,4167604.8000000003,20230926.349999998,158015509.00000003,0.026374656680060435
side,R,All R committees,MI-04,H,2026-09-07,927526.83,927526.83,123213039.06000003,0.007527830147492182
side,R,All R committees,MI-04,H,2026-09-14,1004035.6599999999,1931562.4899999998,84878382.30000001,0.011829109283106586
side,R,All R committees,MI-04,H,2026-09-21,1145379.32,3076941.8099999996,94763909.49999999,0.01208666174752953
side,R,All R committees,MI-04,H,2026-09-28,912922.0,3989863.8099999996,158015509.00000003,0.005777420240439816
side,R,All R committees,MI-07,H,2026-08-31,20342.52,20342.52,28165610.62,0.0007222467240087124
side,R,All R committees,MI-07,H,2026-09-07,671053.37,691395.89,123213039.06000003,0.005446285353559234
side,R,All R committees,MI-07,H,2026-09-14,724074.41,1415470.3,84878382.30000001,0.008530728206397496
side,R,All R committees,MI-07,H,2026-09-21,795732.52,2211202.8200000003,94763909.49999999,0.008396999703774359
side,R,All R committees,MI-07,H,2026-09-28,706994.3300000001,2918197.1500000004,158015509.00000003,0.004474208477852639
side,R,All R committees,MI-08,H,2026-09-07,365388.01,365388.01,123213039.06000003,0.002965497911483784
side,R,All R committees,MI-08,H,2026-09-14,393546.21,758934.22,84878382.30000001,0.004636589427553215
side,R,All R committees,MI-08,H,2026-09-21,436953.17000000004,1195887.3900000001,94763909.49999999,0.004610966055595248
side,R,All R committees,MI-08,H,2026-09-28,538104.59,1733991.98,158015509.00000003,0.0034053909860202384
side,R,All R committees,MI-10,H,2026-08-31,18152.28,18152.28,28165610.62,0.0006444838084607447
side,R,All R committees,MI-10,H,2026-09-07,18607.28,36759.56,123213039.06000003,0.00015101713375431772
side,R,All R committees,MI-10,H,2026-09-14,18551.28,55310.84,84878382.30000001,0.0002185630722135004
side,R,All R committees,MI-10,H,2026-09-21,1377988.69,1433299.53,94763909.49999999,0.014541281562470787
side,R,All R committees,MI-10,H,2026-09-28,1355957.29,2789256.8200000003,158015509.00000003,0.008581165852524006
side,R,All R committees,MI-SEN,S,2026-08-03,267500.0,267500.0,3210946.64,0.08330876529296669
side,R,All R committees,MI-SEN,S,2026-08-10,1897235.63,2164735.63,6083891.76,0.31184572389565324
side,R,All R committees,MI-SEN,S,2026-08-17,2227676.16,4392411.79,9646639.760000002,0.23092768211757084
side,R,All R committees,MI-SEN,S,2026-08-24,2188236.65,6580648.4399999995,9054699.52,0.2416686103350672
side,R,All R committees,MI-SEN,S,2026-08-31,3165898.11,9746546.549999999,28165610.62,0.1124029637671672
side,R,All R committees,MI-SEN,S,2026-09-07,8010722.3,17757268.849999998,123213039.06000003,0.06501521560635384
side,R,All R committees,MI-SEN,S,2026-09-14,8533689.65,26290958.5,84878382.30000001,0.10054020138882877
side,R,All R committees,MI-SEN,S,2026-09-21,8618235.93,34909194.43,94763909.49999999,0.09094428433221195
side,R,All R committees,MI-SEN,S,2026-09-28,9982665.41,44891859.84,158015509.00000003,0.06317522547739285
side,R,All R committees,MT-01,H,2026-08-31,48836.33,48836.33,28165610.62,0.0017338992098868973
side,R,All R committees,MT-01,H,2026-09-07,65225.76,114062.09,123213039.06000003,0.000529373843041381
side,R,All R committees,MT-01,H,2026-09-14,32612.88,146674.97,84878382.30000001,0.00038423069710177545
side,R,All R committees,MT-01,H,2026-09-21,665467.79,812142.76,94763909.49999999,0.007022375855018942
side,R,All R committees,MT-01,H,2026-09-28,651992.35,1464135.1099999999,158015509.00000003,0.004126128847263972
side,R,All R committees,NC-01,H,2026-09-07,41754.5,41754.5,123213039.06000003,0.00033888053016586304
side,R,All R committees,NC-01,H,2026-09-14,1214499.6600000001,1256254.1600000001,84878382.30000001,0.014308704137496268
side,R,All R committees,NC-01,H,2026-09-21,1284649.04,2540903.2,94763909.49999999,0.013556311118633198
side,R,All R committees,NC-01,H,2026-09-28,1657219.12,4198122.32,158015509.00000003,0.010487699153631812
side,R,All R committees,NC-11,H,2026-09-07,492010.0,492010.0,123213039.06000003,0.003993165039622226
side,R,All R committees,NC-11,H,2026-09-14,604464.4,1096474.4,84878382.30000001,0.007121535349996886
side,R,All R committees,NC-11,H,2026-09-21,720508.18,1816982.58,94763909.49999999,0.007603191803731991
side,R,All R committees,NC-11,H,2026-09-28,1114873.62,2931856.2,158015509.00000003,0.00705546959950621
side,R,All R committees,NC-SEN,S,2026-02-16,315829.93,315829.93,315829.93,1.0
side,R,All R committees,NC-SEN,S,2026-02-23,0.0,315829.93,0.0,
side,R,All R committees,NC-SEN,S,2026-03-02,0.0,315829.93,0.0,
side,R,All R committees,NC-SEN,S,2026-03-09,0.0,315829.93,0.0,
side,R,All R committees,NC-SEN,S,2026-03-16,0.0,315829.93,0.0,
side,R,All R committees,NC-SEN,S,2026-03-23,0.0,315829.93,0.0,
side,R,All R committees,NC-SEN,S,2026-03-30,265059.3,580889.23,265059.3,1.0
side,R,All R committees,NC-SEN,S,2026-04-06,0.0,580889.23,0.0,
side,R,All R committees,NC-SEN,S,2026-04-13,0.0,580889.23,0.0,
side,R,All R committees,NC-SEN,S,2026-04-20,0.0,580889.23,0.0,
side,R,All R committees,NC-SEN,S,2026-04-27,0.0,580889.23,0.0,
side,R,All R committees,NC-SEN,S,2026-05-04,0.0,580889.23,0.0,
side,R,All R committees,NC-SEN,S,2026-05-11,0.0,580889.23,0.0,
side,R,All R committees,NC-SEN,S,2026-05-18,0.0,580889.23,0.0,
side,R,All R committees,NC-SEN,S,2026-05-25,0.0,580889.23,0.0,
side,R,All R committees,NC-SEN,S,2026-06-01,151209.25,732098.48,599494.25,0.2522280238717886
side,R,All R committees,NC-SEN,S,2026-06-08,0.0,732098.48,0.0,
side,R,All R committees,NC-SEN,S,2026-06-15,0.0,732098.48,0.0,
side,R,All R committees,NC-SEN,S,2026-06-22,0.0,732098.48,0.0,
side,R,All R committees,NC-SEN,S,2026-06-29,0.0,732098.48,0.0,
side,R,All R committees,NC-SEN,S,2026-07-06,0.0,732098.48,0.0,
side,R,All R committees,NC-SEN,S,2026-07-13,0.0,732098.48,0.0,
side,R,All R committees,NC-SEN,S,2026-07-20,0.0,732098.48,117500.0,0.0
side,R,All R committees,NC-SEN,S,2026-07-27,2676813.74,3408912.22,2676813.74,1.0
side,R,All R committees,NC-SEN,S,2026-08-03,2768446.64,6177358.86,3210946.64,0.8621901733004196
side,R,All R committees,NC-SEN,S,2026-08-10,2665230.09,8842588.95,6083891.76,0.43807980074911784
side,R,All R committees,NC-SEN,S,2026-08-17,2902128.54,11744717.489999998,9646639.760000002,0.30084346593243155
side,R,All R committees,NC-SEN,S,2026-08-24,2617118.76,14361836.249999998,9054699.52,0.28903430248782014
side,R,All R committees,NC-SEN,S,2026-08-31,2505858.94,16867695.189999998,28165610.62,0.08896874183940556
side,R,All R committees,NC-SEN,S,2026-09-07,7926672.84,24794368.029999997,123213039.06000003,0.06433306815961266
side,R,All R committees,NC-SEN,S,2026-09-14,7596563.28,32390931.31,84878382.30000001,0.0894993881145164
side,R,All R committees,NC-SEN,S,2026-09-21,5863687.29,38254618.6,94763909.49999999,0.06187679804409084
side,R,All R committees,NC-SEN,S,2026-09-28,1923364.08,40177982.68,158015509.00000003,0.012171995598229537
side,R,All R committees,NE-02,H,2026-09-07,444590.0,444590.0,123213039.06000003,0.0036083031746623967
side,R,All R committees,NE-02,H,2026-09-14,496675.1,941265.1,84878382.30000001,0.005851608931995396
side,R,All R committees,NE-02,H,2026-09-21,378776.85,1320041.95,94763909.49999999,0.003997058078318308
side,R,All R committees,NE-02,H,2026-09-28,259348.28,1579390.23,158015509.00000003,0.0016412837046267399
side,R,All R committees,NE-SEN,S,2026-06-01,100000.0,100000.0,599494.25,0.16680727129576306
side,R,All R committees,NE-SEN,S,2026-06-08,0.0,100000.0,0.0,
side,R,All R committees,NE-SEN,S,2026-06-15,0.0,100000.0,0.0,
side,R,All R committees,NE-SEN,S,2026-06-22,0.0,100000.0,0.0,
side,R,All R committees,NE-SEN,S,2026-06-29,0.0,100000.0,0.0,
side,R,All R committees,NE-SEN,S,2026-07-06,0.0,100000.0,0.0,
side,R,All R committees,NE-SEN,S,2026-07-13,0.0,100000.0,0.0,
side,R,All R committees,NE-SEN,S,2026-07-20,0.0,100000.0,117500.0,0.0
side,R,All R committees,NE-SEN,S,2026-07-27,0.0,100000.0,2676813.74,0.0
side,R,All R committees,NE-SEN,S,2026-08-03,0.0,100000.0,3210946.64,0.0
side,R,All R committees,NE-SEN,S,2026-08-10,0.0,100000.0,6083891.76,0.0
side,R,All R committees,NE-SEN,S,2026-08-17,0.0,100000.0,9646639.760000002,0.0
side,R,All R committees,NE-SEN,S,2026-08-24,0.0,100000.0,9054699.52,0.0
side,R,All R committees,NE-SEN,S,2026-08-31,0.0,100000.0,28165610.62,0.0
side,R,All R committees,NE-SEN,S,2026-09-07,0.0,100000.0,123213039.06000003,0.0
side,R,All R committees,NE-SEN,S,2026-09-14,0.0,100000.0,84878382.30000001,0.0
side,R,All R committees,NE-SEN,S,2026-09-21,0.0,100000.0,94763909.49999999,0.0
side,R,All R committees,NE-SEN,S,2026-09-28,0.0,100000.0,158015509.00000003,0.0
side,R,All R committees,NH-01,H,2026-09-14,24557.26,24557.26,84878382.30000001,0.0002893229033654662
side,R,All R committees,NH-01,H,2026-09-21,55971.3,80528.56,94763909.49999999,0.0005906394142592863
side,R,All R committees,NH-01,H,2026-09-28,60484.36,141012.91999999998,158015509.00000003,0.00038277483256406175
side,R,All R committees,NH-SEN,S,2026-09-07,3303975.29,3303975.29,123213039.06000003,0.026815143228397204
side,R,All R committees,NH-SEN,S,2026-09-14,3267575.83,6571551.12,84878382.30000001,0.03849715017483315
side,R,All R committees,NH-SEN,S,2026-09-21,3260212.6799999997,9831763.8,94763909.49999999,0.03440352658730274
side,R,All R committees,NH-SEN,S,2026-09-28,3708428.4499999997,13540192.25,158015509.00000003,0.02346876248710498
side,R,All R committees,NJ-07,H,2026-09-14,66747.12,66747.12,84878382.30000001,0.00078638539273857
side,R,All R committees,NJ-07,H,2026-09-21,998.36,67745.48,94763909.49999999,1.053523440798947e-05
side,R,All R committees,NJ-07,H,2026-09-28,92830.44,160575.91999999998,158015509.00000003,0.0005874767647016217
side,R,All R committees,NJ-09,H,2026-09-14,74503.22,74503.22,84878382.30000001,0.0008777643727547808
side,R,All R committees,NJ-09,H,2026-09-21,76392.9,150896.12,94763909.49999999,0.0008061391768561428
side,R,All R committees,NJ-09,H,2026-09-28,76708.62,227604.74,158015509.00000003,0.00048544994403049374
side,R,All R committees,NM-02,H,2026-09-14,832753.9299999999,832753.9299999999,84878382.30000001,0.009811142807324685
side,R,All R committees,NM-02,H,2026-09-21,860341.38,1693095.31,94763909.49999999,0.009078787320398596
side,R,All R committees,NM-02,H,2026-09-28,1132247.15,2825342.46,158015509.00000003,0.0071654178578129295
side,R,All R committees,NV-03,H,2026-09-14,98301.04000000001,98301.04000000001,84878382.30000001,0.0011581398859907346
side,R,All R committees,NV-03,H,2026-09-21,1129.44,99430.48000000001,94763909.49999999,1.1918461426499086e-05
side,R,All R committees,NV-03,H,2026-09-28,103321.95999999999,202752.44,158015509.00000003,0.00065387227275267
side,R,All R committees,NY-03,H,2026-09-14,2046013.18,2046013.18,84878382.30000001,0.024105232976382958
side,R,All R committees,NY-03,H,2026-09-21,2121377.98,4167391.16,94763909.49999999,0.0223859272078681
side,R,All R committees,NY-03,H,2026-09-28,2640457.0,6807848.16,158015509.00000003,0.01671011292948466
side,R,All R committees,NY-04,H,2026-09-14,60946.52,60946.52,84878382.30000001,0.0007180452589752054
side,R,All R committees,NY-04,H,2026-09-21,62865.88,123812.4,94763909.49999999,0.000663394749453641
side,R,All R committees,NY-04,H,2026-09-28,63779.08,187591.47999999998,158015509.00000003,0.00040362544413282867
side,R,All R committees,NY-17,H,2026-08-31,258142.91999999998,258142.91999999998,28165610.62,0.009165181024575279
side,R,All R committees,NY-17,H,2026-09-07,225000.0,483142.92,123213039.06000003,0.0018261054326436474
side,R,All R committees,NY-17,H,2026-09-14,246257.16,729400.08,84878382.30000001,0.00290129422035415
side,R,All R committees,NY-17,H,2026-09-21,1212568.29,1941968.37,94763909.49999999,0.012795676079615523
side,R,All R committees,NY-17,H,2026-09-28,1256670.41,3198638.7800000003,158015509.00000003,0.007952829554217996
side,R,All R committees,OH-01,H,2026-09-07,117801.0,117801.0,123213039.06000003,0.0009560757603149081
side,R,All R committees,OH-01,H,2026-09-14,109530.0,227331.0,84878382.30000001,0.0012904345845432068
side,R,All R committees,OH-01,H,2026-09-21,880318.08,1107649.08,94763909.49999999,0.009289592257693843
side,R,All R committees,OH-01,H,2026-09-28,911889.04,2019538.12,158015509.00000003,0.005770883160589002
side,R,All R committees,OH-07,H,2026-09-28,1126780.54,1126780.54,158015509.00000003,0.007130822456167893
side,R,All R committees,OH-09,H,2026-08-31,475298.79,475298.79,28165610.62,0.016875145950590434
side,R,All R committees,OH-09,H,2026-09-07,654714.95,1130013.74,123213039.06000003,0.005313682342346728
side,R,All R committees,OH-09,H,2026-09-14,622602.45,1752616.19,84878382.30000001,0.0073352299269728175
side,R,All R committees,OH-09,H,2026-09-21,727592.9,2480209.09,94763909.49999999,0.007677953598991187
side,R,All R committees,OH-09,H,2026-09-28,717335.79,3197544.88,158015509.00000003,0.00453965433228456
side,R,All R committees,OH-10,H,2026-09-07,77025.0,77025.0,123213039.06000003,0.0006251367597750086
side,R,All R committees,OH-10,H,2026-09-14,72740.0,149765.0,84878382.30000001,0.0008569908854165331
side,R,All R committees,OH-10,H,2026-09-21,76209.0,225974.0,94763909.49999999,0.0008041985646444864
side,R,All R committees,OH-10,H,2026-09-28,72740.0,298714.0,158015509.00000003,0.0004603345612106973
side,R,All R committees,OH-15,H,2026-09-14,59580.73,59580.73,84878382.30000001,0.0007019541181806901
side,R,All R committees,OH-15,H,2026-09-21,122072.47,181653.2,94763909.49999999,0.001288174692708304
side,R,All R committees,OH-15,H,2026-09-28,0.0,181653.2,158015509.00000003,0.0
side,R,All R committees,OH-SEN,S,2026-06-01,147075.75,147075.75,599494.25,0.24533304531277822
side,R,All R committees,OH-SEN,S,2026-06-08,0.0,147075.75,0.0,
side,R,All R committees,OH-SEN,S,2026-06-15,0.0,147075.75,0.0,
side,R,All R committees,OH-SEN,S,2026-06-22,0.0,147075.75,0.0,
side,R,All R committees,OH-SEN,S,2026-06-29,0.0,147075.75,0.0,
side,R,All R committees,OH-SEN,S,2026-07-06,0.0,147075.75,0.0,
side,R,All R committees,OH-SEN,S,2026-07-13,0.0,147075.75,0.0,
side,R,All R committees,OH-SEN,S,2026-07-20,0.0,147075.75,117500.0,0.0
side,R,All R committees,OH-SEN,S,2026-07-27,0.0,147075.75,2676813.74,0.0
side,R,All R committees,OH-SEN,S,2026-08-03,0.0,147075.75,3210946.64,0.0
side,R,All R committees,OH-SEN,S,2026-08-10,0.0,147075.75,6083891.76,0.0
side,R,All R committees,OH-SEN,S,2026-08-17,0.0,147075.75,9646639.760000002,0.0
side,R,All R committees,OH-SEN,S,2026-08-24,0.0,147075.75,9054699.52,0.0
side,R,All R committees,OH-SEN,S,2026-08-31,3564856.15,3711931.9,28165610.62,0.12656768561121293
side,R,All R committees,OH-SEN,S,2026-09-07,15631429.53,19343361.43,123213039.06000003,0.12686505948764148
side,R,All R committees,OH-SEN,S,2026-09-14,14065069.64,33408431.07,84878382.30000001,0.1657085026701787
side,R,All R committees,OH-SEN,S,2026-09-21,15254636.14,48663067.21,94763909.49999999,0.16097516681706767
side,R,All R committees,OH-SEN,S,2026-09-28,15663195.28,64326262.49,158015509.00000003,0.09912441746461732
side,R,All R committees,PA-07,H,2026-09-07,45881.0,45881.0,123213039.06000003,0.0003723713038005475
side,R,All R committees,PA-07,H,2026-09-14,42770.0,88651.0,84878382.30000001,0.0005038974452744724
side,R,All R committees,PA-07,H,2026-09-21,1170824.15,1259475.15,94763909.49999999,0.01235516934851659
side,R,All R committees,PA-07,H,2026-09-28,1528608.6600000001,2788083.81,158015509.00000003,0.009673788792465934
side,R,All R committees,PA-08,H,2026-09-07,548466.88,548466.88,123213039.06000003,0.004451370440858273
side,R,All R committees,PA-08,H,2026-09-14,585381.49,1133848.37,84878382.30000001,0.006896708845498342
side,R,All R committees,PA-08,H,2026-09-21,659730.8300000001,1793579.2000000002,94763909.49999999,0.006961836351844477
side,R,All R committees,PA-08,H,2026-09-28,717212.1799999999,2510791.38,158015509.00000003,0.0045388720672981525
side,R,All R committees,PA-10,H,2026-09-07,655178.71,655178.71,123213039.06000003,0.005317446229704252
side,R,All R committees,PA-10,H,2026-09-14,638642.49,1293821.2,84878382.30000001,0.007524206667166887
side,R,All R committees,PA-10,H,2026-09-21,651908.3300000001,1945729.53,94763909.49999999,0.006879289103200203
side,R,All R committees,PA-10,H,2026-09-28,760250.0,2705979.5300000003,158015509.00000003,0.004811236598301245
side,R,All R committees,SC-01,H,2026-09-14,112271.88,112271.88,84878382.30000001,0.0013227382162301175
side,R,All R committees,SC-01,H,2026-09-21,116578.12000000001,228850.0,94763909.49999999,0.0012301953414026257
side,R,All R committees,SC-01,H,2026-09-28,116092.28,344942.28,158015509.00000003,0.0007346891500377977
side,R,All R committees,TX-09,H,2026-09-07,94014.18,94014.18,123213039.06000003,0.0007630213548601677
side,R,All R committees,TX-09,H,2026-09-14,94014.18,188028.36,84878382.30000001,0.0011076339752530838
side,R,All R committees,TX-09,H,2026-09-21,101624.5,289652.86,94763909.49999999,0.0010723966596164968
side,R,All R committees,TX-09,H,2026-09-28,0.0,289652.86,158015509.00000003,0.0
side,R,All R committees,TX-15,H,2026-09-07,655595.75,655595.75,123213039.06000003,0.005320830936413718
side,R,All R committees,TX-15,H,2026-09-14,596087.25,1251683.0,84878382.30000001,0.007022839430341027
side,R,All R committees,TX-15,H,2026-09-21,628130.22,1879813.22,94763909.49999999,0.0066283696326395235
side,R,All R committees,TX-15,H,2026-09-28,661695.02,2541508.24,158015509.00000003,0.00418753212382463
side,R,All R committees,TX-23,H,2026-08-31,46023.75,46023.75,28165610.62,0.0016340405546655958
side,R,All R committees,TX-23,H,2026-09-07,0.0,46023.75,123213039.06000003,0.0
side,R,All R committees,TX-23,H,2026-09-14,49427.83,95451.58,84878382.30000001,0.0005823370882034353
side,R,All R committees,TX-23,H,2026-09-21,93525.34,188976.91999999998,94763909.49999999,0.0009869299450968726
side,R,All R committees,TX-23,H,2026-09-28,47509.58,236486.5,158015509.00000003,0.0003006640316552725
side,R,All R committees,TX-28,H,2026-08-31,263133.01,263133.01,28165610.62,0.00934235062573623
side,R,All R committees,TX-28,H,2026-09-07,263271.39,526404.4,123213039.06000003,0.002136716957949531
side,R,All R committees,TX-28,H,2026-09-14,313223.6,839628.0,84878382.30000001,0.0036902635454681603
side,R,All R committees,TX-28,H,2026-09-21,1151771.77,1991399.77,94763909.49999999,0.012154118335525195
side,R,All R committees,TX-28,H,2026-09-28,1065977.94,3057377.71,158015509.00000003,0.006746033644077302
side,R,All R committees,TX-34,H,2026-09-07,546845.84,546845.84,123213039.06000003,0.004438214041078128
side,R,All R committees,TX-34,H,2026-09-14,1131554.54,1678400.38,84878382.30000001,0.013331480988887789
side,R,All R committees,TX-34,H,2026-09-21,1303721.82,2982122.2,94763909.49999999,0.013757577403452317
side,R,All R committees,TX-34,H,2026-09-28,1410653.42,4392775.62,158015509.00000003,0.008927309913611072
side,R,All R committees,TX-35,H,2026-09-07,879692.24,879692.24,123213039.06000003,0.0071396034600820415
side,R,All R committees,TX-35,H,2026-09-14,750381.0,1630073.24,84878382.30000001,0.008840660951192514
side,R,All R committees,TX-35,H,2026-09-21,817698.5800000001,2447771.8200000003,94763909.49999999,0.008628797443186956
side,R,All R committees,TX-35,H,2026-09-28,823739.01,3271510.83,158015509.00000003,0.005213026336547762
side,R,All R committees,TX-SEN,S,2026-08-31,10000000.0,10000000.0,28165610.62,0.3550428973444354
side,R,All R committees,TX-SEN,S,2026-09-07,62372504.15,72372504.15,123213039.06000003,0.506216749670682
side,R,All R committees,TX-SEN,S,2026-09-14,12052504.620000001,84425008.77000001,84878382.30000001,0.14199734129475744
side,R,All R committees,TX-SEN,S,2026-09-21,11306644.39,95731653.16000001,94763909.49999999,0.11931382368727625
side,R,All R committees,TX-SEN,S,2026-09-28,66448929.82,162180582.98000002,158015509.00000003,0.4205215693100099
side,R,All R committees,VA-01,H,2026-09-21,143399.0,143399.0,94763909.49999999,0.0015132237658472714
side,R,All R committees,VA-01,H,2026-09-28,0.0,143399.0,158015509.00000003,0.0
side,R,All R committees,VA-02,H,2026-09-07,79115.56,79115.56,123213039.06000003,0.0006421037952117531
side,R,All R committees,VA-02,H,2026-09-14,518720.82999999996,597836.3899999999,84878382.30000001,0.006111342086688189
side,R,All R committees,VA-02,H,2026-09-21,681113.49,1278949.88,94763909.49999999,0.007187477739085893
side,R,All R committees,VA-02,H,2026-09-28,1188230.96,2467180.84,158015509.00000003,0.007519710992419103
side,R,All R committees,VA-05,H,2026-09-21,114025.16,114025.16,94763909.49999999,0.0012032551274174692
side,R,All R committees,VA-05,H,2026-09-28,173422.86,287448.02,158015509.00000003,0.0010975053087985177
side,R,All R committees,WA-03,H,2026-08-31,84689.25,84689.25,28165610.62,0.0030068316693927224
side,R,All R committees,WA-03,H,2026-09-07,559678.29,644367.54,123213039.06000003,0.004542362515118697
side,R,All R committees,WA-03,H,2026-09-14,1357687.42,2002054.96,84878382.30000001,0.015995679738585213
side,R,All R committees,WA-03,H,2026-09-21,1553301.68,3555356.6399999997,94763909.49999999,0.016391279002688258
side,R,All R committees,WA-03,H,2026-09-28,1336159.4,4891516.039999999,158015509.00000003,0.008455875049581365
side,R,All R committees,WI-01,H,2026-08-31,89554.94,89554.94,28165610.62,0.0031795845369107074
side,R,All R committees,WI-01,H,2026-09-07,0.0,89554.94,123213039.06000003,0.0
side,R,All R committees,WI-01,H,2026-09-14,98829.42,188384.36,84878382.30000001,0.001164365028196349
side,R,All R committees,WI-01,H,2026-09-21,183095.04,371479.4,94763909.49999999,0.001932117838595505
side,R,All R committees,WI-01,H,2026-09-28,40650.43,412129.83,158015509.00000003,0.00025725595074341717
side,R,All R committees,WI-03,H,2026-09-07,20678.09,20678.09,123213039.06000003,0.0001678238777141968
side,R,All R committees,WI-03,H,2026-09-14,43679.18,64357.270000000004,84878382.30000001,0.000514609006632776
side,R,All R committees,WI-03,H,2026-09-21,894116.8200000001,958474.0900000001,94763909.49999999,0.009435204021421258
side,R,All R committees,WI-03,H,2026-09-28,1214976.4,2173450.49,158015509.00000003,0.007688969315030968
side,D,All D committees,AK-AL,H,2026-09-14,188949.62,188949.62,29557748.13,0.0063925580246833235
side,D,All D committees,AK-AL,H,2026-09-21,175147.0,364096.62,40051669.45000002,0.004373026203530698
side,D,All D committees,AK-AL,H,2026-09-28,243057.0,607153.62,35874039.160000004,0.006775289476491723
side,D,All D committees,AK-SEN,S,2026-08-31,523902.65,523902.65,13693143.379999999,0.03826021793981975
side,D,All D committees,AK-SEN,S,2026-09-07,484648.77,1008551.42,19510842.23,0.024839971759640436
side,D,All D committees,AK-SEN,S,2026-09-14,489054.37000000005,1497605.79,29557748.13,0.016545724926305475
side,D,All D committees,AK-SEN,S,2026-09-21,483311.44,1980917.23,40051669.45000002,0.012067198362439292
side,D,All D committees,AK-SEN,S,2026-09-28,554047.5,2534964.73,35874039.160000004,0.015444246395810645
side,D,All D committees,AZ-01,H,2026-09-21,794162.5,794162.5,40051669.45000002,0.019828449373163387
side,D,All D committees,AZ-01,H,2026-09-28,205921.3,1000083.8,35874039.160000004,0.005740120288144324
side,D,All D committees,AZ-06,H,2026-08-31,18188.0,18188.0,13693143.379999999,0.0013282560107100844
side,D,All D committees,AZ-06,H,2026-09-07,652456.66,670644.66,19510842.23,0.03344072246131837
side,D,All D committees,AZ-06,H,2026-09-14,583149.16,1253793.82,29557748.13,0.019729147072882917
side,D,All D committees,AZ-06,H,2026-09-21,570452.26,1824246.08,40051669.45000002,0.014242908418889883
side,D,All D committees,AZ-06,H,2026-09-28,230629.57,2054875.6500000001,35874039.160000004,0.006428870999760596
side,D,All D committees,CA-13,H,2026-09-28,183358.48,183358.48,35874039.160000004,0.005111174662608023
side,D,All D committees,CA-22,H,2026-08-31,30676.21,30676.21,13693143.379999999,0.0022402606288929403
side,D,All D committees,CA-22,H,2026-09-07,758508.33,789184.5399999999,19510842.23,0.03887624742481452
side,D,All D committees,CA-22,H,2026-09-14,835700.0,1624884.54,29557748.13,0.028273466446917722
side,D,All D committees,CA-22,H,2026-09-21,630570.93,2255455.47,40051669.45000002,0.015743936236845172
side,D,All D committees,CA-22,H,2026-09-28,249738.75,2505194.22,35874039.160000004,0.0069615453360619
side,D,All D committees,CA-48,H,2026-09-14,877199.71,877199.71,29557748.13,0.029677487816119365
side,D,All D committees,CA-48,H,2026-09-21,880987.73,1758187.44,40051669.45000002,0.02199627985794234
side,D,All D committees,CA-48,H,2026-09-28,977812.72,2736000.16,35874039.160000004,0.027256833713062152
side,D,All D committees,CO-05,H,2026-09-14,121016.04000000001,121016.04000000001,29557748.13,0.004094223939785632
side,D,All D committees,CO-05,H,2026-09-21,111456.0,232472.04,40051669.45000002,0.002782805349453416
side,D,All D committees,CO-05,H,2026-09-28,0.0,232472.04,35874039.160000004,0.0
side,D,All D committees,CO-08,H,2026-08-31,25100.0,25100.0,13693143.379999999,0.001833034191160277
side,D,All D committees,CO-08,H,2026-09-07,751145.38,776245.38,19510842.23,0.03849887007158686
side,D,All D committees,CO-08,H,2026-09-14,729054.84,1505300.22,29557748.13,0.024665439220656896
side,D,All D committees,CO-08,H,2026-09-21,711944.0,2217244.2199999997,40051669.45000002,0.017775638563300878
side,D,All D committees,CO-08,H,2026-09-28,59002.0,2276246.2199999997,35874039.160000004,0.0016446991022351326
side,D,All D committees,FL-13,H,2026-09-28,133338.9,133338.9,35874039.160000004,0.003716863311803331
side,D,All D committees,FL-14,H,2026-09-28,608160.0,608160.0,35874039.160000004,0.016952649164694727
side,D,All D committees,FL-22,H,2026-09-28,104190.89,104190.89,35874039.160000004,0.0029043534667312883
side,D,All D committees,FL-25,H,2026-09-21,668423.04,668423.04,40051669.45000002,0.01668901819022677
side,D,All D committees,FL-25,H,2026-09-28,1428465.0,2096888.04,35874039.160000004,0.03981890619088012
side,D,All D committees,IA-01,H,2026-09-14,32218.91,32218.91,29557748.13,0.0010900326323336866
side,D,All D committees,IA-01,H,2026-09-21,32218.91,64437.82,40051669.45000002,0.0008044336339143532
side,D,All D committees,IA-01,H,2026-09-28,32218.91,96656.73,35874039.160000004,0.0008981121377579495
side,D,All D committees,IA-02,H,2026-09-07,448551.20999999996,448551.20999999996,19510842.23,0.022989843529681392
side,D,All D committees,IA-02,H,2026-09-14,497924.95999999996,946476.1699999999,29557748.13,0.016845835407015494
side,D,All D committees,IA-02,H,2026-09-21,446098.41000000003,1392574.58,40051669.45000002,0.011138072797612182
side,D,All D committees,IA-02,H,2026-09-28,180984.0,1573558.58,35874039.160000004,0.005044985294039579
side,D,All D committees,IA-03,H,2026-09-07,228928.44,228928.44,19510842.23,0.011733396093378179
side,D,All D committees,IA-03,H,2026-09-14,256775.89,485704.33,29557748.13,0.008687261589436923
side,D,All D committees,IA-03,H,2026-09-21,268219.56,753923.89,40051669.45000002,0.006696838451012431
side,D,All D committees,IA-03,H,2026-09-28,56371.88,810295.77,35874039.160000004,0.0015713836891513276
side,D,All D committees,IA-SEN,S,2026-08-17,1303400.82,1303400.82,3872123.9,0.3366113413881204
side,D,All D committees,IA-SEN,S,2026-08-24,483016.0,1786416.82,3042510.08,0.15875575998091682
side,D,All D committees,IA-SEN,S,2026-08-31,1744049.27,3530466.09,13693143.379999999,0.12736661127402876
side,D,All D committees,IA-SEN,S,2026-09-07,1811799.02,5342265.109999999,19510842.23,0.09286113836819232
side,D,All D committees,IA-SEN,S,2026-09-14,1847936.73,7190201.84,29557748.13,0.06251953707273167
side,D,All D committees,IA-SEN,S,2026-09-21,2780384.26,9970586.1,40051669.45000002,0.06941993425445087
side,D,All D committees,IA-SEN,S,2026-09-28,3335764.07,13306350.17,35874039.160000004,0.09298546102161304
side,D,All D committees,ME-02,H,2026-09-21,1064646.8599999999,1064646.8599999999,40051669.45000002,0.026581834780422604
side,D,All D committees,ME-02,H,2026-09-28,1050342.0,2114988.86,35874039.160000004,0.029278609952880473
side,D,All D committees,ME-SEN,S,2026-08-31,2253701.5,2253701.5,13693143.379999999,0.16458613171988856
side,D,All D committees,ME-SEN,S,2026-09-07,2775945.38,5029646.88,19510842.23,0.14227706560671624
side,D,All D committees,ME-SEN,S,2026-09-14,2907520.58,7937167.46,29557748.13,0.09836745909100485
side,D,All D committees,ME-SEN,S,2026-09-21,2354595.8299999996,10291763.29,40051669.45000002,0.05878895592453259
side,D,All D committees,ME-SEN,S,2026-09-28,3912565.43,14204328.719999999,35874039.160000004,0.10906397834238189
side,D,All D committees,MI-04,H,2026-09-07,663634.6900000001,663634.6900000001,19510842.23,0.03401363622220219
side,D,All D committees,MI-04,H,2026-09-14,593557.73,1257192.42,29557748.13,0.020081290610821645
side,D,All D committees,MI-04,H,2026-09-21,578676.96,1835869.38,40051669.45000002,0.014448260657958659
side,D,All D committees,MI-04,H,2026-09-28,0.0,1835869.38,35874039.160000004,0.0
side,D,All D committees,MI-07,H,2026-09-14,628147.37,628147.37,29557748.13,0.021251529962204873
side,D,All D committees,MI-07,H,2026-09-21,656032.4199999999,1284179.79,40051669.45000002,0.016379652309349606
side,D,All D committees,MI-07,H,2026-09-28,1041352.0199999999,2325531.81,35874039.160000004,0.029028011464098537
side,D,All D committees,MI-10,H,2026-09-14,182161.56,182161.56,29557748.13,0.006162903858535586
side,D,All D committees,MI-10,H,2026-09-21,247854.0,430015.56,40051669.45000002,0.00618835627587054
side,D,All D committees,MI-10,H,2026-09-28,191240.0,621255.56,35874039.160000004,0.005330874484109806
side,D,All D committees,MI-SEN,S,2026-08-17,951774.45,951774.45,3872123.9,0.24580165164652917
side,D,All D committees,MI-SEN,S,2026-08-24,941045.45,1892819.9,3042510.08,0.3092990410076143
side,D,All D committees,MI-SEN,S,2026-08-31,1791451.45,3684271.3499999996,13693143.379999999,0.13082835695831296
side,D,All D committees,MI-SEN,S,2026-09-07,2297700.6399999997,5981971.989999999,19510842.23,0.11776532314258786
side,D,All D committees,MI-SEN,S,2026-09-14,1062651.0,7044622.989999999,29557748.13,0.03595169007213541
side,D,All D committees,MI-SEN,S,2026-09-21,2957362.06,10001985.049999999,40051669.45000002,0.07383867141148591
side,D,All D committees,MI-SEN,S,2026-09-28,5968811.79,15970796.84,35874039.160000004,0.1663824852110687
side,D,All D committees,NC-01,H,2026-09-07,42383.12,42383.12,19510842.23,0.002172285516964072
side,D,All D committees,NC-01,H,2026-09-14,42628.12,85011.24,29557748.13,0.0014421978228014627
side,D,All D committees,NC-01,H,2026-09-21,2618730.96,2703742.2,40051669.45000002,0.06538381535554191
side,D,All D committees,NC-01,H,2026-09-28,162131.63,2865873.83,35874039.160000004,0.004519469616367559
side,D,All D committees,NC-11,H,2026-09-14,708050.9199999999,708050.9199999999,29557748.13,0.023954832989504873
side,D,All D committees,NC-11,H,2026-09-21,691204.32,1399255.2399999998,40051669.45000002,0.017257815454182014
side,D,All D committees,NC-11,H,2026-09-28,128439.0,1527694.2399999998,35874039.160000004,0.0035802770752174197
side,D,All D committees,NC-SEN,S,2026-07-20,782663.51,782663.51,782663.51,1.0
side,D,All D committees,NC-SEN,S,2026-07-27,2338131.36,3120794.87,2338131.36,1.0
side,D,All D committees,NC-SEN,S,2026-08-03,749383.33,3870178.2,749383.33,1.0
side,D,All D committees,NC-SEN,S,2026-08-10,1670577.29,5540755.49,1670577.29,1.0
side,D,All D committees,NC-SEN,S,2026-08-17,1616948.63,7157704.12,3872123.9,0.41758700696535045
side,D,All D committees,NC-SEN,S,2026-08-24,1618448.63,8776152.75,3042510.08,0.5319451990114688
side,D,All D committees,NC-SEN,S,2026-08-31,3539105.37,12315258.120000001,13693143.379999999,0.258458213120675
side,D,All D committees,NC-SEN,S,2026-09-07,2317345.7,14632603.82,19510842.23,0.1187722022802703
side,D,All D committees,NC-SEN,S,2026-09-14,2828742.58,17461346.4,29557748.13,0.09570223575756548
side,D,All D committees,NC-SEN,S,2026-09-21,1784030.76,19245377.16,40051669.45000002,0.04454323089396213
side,D,All D committees,NC-SEN,S,2026-09-28,2408792.36,21654169.52,35874039.160000004,0.06714583627610668
side,D,All D committees,NE-02,H,2026-09-07,473626.45,473626.45,19510842.23,0.02427503868960351
side,D,All D committees,NE-02,H,2026-09-14,395707.6,869334.05,29557748.13,0.01338760984969527
side,D,All D committees,NE-02,H,2026-09-21,395119.0,1264453.05,40051669.45000002,0.009865231722569303
side,D,All D committees,NE-02,H,2026-09-28,101425.0,1365878.05,35874039.160000004,0.002827253422667
side,D,All D committees,NH-SEN,S,2026-09-07,1072736.01,1072736.01,19510842.23,0.05498153269624383
side,D,All D committees,NH-SEN,S,2026-09-14,3016722.76,4089458.7699999996,29557748.13,0.10206199561387222
side,D,All D committees,NH-SEN,S,2026-09-21,1812110.64,5901569.409999999,40051669.45000002,0.045244322268818665
side,D,All D committees,NH-SEN,S,2026-09-28,2771060.24,8672629.649999999,35874039.160000004,0.0772441661124618
side,D,All D committees,NJ-07,H,2026-09-14,296100.23,296100.23,29557748.13,0.010017685674081154
side,D,All D committees,NJ-07,H,2026-09-21,391546.59,687646.8200000001,40051669.45000002,0.00977603668902745
side,D,All D committees,NJ-07,H,2026-09-28,370800.0,1058446.82,35874039.160000004,0.010336165335222318
side,D,All D committees,NM-02,H,2026-09-21,96667.0,96667.0,40051669.45000002,0.0024135573205176335
side,D,All D committees,NM-02,H,2026-09-28,107333.0,204000.0,35874039.160000004,0.002991940760316659
side,D,All D committees,NY-17,H,2026-09-14,124753.78,124753.78,29557748.13,0.004220679445920971
side,D,All D committees,NY-17,H,2026-09-21,203418.91,328172.69,40051669.45000002,0.005078912135084544
side,D,All D committees,NY-17,H,2026-09-28,197535.87,525708.56,35874039.160000004,0.005506373818654213
side,D,All D committees,OH-09,H,2026-08-31,382473.52,382473.52,13693143.379999999,0.027931754556710122
side,D,All D committees,OH-09,H,2026-09-07,444153.15,826626.67,19510842.23,0.022764427325288255
side,D,All D committees,OH-09,H,2026-09-14,402328.17,1228954.84,29557748.13,0.013611597481326803
side,D,All D committees,OH-09,H,2026-09-21,524455.6,1753410.44,40051669.45000002,0.013094475391462109
side,D,All D committees,OH-09,H,2026-09-28,259706.67,2013117.1099999999,35874039.160000004,0.007239404206526489
side,D,All D committees,OH-15,H,2026-09-14,43808.38,43808.38,29557748.13,0.0014821284695749925
side,D,All D committees,OH-15,H,2026-09-21,87132.37,130940.75,40051669.45000002,0.0021754990789778416
side,D,All D committees,OH-15,H,2026-09-28,85058.28,215999.03,35874039.160000004,0.0023710260118922164
side,D,All D committees,OH-SEN,S,2026-08-31,3287241.08,3287241.08,13693143.379999999,0.2400647527580333
side,D,All D committees,OH-SEN,S,2026-09-07,3654636.69,6941877.77,19510842.23,0.18731311785098678
side,D,All D committees,OH-SEN,S,2026-09-14,4452233.359999999,11394111.129999999,29557748.13,0.15062830024866308
side,D,All D committees,OH-SEN,S,2026-09-21,10329306.719999999,21723417.849999998,40051669.45000002,0.2578995298284625
side,D,All D committees,OH-SEN,S,2026-09-28,5033439.93,26756857.779999997,35874039.160000004,0.14030870367149365
side,D,All D committees,PA-01,H,2026-09-14,44171.54,44171.54,29557748.13,0.001494414926527084
side,D,All D committees,PA-01,H,2026-09-21,101933.67,146105.21,40051669.45000002,0.0025450542112171546
side,D,All D committees,PA-01,H,2026-09-28,289936.59,436041.80000000005,35874039.160000004,0.008082072629370458
side,D,All D committees,PA-07,H,2026-09-07,41304.46,41304.46,19510842.23,0.002117000358728235
side,D,All D committees,PA-07,H,2026-09-14,212693.39,253997.85,29557748.13,0.007195859071013744
side,D,All D committees,PA-07,H,2026-09-21,170226.32,424224.17000000004,40051669.45000002,0.004250167904049751
side,D,All D committees,PA-07,H,2026-09-28,220116.39,644340.56,35874039.160000004,0.006135812837195999
side,D,All D committees,PA-08,H,2026-09-07,186357.22,186357.22,19510842.23,0.009551469782962823
side,D,All D committees,PA-08,H,2026-09-14,508947.88,695305.1,29557748.13,0.017218763681237176
side,D,All D committees,PA-08,H,2026-09-21,520597.13,1215902.23,40051669.45000002,0.012998138083854574
side,D,All D committees,PA-08,H,2026-09-28,68924.27,1284826.5,35874039.160000004,0.001921285464750549
side,D,All D committees,PA-10,H,2026-09-14,24881.92,24881.92,29557748.13,0.0008418070243566961
side,D,All D committees,PA-10,H,2026-09-21,20446.92,45328.84,40051669.45000002,0.0005105135511398761
side,D,All D committees,PA-10,H,2026-09-28,720225.72,765554.5599999999,35874039.160000004,0.020076515967096913
side,D,All D committees,TX-15,H,2026-08-31,17324.0,17324.0,13693143.379999999,0.0012651587381538104
side,D,All D committees,TX-15,H,2026-09-07,13824.0,31148.0,19510842.23,0.0007085291263718039
side,D,All D committees,TX-15,H,2026-09-14,684149.62,715297.62,29557748.13,0.02314620237614157
side,D,All D committees,TX-15,H,2026-09-21,889975.0,1605272.62,40051669.45000002,0.02222067175279755
side,D,All D committees,TX-15,H,2026-09-28,258525.0,1863797.62,35874039.160000004,0.007206464787724784
side,D,All D committees,TX-28,H,2026-09-14,244315.39,244315.39,29557748.13,0.008265696998481056
side,D,All D committees,TX-28,H,2026-09-21,189240.69999999998,433556.08999999997,40051669.45000002,0.004724914157105127
side,D,All D committees,TX-28,H,2026-09-28,211916.6,645472.69,35874039.160000004,0.005907241140448149
side,D,All D committees,TX-34,H,2026-08-31,29930.33,29930.33,13693143.379999999,0.002185789571422716
side,D,All D committees,TX-34,H,2026-09-07,25920.0,55850.33,19510842.23,0.0013284921119471325
side,D,All D committees,TX-34,H,2026-09-14,1390039.64,1445889.97,29557748.13,0.04702792763123799
side,D,All D committees,TX-34,H,2026-09-21,1178335.88,2624225.8499999996,40051669.45000002,0.02942039361108328
side,D,All D committees,TX-34,H,2026-09-28,268662.26,2892888.1099999994,35874039.160000004,0.007489044063361611
side,D,All D committees,TX-35,H,2026-09-28,80334.67,80334.67,35874039.160000004,0.0022393539138903028
side,D,All D committees,TX-SEN,S,2026-08-31,50000.0,50000.0,13693143.379999999,0.003651462532191787
side,D,All D committees,TX-SEN,S,2026-09-07,0.0,50000.0,19510842.23,0.0
side,D,All D committees,TX-SEN,S,2026-09-14,0.0,50000.0,29557748.13,0.0
side,D,All D committees,TX-SEN,S,2026-09-21,0.0,50000.0,40051669.45000002,0.0
side,D,All D committees,TX-SEN,S,2026-09-28,0.0,50000.0,35874039.160000004,0.0
side,D,All D committees,VA-01,H,2026-09-14,796891.0,796891.0,29557748.13,0.026960477384648452
side,D,All D committees,VA-01,H,2026-09-21,700684.68,1497575.6800000002,40051669.45000002,0.017494518696024038
side,D,All D committees,VA-01,H,2026-09-28,245758.55,1743334.2300000002,35874039.160000004,0.006850596023043422
side,D,All D committees,VA-02,H,2026-09-07,242550.0,242550.0,19510842.23,0.012431549450338617
side,D,All D committees,VA-02,H,2026-09-14,454500.0,697050.0,29557748.13,0.015376678832265293
side,D,All D committees,VA-02,H,2026-09-21,537748.72,1234798.72,40051669.45000002,0.013426374665138952
side,D,All D committees,VA-02,H,2026-09-28,120450.76,1355249.48,35874039.160000004,0.0033576024005209895
side,D,All D committees,WA-03,H,2026-09-07,122686.91,122686.91,19510842.23,0.006288140130176226
side,D,All D committees,WA-03,H,2026-09-14,103850.0,226536.91,29557748.13,0.0035134611589235434
side,D,All D committees,WA-03,H,2026-09-21,106959.0,333495.91000000003,40051669.45000002,0.002670525385552935
side,D,All D committees,WA-03,H,2026-09-28,347424.14,680920.05,35874039.160000004,0.009684555966794567
side,D,All D committees,WI-03,H,2026-09-14,949213.38,949213.38,29557748.13,0.03211385981858964
side,D,All D committees,WI-03,H,2026-09-21,289254.39,1238467.77,40051669.45000002,0.007222030791028609
side,D,All D committees,WI-03,H,2026-09-28,668670.02,1907137.79,35874039.160000004,0.01863938479349087
